EXP,SITE,Year,DOY,AGB,LAI,Yield,STM,LEF,POD,ROT
BR1_13_BRS_291_0_NA_38,BR1,2013,317,266.7,0.4,NA,99.98,166.8,0,NA
BR1_13_BRS_291_0_NA_38,BR1,2013,329,1336,2.02,NA,588.9,747.9,0,NA
BR1_13_BRS_291_0_NA_38,BR1,2013,336,NA,NA,NA,NA,NA,NA,NA
BR1_13_BRS_291_0_NA_38,BR1,2013,350,4337,5.34,NA,2556,1719,61.46,NA
BR1_13_BRS_291_0_NA_38,BR1,2014,6,10193,5.44,NA,5435,2924,1832,NA
BR1_13_BRS_291_0_NA_38,BR1,2014,28,11622,2.26,NA,5516,1157,4948,NA
BR1_13_BRS_291_0_NA_38,BR1,2014,41,7655,0,2965,3510,0,4145,NA
BR1_13_BRS_291_1_NA_37,BR1,2013,317,316.1,0.59,NA,126.4,189.6,0,NA
BR1_13_BRS_291_1_NA_37,BR1,2013,327,NA,NA,NA,NA,NA,NA,NA
BR1_13_BRS_291_1_NA_37,BR1,2013,329,1606,2.77,NA,768,838.1,0,NA
BR1_13_BRS_291_1_NA_37,BR1,2013,350,6388,6.87,NA,3970,2372,45.93,NA
BR1_13_BRS_291_1_NA_37,BR1,2014,6,6717,4.22,NA,4108,1651,957.5,NA
BR1_13_BRS_291_1_NA_37,BR1,2014,28,17810,6.47,NA,7561,2882,7366,NA
BR1_13_BRS_291_1_NA_37,BR1,2014,50,11607,0,5374,4696,0,6910,NA
BR1_13_BRS_318_0_NA_22,BR1,2013,353,240,0.36,NA,93,147,0,NA
BR1_13_BRS_318_0_NA_22,BR1,2014,7,2560,3.17,NA,1310,1251,0,NA
BR1_13_BRS_318_0_NA_22,BR1,2014,12,NA,NA,NA,NA,NA,NA,NA
BR1_13_BRS_318_0_NA_22,BR1,2014,21,6173,6.18,NA,3725,2311,137,NA
BR1_13_BRS_318_0_NA_22,BR1,2014,35,9494,5.38,NA,5030,2529,1935,NA
BR1_13_BRS_318_0_NA_22,BR1,2014,60,7700,1.36,NA,3729,597,3374,NA
BR1_13_BRS_318_0_NA_22,BR1,2014,78,6153,0,2545,2776,0,3377,NA
BR1_13_BRS_318_1_NA_16,BR1,2013,353,229,0.37,NA,86,142,0,NA
BR1_13_BRS_318_1_NA_16,BR1,2014,7,3084,3.54,NA,1636,1448,0,NA
BR1_13_BRS_318_1_NA_16,BR1,2014,21,5097,5.19,NA,3117,1881,98,NA
BR1_13_BRS_318_1_NA_16,BR1,2014,35,7943,4.86,NA,4523,2309,1111,NA
BR1_13_BRS_318_1_NA_16,BR1,2014,60,17438,5.9,NA,6541,2805,8092,NA
BR1_13_BRS_318_1_NA_16,BR1,2014,85,9921,0,5254,3386,0,6536,NA
BR1_14_BRS_008_0_NA_38,BR1,2014,37,406,0.48,NA,166,240,0,NA
BR1_14_BRS_008_0_NA_38,BR1,2014,46,381,0.49,NA,164,217,0,NA
BR1_14_BRS_008_0_NA_38,BR1,2014,60,938,0.83,NA,448,447,44,NA
BR1_14_BRS_008_0_NA_38,BR1,2014,73,1731,0.55,NA,582,613,536,NA
BR1_14_BRS_008_0_NA_38,BR1,2014,97,3462,0.6,NA,796,376,2291,NA
BR1_14_BRS_008_0_NA_38,BR1,2014,100,2761,0,1630,567,0,2194,NA
BR1_14_BRS_008_1_NA_36,BR1,2014,37,499,0.69,NA,205,295,0,NA
BR1_14_BRS_008_1_NA_36,BR1,2014,46,1760,2.82,NA,849,911,0,NA
BR1_14_BRS_008_1_NA_36,BR1,2014,60,3286,4.5,NA,1904,1332,49,NA
BR1_14_BRS_008_1_NA_36,BR1,2014,73,3907,2.74,NA,2064,1244,598,NA
BR1_14_BRS_008_1_NA_36,BR1,2014,97,13296,4.84,NA,4003,2343,6950,NA
BR1_14_BRS_008_1_NA_36,BR1,2014,120,7429,0,4082,2235,0,5194,NA
BR2_13_BRS_274_0_NA_28,BR2,2013,305,261,0.4,NA,85,176,0,NA
BR2_13_BRS_274_0_NA_28,BR2,2013,322,1526,1.09,NA,584,939,3,NA
BR2_13_BRS_274_0_NA_28,BR2,2013,331,NA,NA,NA,NA,NA,NA,NA
BR2_13_BRS_274_0_NA_28,BR2,2013,353,10866,8.99,NA,6790,3614,462,NA
BR2_13_BRS_274_0_NA_28,BR2,2014,2,10068,6.58,NA,5984,2464,1620,NA
BR2_13_BRS_274_0_NA_28,BR2,2014,23,19181,5.03,NA,7147,2560,9474,NA
BR2_13_BRS_274_0_NA_28,BR2,2014,57,14124,0,4224,5311,0,8813,NA
BR2_13_BRS_291_0_NA_28,BR2,2013,322,900,0.49,NA,299,601,0,NA
BR2_13_BRS_291_0_NA_28,BR2,2013,336,NA,NA,NA,NA,NA,NA,NA
BR2_13_BRS_291_0_NA_28,BR2,2013,337,2361,1.98,NA,983,1368,10,NA
BR2_13_BRS_291_0_NA_28,BR2,2013,356,5719,5.87,NA,3527,2095,96,NA
BR2_13_BRS_291_0_NA_28,BR2,2014,14,12052,6.37,NA,6774,3420,1859,NA
BR2_13_BRS_291_0_NA_28,BR2,2014,30,19285,5.36,NA,8581,3105,7599,NA
BR2_13_BRS_291_0_NA_28,BR2,2014,57,10113,0,3919,3958,0,6154,NA
BR2_13_BRS_312_0_NA_28,BR2,2013,340,708,0.97,NA,259,449,0,NA
BR2_13_BRS_312_0_NA_28,BR2,2013,352,NA,NA,NA,NA,NA,NA,NA
BR2_13_BRS_312_0_NA_28,BR2,2013,360,2901,3.85,NA,1541,1357,3,NA
BR2_13_BRS_312_0_NA_28,BR2,2014,8,5875,4.94,NA,3612,2159,105,NA
BR2_13_BRS_312_0_NA_28,BR2,2014,30,10037,4.55,NA,6756,2166,1115,NA
BR2_13_BRS_312_0_NA_28,BR2,2014,43,10352,3.48,NA,5464,1621,3268,NA
BR2_13_BRS_312_0_NA_28,BR2,2014,81,8672,0,2692,3490,0,5182,NA
BR2_13_BRS_329_0_NA_28,BR2,2013,354,445,0.53,NA,152,293,0,NA
BR2_13_BRS_329_0_NA_28,BR2,2014,8,1657,1.26,NA,852,800,5,NA
BR2_13_BRS_329_0_NA_28,BR2,2014,13,NA,NA,NA,NA,NA,NA,NA
BR2_13_BRS_329_0_NA_28,BR2,2014,29,5737,2.92,NA,3528,2103,106,NA
BR2_13_BRS_329_0_NA_28,BR2,2014,43,8388,1.97,NA,5716,1785,887,NA
BR2_13_BRS_329_0_NA_28,BR2,2014,57,7964,2.51,NA,4183,1862,1918,NA
BR2_13_BRS_329_0_NA_28,BR2,2014,93,7776,0,3045,2750,0,5027,NA
BR2_13_BRS_346_0_NA_26,BR2,2014,14,407,0.53,NA,131,276,0,NA
BR2_13_BRS_346_0_NA_26,BR2,2014,30,2064,2.4,NA,1108,936,20,NA
BR2_13_BRS_346_0_NA_26,BR2,2014,42,4899,3.79,NA,3071,1738,90,NA
BR2_13_BRS_346_0_NA_26,BR2,2014,57,6219,2.9,NA,3196,2053,969,NA
BR2_13_BRS_346_0_NA_26,BR2,2014,81,8413,2.58,NA,3025,1446,3941,NA
BR2_13_BRS_346_0_NA_26,BR2,2014,104,7247,0,3224,1800,0,5447,NA
CH1_15_JIU_169_1_NA_9.9,CH1,2015,221,NA,NA,NA,NA,NA,NA,NA
CH1_15_JIU_169_1_NA_9.9,CH1,2015,228,710.333333333333,1.00468,NA,238,472.333333333333,NA,NA
CH1_15_JIU_169_1_NA_9.9,CH1,2015,242,2112.33333333333,2.69923666666667,NA,624.333333333333,1376,112,NA
CH1_15_JIU_169_1_NA_9.9,CH1,2015,256,3522.5,2.88635,NA,899,1815,808.5,NA
CH1_15_JIU_169_1_NA_9.9,CH1,2015,270,4218.5,1.52339,NA,769,997,2452.5,NA
CH1_15_JIU_169_1_NA_9.9,CH1,2015,280,NA,NA,NA,NA,NA,NA,NA
CH1_15_JIU_169_1_NA_9.9,CH1,2015,284,NA,NA,1237.69,NA,NA,NA,NA
CH1_16_JIU_170_1_NA_9.9,CH1,2016,202,140.666666666667,0.1952,NA,43.6666666666667,97,NA,NA
CH1_16_JIU_170_1_NA_9.9,CH1,2016,215,394,0.385666666666667,NA,90.6666666666667,303.333333333333,NA,NA
CH1_16_JIU_170_1_NA_9.9,CH1,2016,222,1385.5,0.3103,NA,365.5,1020,NA,NA
CH1_16_JIU_170_1_NA_9.9,CH1,2016,229,1796.33333333333,2.31626666666667,NA,534,1262.33333333333,NA,NA
CH1_16_JIU_170_1_NA_9.9,CH1,2016,236,2338.33333333333,2.43796666666667,NA,781.333333333333,1555,2,NA
CH1_16_JIU_170_1_NA_9.9,CH1,2016,243,3561,3.84349333333333,NA,1101,1810,650,NA
CH1_16_JIU_170_1_NA_9.9,CH1,2016,247,NA,NA,NA,NA,NA,NA,NA
CH1_16_JIU_170_1_NA_9.9,CH1,2016,259,4328.33333333333,2.61049333333333,NA,1407.66666666667,1711.66666666667,1209,NA
CH1_16_JIU_170_1_NA_9.9,CH1,2016,274,4487.93333333333,2.06335333333333,NA,1289.46666666667,1420.13333333333,1778.33333333333,NA
CH1_16_JIU_170_1_NA_9.9,CH1,2016,281,NA,NA,1122.61,NA,NA,NA,NA
CH1_14_NAN_166_1_NA_9.9,CH1,2014,221,1359.07462586686,2.223184,NA,396.19979600098,962.874829865882,NA,NA
CH1_14_NAN_166_1_NA_9.9,CH1,2014,224,NA,NA,NA,NA,NA,NA,NA
CH1_14_NAN_166_1_NA_9.9,CH1,2014,236,1907.71801071512,2.92784533333333,NA,649.490498020029,1258.22751269509,NA,NA
CH1_14_NAN_166_1_NA_9.9,CH1,2014,249,3440.11833736719,4.1,NA,1388.69835350264,1853.61998386456,197.8,NA
CH1_14_NAN_166_1_NA_9.9,CH1,2014,251,NA,NA,NA,NA,NA,NA,NA
CH1_14_NAN_166_1_NA_9.9,CH1,2014,265,4302.98969669673,3.3008550216,NA,1200.081816817,1697.24121321306,1405.66666666667,NA
CH1_14_NAN_166_1_NA_9.9,CH1,2014,280,4589.88627729245,1.63934533333333,NA,950.741386462234,1302.96489083022,2336.18,NA
CH1_14_NAN_166_1_NA_9.9,CH1,2014,295,NA,NA,1749.47,NA,NA,NA,NA
CH1_15_NAN_169_1_NA_9.9,CH1,2015,214,459.2,0.512612,NA,126.6,332.6,NA,NA
CH1_15_NAN_169_1_NA_9.9,CH1,2015,224,NA,NA,NA,NA,NA,NA,NA
CH1_15_NAN_169_1_NA_9.9,CH1,2015,228,1283.33333333333,1.50687,NA,370.333333333333,913,NA,NA
CH1_15_NAN_169_1_NA_9.9,CH1,2015,242,1385.33333333333,2.04927666666667,NA,475,910.333333333333,NA,NA
CH1_15_NAN_169_1_NA_9.9,CH1,2015,251,NA,NA,NA,NA,NA,NA,NA
CH1_15_NAN_169_1_NA_9.9,CH1,2015,256,2393,3.24019,NA,726,1296.33333333333,370.666666666667,NA
CH1_15_NAN_169_1_NA_9.9,CH1,2015,270,5288.66666666667,3.36201333333333,NA,1087.33333333333,1474.33333333333,2727,NA
CH1_15_NAN_169_1_NA_9.9,CH1,2015,284,4934.66666666667,1.22857666666667,NA,1087.66666666667,1021,2826,NA
CH1_15_NAN_169_1_NA_9.9,CH1,2015,295,NA,NA,1705.25,NA,NA,NA,NA
CH1_16_NAN_170_1_NA_9.9,CH1,2016,202,150.333333333333,0.219233333333333,NA,59.6666666666667,90.6666666666667,NA,NA
CH1_16_NAN_170_1_NA_9.9,CH1,2016,215,595,0.7518,NA,178.333333333333,416.666666666667,NA,NA
CH1_16_NAN_170_1_NA_9.9,CH1,2016,222,1410.1,1.19276666666667,NA,387.1,1023,NA,NA
CH1_16_NAN_170_1_NA_9.9,CH1,2016,225,NA,NA,NA,NA,NA,NA,NA
CH1_16_NAN_170_1_NA_9.9,CH1,2016,229,1947.66666666667,2.37,NA,547.333333333333,1400.33333333333,NA,NA
CH1_16_NAN_170_1_NA_9.9,CH1,2016,236,3491,3.75913333333333,NA,1174,2317,NA,NA
CH1_16_NAN_170_1_NA_9.9,CH1,2016,243,3983,3.83729666666667,NA,1103,2311.33333333333,568.666666666667,NA
CH1_16_NAN_170_1_NA_9.9,CH1,2016,252,NA,NA,NA,NA,NA,NA,NA
CH1_16_NAN_170_1_NA_9.9,CH1,2016,259,4586,4.32553666666667,NA,1031.66666666667,1643,1911.33333333333,NA
CH1_16_NAN_170_1_NA_9.9,CH1,2016,274,4725.2,2.28672,NA,752.066666666667,1293.23333333333,2679.9,NA
CH1_16_NAN_170_1_NA_9.9,CH1,2016,296,NA,NA,1604.91,NA,NA,NA,NA
CH1_14_TEX_166_1_NA_9.9,CH1,2014,205,585.936560396776,0.801794666666667,NA,210.009468650544,375.927091746232,NA,NA
CH1_14_TEX_166_1_NA_9.9,CH1,2014,221,1353.69841068019,2.33624355555556,NA,484.003164512076,869.695246168117,NA,NA
CH1_14_TEX_166_1_NA_9.9,CH1,2014,228,NA,NA,NA,NA,NA,NA,NA
CH1_14_TEX_166_1_NA_9.9,CH1,2014,236,2608.69981161086,3.64022533333333,NA,890.632391387616,1718.06742022324,NA,NA
CH1_14_TEX_166_1_NA_9.9,CH1,2014,249,4338.66621333333,4.3859157588,NA,1723.7275,2498.83288,116.105833333333,NA
CH1_14_TEX_166_1_NA_9.9,CH1,2014,255,NA,NA,NA,NA,NA,NA,NA
CH1_14_TEX_166_1_NA_9.9,CH1,2014,265,5041.67367044467,4.69669083866667,NA,1720.38808555667,2122.23865155466,1199.04693333333,NA
CH1_14_TEX_166_1_NA_9.9,CH1,2014,280,5193.11484797829,2.10065066666667,NA,1704.42884515997,1536.09266948499,1952.59333333333,NA
CH1_14_TEX_166_1_NA_9.9,CH1,2014,295,NA,NA,NA,NA,NA,NA,NA
CH1_14_TEX_166_1_NA_9.9,CH1,2014,305,NA,NA,1645.05,NA,NA,NA,NA
CH1_15_TEX_169_1_NA_9.9,CH1,2015,214,545.4,0.706422,NA,147.8,397.6,NA,NA
CH1_15_TEX_169_1_NA_9.9,CH1,2015,228,836.7,1.66846,NA,238.666666666667,598.033333333333,NA,NA
CH1_15_TEX_169_1_NA_9.9,CH1,2015,242,2410.33333333333,2.84427333333333,NA,807.333333333333,1603,NA,NA
CH1_15_TEX_169_1_NA_9.9,CH1,2015,256,2949.16666666667,3.59601666666667,NA,887.166666666666,1711.83333333333,350.166666666667,NA
CH1_15_TEX_169_1_NA_9.9,CH1,2015,270,3770.33333333333,4.21343333333333,NA,867,1368,1535.33333333333,NA
CH1_15_TEX_169_1_NA_9.9,CH1,2015,284,4231.83333333333,1.38960666666667,NA,873.5,908.333333333333,2450,NA
CH1_15_TEX_169_1_NA_9.9,CH1,2015,295,NA,NA,NA,NA,NA,NA,NA
CH1_15_TEX_169_1_NA_9.9,CH1,2015,305,NA,NA,1734.19,NA,NA,NA,NA
CH1_16_TEX_170_1_NA_9.9,CH1,2016,202,115,0.188966666666667,NA,31.3333333333333,83.6666666666667,NA,NA
CH1_16_TEX_170_1_NA_9.9,CH1,2016,215,676,0.8396,NA,180.333333333333,495.666666666667,NA,NA
CH1_16_TEX_170_1_NA_9.9,CH1,2016,222,1350.33333333333,1.08016666666667,NA,293.666666666667,1056.66666666667,NA,NA
CH1_16_TEX_170_1_NA_9.9,CH1,2016,229,1726.33333333333,2.07113333333333,NA,540,1186.33333333333,NA,NA
CH1_16_TEX_170_1_NA_9.9,CH1,2016,236,3081.33333333333,3.2231,NA,949,2132.33333333333,NA,NA
CH1_16_TEX_170_1_NA_9.9,CH1,2016,243,4115.33333333333,3.9225,NA,1318.33333333333,2268,529,NA
CH1_16_TEX_170_1_NA_9.9,CH1,2016,256,NA,NA,NA,NA,NA,NA,NA
CH1_16_TEX_170_1_NA_9.9,CH1,2016,259,5054.33333333333,4.3918,NA,1446.66666666667,2004.33333333333,1603.33333333333,NA
CH1_16_TEX_170_1_NA_9.9,CH1,2016,274,5113.33333333333,2.52905333333333,NA,1432.33333333333,1502,2179,NA
CH1_16_TEX_170_1_NA_9.9,CH1,2016,296,NA,NA,NA,NA,NA,NA,NA
CH1_16_TEX_170_1_NA_9.9,CH1,2016,306,NA,NA,1654.61,NA,NA,NA,NA
CH1_13_YAAN1_162_1_NA_9.9,CH1,2013,205,NA,NA,NA,NA,NA,NA,NA
CH1_13_YAAN1_162_1_NA_9.9,CH1,2013,211,600.766666666666,0.830867090033333,NA,165.5,435.266666666666,NA,NA
CH1_13_YAAN1_162_1_NA_9.9,CH1,2013,225,1499.83333333333,1.28956067935574,NA,335.333333333333,895.5,269,NA
CH1_13_YAAN1_162_1_NA_9.9,CH1,2013,240,1722.16666666667,0.857233044930572,NA,329,667.333333333334,725.833333333333,NA
CH1_13_YAAN1_162_1_NA_9.9,CH1,2013,267,NA,NA,387.09,NA,NA,NA,NA
CH1_13_YAAN10_162_1_NA_9.9,CH1,2013,211,953.666666666666,1.417334548,NA,357.933333333333,595.733333333333,NA,NA
CH1_13_YAAN10_162_1_NA_9.9,CH1,2013,214,NA,NA,NA,NA,NA,NA,NA
CH1_13_YAAN10_162_1_NA_9.9,CH1,2013,225,1290.2,2.0112735293085,NA,451.8,753.4,85,NA
CH1_13_YAAN10_162_1_NA_9.9,CH1,2013,240,1493,1.74112638297872,NA,585,908,NA,NA
CH1_13_YAAN10_162_1_NA_9.9,CH1,2013,280,NA,NA,1399.618,NA,NA,NA,NA
CH1_13_YAAN11_162_1_NA_9.9,CH1,2013,211,482.933333333334,0.6821834637,NA,150.3,332.633333333334,NA,NA
CH1_13_YAAN11_162_1_NA_9.9,CH1,2013,217,NA,NA,NA,NA,NA,NA,NA
CH1_13_YAAN11_162_1_NA_9.9,CH1,2013,225,1592,1.79179180225628,NA,502.666666666667,1089.33333333333,NA,NA
CH1_13_YAAN11_162_1_NA_9.9,CH1,2013,240,1854,2.15367867345448,NA,589.166666666667,1233.83333333333,31,NA
CH1_13_YAAN11_162_1_NA_9.9,CH1,2013,282,NA,NA,2178.462,NA,NA,NA,NA
CH1_13_YAAN12_162_1_NA_9.9,CH1,2013,211,1230.53333333333,1.48710106333333,NA,394.666666666667,835.866666666667,NA,NA
CH1_13_YAAN12_162_1_NA_9.9,CH1,2013,214,NA,NA,NA,NA,NA,NA,NA
CH1_13_YAAN12_162_1_NA_9.9,CH1,2013,225,1834.8,2.31659574051482,NA,615.2,1219.6,NA,NA
CH1_13_YAAN12_162_1_NA_9.9,CH1,2013,240,2731.8,2.7206206100082,NA,765.4,1760,206.4,NA
CH1_13_YAAN12_162_1_NA_9.9,CH1,2013,283,NA,NA,1190.1659,NA,NA,NA,NA
CH1_13_YAAN13_162_1_NA_9.9,CH1,2013,211,978.833333333334,1.448065026,NA,308.666666666667,670.166666666667,NA,NA
CH1_13_YAAN13_162_1_NA_9.9,CH1,2013,220,NA,NA,NA,NA,NA,NA,NA
CH1_13_YAAN13_162_1_NA_9.9,CH1,2013,225,2201.66666666666,2.71455584520834,NA,761,1440.66666666666,NA,NA
CH1_13_YAAN13_162_1_NA_9.9,CH1,2013,240,2532.66666666666,2.44851703473331,NA,928.5,1571.66666666666,32.5,NA
CH1_13_YAAN13_162_1_NA_9.9,CH1,2013,283,NA,NA,992.409,NA,NA,NA,NA
CH1_13_YAAN14_162_1_NA_9.9,CH1,2013,206,NA,NA,NA,NA,NA,NA,NA
CH1_13_YAAN14_162_1_NA_9.9,CH1,2013,211,1260.23333333333,1.60436000033333,NA,471.7,788.533333333333,NA,NA
CH1_13_YAAN14_162_1_NA_9.9,CH1,2013,225,1398.5,1.71274099847493,NA,475.833333333333,803.666666666666,119,NA
CH1_13_YAAN14_162_1_NA_9.9,CH1,2013,240,2408.4,2.10574664180276,NA,902.4,1315.6,190.4,NA
CH1_13_YAAN14_162_1_NA_9.9,CH1,2013,284,NA,NA,1516.824375,NA,NA,NA,NA
CH1_13_YAAN15_162_1_NA_9.9,CH1,2013,211,1097.31666666667,1.60436000033333,NA,388.9,708.416666666667,NA,NA
CH1_13_YAAN15_162_1_NA_9.9,CH1,2013,215,NA,NA,NA,NA,NA,NA,NA
CH1_13_YAAN15_162_1_NA_9.9,CH1,2013,225,1534.5,1.8420542615894,NA,560.25,974.25,NA,NA
CH1_13_YAAN15_162_1_NA_9.9,CH1,2013,240,2037,2.38313576960838,NA,744.5,1271.5,21,NA
CH1_13_YAAN15_162_1_NA_9.9,CH1,2013,284,NA,NA,1922.426,NA,NA,NA,NA
CH1_13_YAAN16_162_1_NA_9.9,CH1,2013,211,1557.83333333333,1.8276802811,NA,482,1075.83333333333,NA,NA
CH1_13_YAAN16_162_1_NA_9.9,CH1,2013,223,NA,NA,NA,NA,NA,NA,NA
CH1_13_YAAN16_162_1_NA_9.9,CH1,2013,225,1751.6,2.36780223699571,NA,586.6,1165,NA,NA
CH1_13_YAAN16_162_1_NA_9.9,CH1,2013,240,3616.2,3.53195147944477,NA,1382.8,2233.4,NA,NA
CH1_13_YAAN16_162_1_NA_9.9,CH1,2013,284,NA,NA,1757.206,NA,NA,NA,NA
CH1_13_YAAN17_162_1_NA_9.9,CH1,2013,211,761.899999999999,0.9497881438,NA,268.433333333333,493.466666666666,NA,NA
CH1_13_YAAN17_162_1_NA_9.9,CH1,2013,212,NA,NA,NA,NA,NA,NA,NA
CH1_13_YAAN17_162_1_NA_9.9,CH1,2013,225,1609.33333333333,1.62680221022375,NA,576.833333333333,1032.5,NA,NA
CH1_13_YAAN17_162_1_NA_9.9,CH1,2013,240,3487.2,2.65963577384202,NA,1203.2,2061.4,222.6,NA
CH1_13_YAAN17_162_1_NA_9.9,CH1,2013,285,NA,NA,987.855,NA,NA,NA,NA
CH1_13_YAAN18_162_1_NA_9.9,CH1,2013,211,909.133333333334,1.16135215926667,NA,325.266666666667,583.866666666667,NA,NA
CH1_13_YAAN18_162_1_NA_9.9,CH1,2013,221,NA,NA,NA,NA,NA,NA,NA
CH1_13_YAAN18_162_1_NA_9.9,CH1,2013,225,2221.33333333333,2.74103606783936,NA,821.333333333334,1400,NA,NA
CH1_13_YAAN18_162_1_NA_9.9,CH1,2013,240,3367.33333333333,3.59873163127439,NA,1423.5,1943.83333333333,NA,NA
CH1_13_YAAN18_162_1_NA_9.9,CH1,2013,285,NA,NA,1082.895,NA,NA,NA,NA
CH1_13_YAAN19_162_1_NA_9.9,CH1,2013,211,858.599999999999,1.23337702,NA,238.933333333333,619.666666666666,NA,NA
CH1_13_YAAN19_162_1_NA_9.9,CH1,2013,223,NA,NA,NA,NA,NA,NA,NA
CH1_13_YAAN19_162_1_NA_9.9,CH1,2013,225,2070.4,2.71384525172578,NA,697,1373.4,NA,NA
CH1_13_YAAN19_162_1_NA_9.9,CH1,2013,240,3653.8,3.16550911496807,NA,1381.2,2262.6,10,NA
CH1_13_YAAN19_162_1_NA_9.9,CH1,2013,285,NA,NA,1977.2335,NA,NA,NA,NA
CH1_13_YAAN2_162_1_NA_9.9,CH1,2013,205,NA,NA,NA,NA,NA,NA,NA
CH1_13_YAAN2_162_1_NA_9.9,CH1,2013,211,896.033333333333,1.1266253337,NA,279,617.033333333333,NA,NA
CH1_13_YAAN2_162_1_NA_9.9,CH1,2013,225,1908.4,1.51073743684346,NA,528.8,992.2,387.4,NA
CH1_13_YAAN2_162_1_NA_9.9,CH1,2013,240,2137.3,1.07399440898566,NA,570.5,965,601.8,NA
CH1_13_YAAN2_162_1_NA_9.9,CH1,2013,270,NA,NA,112.78575,NA,NA,NA,NA
CH1_13_YAAN20_162_1_NA_9.9,CH1,2013,204,NA,NA,NA,NA,NA,NA,NA
CH1_13_YAAN20_162_1_NA_9.9,CH1,2013,211,784.333333333334,1.14211337156667,NA,252.566666666667,531.766666666667,NA,NA
CH1_13_YAAN20_162_1_NA_9.9,CH1,2013,225,1885.7,3.44443440714565,NA,681.2,1126,78.5,NA
CH1_13_YAAN20_162_1_NA_9.9,CH1,2013,240,3315.83333333333,3.7225137042531,NA,1353.66666666667,1778.66666666666,183.5,NA
CH1_13_YAAN20_162_1_NA_9.9,CH1,2013,287,NA,NA,1964.41575,NA,NA,NA,NA
CH1_14_YAAN2014-1_166_1_NA_9.9,CH1,2014,208,668.005103929351,0.974645053333332,NA,204.792186313419,463.212917615932,NA,NA
CH1_14_YAAN2014-1_166_1_NA_9.9,CH1,2014,221,2062.9637035268,2.71106577777778,NA,998.462962078451,1064.50074144835,NA,NA
CH1_14_YAAN2014-1_166_1_NA_9.9,CH1,2014,228,NA,NA,NA,NA,NA,NA,NA
CH1_14_YAAN2014-1_166_1_NA_9.9,CH1,2014,236,3122.53422350809,3.39621066666667,NA,1371.39111754042,1751.14310596766,NA,NA
CH1_14_YAAN2014-1_166_1_NA_9.9,CH1,2014,249,6501.51585765032,4.35108335386666,NA,3171.92012158494,2891.04656939872,438.549166666667,NA
CH1_14_YAAN2014-1_166_1_NA_9.9,CH1,2014,265,5093.41304044094,3.45021683826667,NA,2357.9152022047,2089.0145049029,646.483333333333,NA
CH1_14_YAAN2014-1_166_1_NA_9.9,CH1,2014,280,NA,NA,690.343333333333,NA,NA,NA,NA
CH1_14_YAAN2014-10_166_1_NA_9.9,CH1,2014,208,840.096666666667,1.35889733333333,NA,256.816666666667,583.28,NA,NA
CH1_14_YAAN2014-10_166_1_NA_9.9,CH1,2014,215,NA,NA,NA,NA,NA,NA,NA
CH1_14_YAAN2014-10_166_1_NA_9.9,CH1,2014,221,1618.01666666667,2.671436,NA,629.216666666667,988.8,NA,NA
CH1_14_YAAN2014-10_166_1_NA_9.9,CH1,2014,236,2785.28916634212,3.27195733333333,NA,1082.95249837724,1702.33666796488,NA,NA
CH1_14_YAAN2014-10_166_1_NA_9.9,CH1,2014,241,NA,NA,NA,NA,NA,NA,NA
CH1_14_YAAN2014-10_166_1_NA_9.9,CH1,2014,249,3672.53869534683,2.8173348152,NA,1225.80014340084,2025.12521861266,421.613333333333,NA
CH1_14_YAAN2014-10_166_1_NA_9.9,CH1,2014,265,4758.41861269738,2.2510373004,NA,1912.15973015356,1890.85888254383,955.399999999995,NA
CH1_14_YAAN2014-10_166_1_NA_9.9,CH1,2014,280,5063.19828268415,1.29177466666667,NA,1868.62641342075,1646.07353593007,1548.49833333333,NA
CH1_14_YAAN2014-10_166_1_NA_9.9,CH1,2014,281,NA,NA,1041.53817,NA,NA,NA,NA
CH1_14_YAAN2014-11_166_1_NA_9.9,CH1,2014,208,585.936560396776,0.801794666666667,NA,210.009468650544,375.927091746232,NA,NA
CH1_14_YAAN2014-11_166_1_NA_9.9,CH1,2014,221,1353.69841068019,2.33624355555556,NA,484.003164512076,869.695246168117,NA,NA
CH1_14_YAAN2014-11_166_1_NA_9.9,CH1,2014,228,NA,NA,NA,NA,NA,NA,NA
CH1_14_YAAN2014-11_166_1_NA_9.9,CH1,2014,236,2608.69981161086,3.64022533333333,NA,890.632391387616,1718.06742022324,NA,NA
CH1_14_YAAN2014-11_166_1_NA_9.9,CH1,2014,249,4338.66621333333,4.3859157588,NA,1723.7275,2498.83288,116.105833333333,NA
CH1_14_YAAN2014-11_166_1_NA_9.9,CH1,2014,255,NA,NA,NA,NA,NA,NA,NA
CH1_14_YAAN2014-11_166_1_NA_9.9,CH1,2014,265,5041.67367044467,4.69669083866667,NA,1720.38808555667,2122.23865155466,1199.04693333333,NA
CH1_14_YAAN2014-11_166_1_NA_9.9,CH1,2014,280,5193.11484797829,2.10065066666667,NA,1704.42884515997,1536.09266948499,1952.59333333333,NA
CH1_14_YAAN2014-11_166_1_NA_9.9,CH1,2014,303,NA,NA,1645.0567265,NA,NA,NA,NA
CH1_14_YAAN2014-12_166_1_NA_9.9,CH1,2014,208,745.835315666149,0.985464,NA,298.363244997412,447.472070668737,NA,NA
CH1_14_YAAN2014-12_166_1_NA_9.9,CH1,2014,221,1556.00618606703,2.90289688888889,NA,472.213152557368,1083.79303350966,NA,NA
CH1_14_YAAN2014-12_166_1_NA_9.9,CH1,2014,228,NA,NA,NA,NA,NA,NA,NA
CH1_14_YAAN2014-12_166_1_NA_9.9,CH1,2014,236,2248.38333333333,2.89801733333333,NA,834.85,1413.53333333333,NA,NA
CH1_14_YAAN2014-12_166_1_NA_9.9,CH1,2014,249,3704.52666666667,2.7151039496,NA,1694.05,1644.42666666667,366.05,NA
CH1_14_YAAN2014-12_166_1_NA_9.9,CH1,2014,251,NA,NA,NA,NA,NA,NA,NA
CH1_14_YAAN2014-12_166_1_NA_9.9,CH1,2014,265,3127.19666666667,1.39953466666667,NA,1150.15,1008.21333333333,968.833333333333,NA
CH1_14_YAAN2014-12_166_1_NA_9.9,CH1,2014,280,NA,NA,948.659331818182,NA,NA,NA,NA
CH1_14_YAAN2014-13_166_1_NA_9.9,CH1,2014,208,562.359833335846,0.975574666666664,NA,154.285833345898,408.073999989948,NA,NA
CH1_14_YAAN2014-13_166_1_NA_9.9,CH1,2014,221,1359.07462586686,2.223184,NA,396.19979600098,962.874829865882,NA,NA
CH1_14_YAAN2014-13_166_1_NA_9.9,CH1,2014,224,NA,NA,NA,NA,NA,NA,NA
CH1_14_YAAN2014-13_166_1_NA_9.9,CH1,2014,236,1907.71801071512,2.92784533333333,NA,649.490498020029,1258.22751269509,NA,NA
CH1_14_YAAN2014-13_166_1_NA_9.9,CH1,2014,249,3440.11833736719,4.17805275893333,NA,1388.69835350264,1853.61998386456,197.8,NA
CH1_14_YAAN2014-13_166_1_NA_9.9,CH1,2014,251,NA,NA,NA,NA,NA,NA,NA
CH1_14_YAAN2014-13_166_1_NA_9.9,CH1,2014,265,4302.98969669673,3.3008550216,NA,1200.081816817,1697.24121321306,1405.66666666667,NA
CH1_14_YAAN2014-13_166_1_NA_9.9,CH1,2014,280,4589.88627729245,1.63934533333333,NA,950.741386462234,1302.96489083022,2336.18,NA
CH1_14_YAAN2014-13_166_1_NA_9.9,CH1,2014,295,NA,NA,1749.49400681818,NA,NA,NA,NA
CH1_14_YAAN2014-14_166_1_NA_9.9,CH1,2014,208,653.083333333333,1.03567466666667,NA,206.95,446.133333333333,NA,NA
CH1_14_YAAN2014-14_166_1_NA_9.9,CH1,2014,221,1795.31111111111,2.39236,NA,950.297777777778,845.013333333334,NA,NA
CH1_14_YAAN2014-14_166_1_NA_9.9,CH1,2014,227,NA,NA,NA,NA,NA,NA,NA
CH1_14_YAAN2014-14_166_1_NA_9.9,CH1,2014,236,2890.26849496901,4.145256,NA,1171.40914151174,1718.85935345728,NA,NA
CH1_14_YAAN2014-14_166_1_NA_9.9,CH1,2014,249,4023.06676664355,5.005423168,NA,1470.48383321773,2469.53293342582,83.05,NA
CH1_14_YAAN2014-14_166_1_NA_9.9,CH1,2014,254,NA,NA,NA,NA,NA,NA,NA
CH1_14_YAAN2014-14_166_1_NA_9.9,CH1,2014,265,4766.15310850023,3.8332850696,NA,1631.69220916781,1781.62756599909,1352.83333333334,NA
CH1_14_YAAN2014-14_166_1_NA_9.9,CH1,2014,280,4848.74127429968,1.46364533333333,NA,1801.90637149841,1158.50156946795,1888.33333333333,NA
CH1_14_YAAN2014-14_166_1_NA_9.9,CH1,2014,295,NA,NA,1603.38663939394,NA,NA,NA,NA
CH1_14_YAAN2014-15_166_1_NA_9.9,CH1,2014,208,590.185471557506,0.899627999999999,NA,179.860691120864,410.324780436642,NA,NA
CH1_14_YAAN2014-15_166_1_NA_9.9,CH1,2014,221,1605.08785447179,2.73194755555556,NA,550.66149458115,1054.42635989064,NA,NA
CH1_14_YAAN2014-15_166_1_NA_9.9,CH1,2014,232,NA,NA,NA,NA,NA,NA,NA
CH1_14_YAAN2014-15_166_1_NA_9.9,CH1,2014,236,2065.91320829796,3.232396,NA,732.699374823146,1333.21383347482,NA,NA
CH1_14_YAAN2014-15_166_1_NA_9.9,CH1,2014,249,3616.16199214592,4.60101838626666,NA,1320.99329406294,2156.26536474965,138.903333333333,NA
CH1_14_YAAN2014-15_166_1_NA_9.9,CH1,2014,251,NA,NA,NA,NA,NA,NA,NA
CH1_14_YAAN2014-15_166_1_NA_9.9,CH1,2014,265,3829.82165898237,2.6378381832,NA,1123.74162824518,1486.98003073719,1219.1,NA
CH1_14_YAAN2014-15_166_1_NA_9.9,CH1,2014,280,4172.15707818113,1.51812666666667,NA,1086.56872423896,1224.7716872755,1860.81666666667,NA
CH1_14_YAAN2014-15_166_1_NA_9.9,CH1,2014,293,NA,NA,1336.38063666667,NA,NA,NA,NA
CH1_14_YAAN2014-2_166_1_NA_9.9,CH1,2014,208,651.743320241813,1.02254666666667,NA,185.116601209063,466.62671903275,NA,NA
CH1_14_YAAN2014-2_166_1_NA_9.9,CH1,2014,221,2048.82835905267,2.56026311111111,NA,1033.93512859669,1014.89323045598,NA,NA
CH1_14_YAAN2014-2_166_1_NA_9.9,CH1,2014,231,NA,NA,NA,NA,NA,NA,NA
CH1_14_YAAN2014-2_166_1_NA_9.9,CH1,2014,236,2657.14432655215,2.84915866666667,NA,1247.98163276075,1409.1626937914,NA,NA
CH1_14_YAAN2014-2_166_1_NA_9.9,CH1,2014,249,5524.11126746401,4.5197465752,NA,2382.12342710691,3043.28826347731,98.6995768797834,NA
CH1_14_YAAN2014-2_166_1_NA_9.9,CH1,2014,258,NA,NA,NA,NA,NA,NA,NA
CH1_14_YAAN2014-2_166_1_NA_9.9,CH1,2014,265,5351.5,3.50391285066667,NA,2275.16666666667,2106.66666666667,969.666666666665,NA
CH1_14_YAAN2014-2_166_1_NA_9.9,CH1,2014,280,2840.855,1.02773066666667,NA,1134.70833333334,700.213333333333,1005.93333333333,NA
CH1_14_YAAN2014-2_166_1_NA_9.9,CH1,2014,283,NA,NA,1036.73465142857,NA,NA,NA,NA
CH1_14_YAAN2014-3_166_1_NA_9.9,CH1,2014,208,544.670175714831,1.01394,NA,139.350878574157,405.319297140674,NA,NA
CH1_14_YAAN2014-3_166_1_NA_9.9,CH1,2014,221,1787.68204584965,3.09647822222222,NA,747.032451470448,1040.6495943792,NA,NA
CH1_14_YAAN2014-3_166_1_NA_9.9,CH1,2014,233,NA,NA,NA,NA,NA,NA,NA
CH1_14_YAAN2014-3_166_1_NA_9.9,CH1,2014,236,2460.97666666667,3.38154266666667,NA,1020.88333333333,1440.09333333333,NA,NA
CH1_14_YAAN2014-3_166_1_NA_9.9,CH1,2014,249,3334.68333333333,3.88801135373333,NA,1458.83333333333,1859.33333333333,16.5166666666667,NA
CH1_14_YAAN2014-3_166_1_NA_9.9,CH1,2014,252,NA,NA,NA,NA,NA,NA,NA
CH1_14_YAAN2014-3_166_1_NA_9.9,CH1,2014,265,3910.45515476072,3.0061931228,NA,1763.41577380358,1597.0060476238,550.033333333333,NA
CH1_14_YAAN2014-3_166_1_NA_9.9,CH1,2014,280,4203.22099831128,1.63265533333333,NA,1800.73499155638,1238.9160067549,1163.57,NA
CH1_14_YAAN2014-3_166_1_NA_9.9,CH1,2014,289,NA,NA,1243.60695,NA,NA,NA,NA
CH1_14_YAAN2014-5_166_1_NA_9.9,CH1,2014,208,502.096416599702,1.025636,NA,141.362082998512,360.734333601191,NA,NA
CH1_14_YAAN2014-5_166_1_NA_9.9,CH1,2014,221,1470.32222222222,2.68545896888889,NA,539.744444444445,930.577777777778,NA,NA
CH1_14_YAAN2014-5_166_1_NA_9.9,CH1,2014,230,NA,NA,NA,NA,NA,NA,NA
CH1_14_YAAN2014-5_166_1_NA_9.9,CH1,2014,236,2917.82,4.39386666666667,NA,1209.16666666667,1708.65333333333,NA,NA
CH1_14_YAAN2014-5_166_1_NA_9.9,CH1,2014,249,5098.52775880422,6.4748867236,NA,2243.40962735444,2816.17229811645,38.9458333333333,NA
CH1_14_YAAN2014-5_166_1_NA_9.9,CH1,2014,253,NA,NA,NA,NA,NA,NA,NA
CH1_14_YAAN2014-5_166_1_NA_9.9,CH1,2014,265,4817.38333333333,2.9524240668,NA,1882.75,1763.8,1170.83333333333,NA
CH1_14_YAAN2014-5_166_1_NA_9.9,CH1,2014,289,3810.43132014046,1.498624,1156.59167,1476.0966007023,975.741386104832,1358.59333333333,NA
CH1_14_YAAN2014-6_166_1_NA_9.9,CH1,2014,208,867.876666666667,1.12603466666667,NA,329.05,538.826666666667,NA,NA
CH1_14_YAAN2014-6_166_1_NA_9.9,CH1,2014,221,2331.04548758975,3.16084622222222,NA,1106.12966017097,1224.91582741878,NA,NA
CH1_14_YAAN2014-6_166_1_NA_9.9,CH1,2014,226,NA,NA,NA,NA,NA,NA,NA
CH1_14_YAAN2014-6_166_1_NA_9.9,CH1,2014,236,3203.78333333333,3.45800266666667,NA,1591.11666666667,1612.66666666667,NA,NA
CH1_14_YAAN2014-6_166_1_NA_9.9,CH1,2014,249,4301.13727121073,4.09815779013333,NA,2000.46968938698,2201.67758182375,98.99,NA
CH1_14_YAAN2014-6_166_1_NA_9.9,CH1,2014,265,4967.55666666667,3.03512518693333,NA,2499.33333333333,1781.44,686.783333333333,NA
CH1_14_YAAN2014-6_166_1_NA_9.9,CH1,2014,280,4889.35610616309,1.84552,NA,2628.88053081545,1582.2422420143,678.233333333333,NA
CH1_14_YAAN2014-6_166_1_NA_9.9,CH1,2014,289,NA,NA,980.1576,NA,NA,NA,NA
CH1_14_YAAN2014-7_166_1_NA_9.9,CH1,2014,208,547.309829990873,0.985505333333332,NA,100.122483287699,447.187346703175,NA,NA
CH1_14_YAAN2014-7_166_1_NA_9.9,CH1,2014,221,2110.35765912119,3.06696177777778,NA,933.246073383744,1177.11158573745,NA,NA
CH1_14_YAAN2014-7_166_1_NA_9.9,CH1,2014,230,NA,NA,NA,NA,NA,NA,NA
CH1_14_YAAN2014-7_166_1_NA_9.9,CH1,2014,236,2940.47669402846,3.905932,NA,1167.71680347563,1772.75989055283,NA,NA
CH1_14_YAAN2014-7_166_1_NA_9.9,CH1,2014,249,4332.28939603228,4.2321360904,NA,1618.62031349471,2458.17574920423,255.493333333333,NA
CH1_14_YAAN2014-7_166_1_NA_9.9,CH1,2014,265,5721.30273762005,4.0944625148,NA,2133.88035476691,2307.5890495198,1279.83333333333,NA
CH1_14_YAAN2014-7_166_1_NA_9.9,CH1,2014,280,4893.06491020065,1.454676,NA,1947.79121766991,1315.34035919741,1629.93333333333,NA
CH1_14_YAAN2014-7_166_1_NA_9.9,CH1,2014,295,NA,NA,1435.83006060606,NA,NA,NA,NA
CH1_14_YAAN2014-8_166_1_NA_9.9,CH1,2014,208,483.15436204766,0.858172,NA,88.8384769049661,394.315885142694,NA,NA
CH1_14_YAAN2014-8_166_1_NA_9.9,CH1,2014,221,2063.11508938488,3.64188355555556,NA,752.508780257726,1310.60630912715,NA,NA
CH1_14_YAAN2014-8_166_1_NA_9.9,CH1,2014,222,NA,NA,NA,NA,NA,NA,NA
CH1_14_YAAN2014-8_166_1_NA_9.9,CH1,2014,236,2960.05593473291,3.936756,NA,1181.36300699789,1778.69292773502,NA,NA
CH1_14_YAAN2014-8_166_1_NA_9.9,CH1,2014,246,NA,NA,NA,NA,NA,NA,NA
CH1_14_YAAN2014-8_166_1_NA_9.9,CH1,2014,249,4718.19534774168,3.8636511796,NA,1866.14340537505,2084.01860903329,768.033333333333,NA
CH1_14_YAAN2014-8_166_1_NA_9.9,CH1,2014,265,5059.74083415373,2.13976786066667,NA,1804.95960234101,1683.13123181271,1571.65,NA
CH1_14_YAAN2014-8_166_1_NA_9.9,CH1,2014,280,NA,NA,1041.87614,NA,NA,NA,NA
CH1_14_YAAN2014-9_166_1_NA_9.9,CH1,2014,208,754.2929014597,1.25493866666667,NA,222.031173965168,532.261727494532,NA,NA
CH1_14_YAAN2014-9_166_1_NA_9.9,CH1,2014,221,1437.99030270962,2.77198577777778,NA,413.167069103666,1024.82323360596,NA,NA
CH1_14_YAAN2014-9_166_1_NA_9.9,CH1,2014,230,NA,NA,NA,NA,NA,NA,NA
CH1_14_YAAN2014-9_166_1_NA_9.9,CH1,2014,236,2841.60974497883,3.88233733333333,NA,1104.40872489416,1737.20102008467,NA,NA
CH1_14_YAAN2014-9_166_1_NA_9.9,CH1,2014,249,4309.96,4.66048866906667,NA,1563.51666666667,2547.49333333333,198.95,NA
CH1_14_YAAN2014-9_166_1_NA_9.9,CH1,2014,265,4441.90859533389,3.24615640893333,NA,1547.9963100028,1705.64561866443,1188.26666666667,NA
CH1_14_YAAN2014-9_166_1_NA_9.9,CH1,2014,280,3148.01336165956,1.04643733333333,NA,980.359141631139,617.418553361757,1550.23566666667,NA
CH1_14_YAAN2014-9_166_1_NA_9.9,CH1,2014,295,NA,NA,1626.85256,NA,NA,NA,NA
CH1_13_YAAN21_162_1_NA_9.9,CH1,2013,204,NA,NA,NA,NA,NA,NA,NA
CH1_13_YAAN21_162_1_NA_9.9,CH1,2013,211,1018.93333333333,1.25271798433333,NA,355.933333333333,663,NA,NA
CH1_13_YAAN21_162_1_NA_9.9,CH1,2013,225,2295.6,1.86957536848789,NA,602.4,1256.2,437,NA
CH1_13_YAAN21_162_1_NA_9.9,CH1,2013,240,3348.41666666667,2.55559545111615,NA,926,1968.75,453.666666666667,NA
CH1_13_YAAN21_162_1_NA_9.9,CH1,2013,287,NA,NA,1247.587,NA,NA,NA,NA
CH1_13_YAAN22_162_1_NA_9.9,CH1,2013,206,NA,NA,NA,NA,NA,NA,NA
CH1_13_YAAN22_162_1_NA_9.9,CH1,2013,211,1055.9,1.2000721608,NA,346.833333333333,709.066666666667,NA,NA
CH1_13_YAAN22_162_1_NA_9.9,CH1,2013,225,1998.33333333334,1.88774838514401,NA,667.166666666667,1309.83333333334,21.3333333333333,NA
CH1_13_YAAN22_162_1_NA_9.9,CH1,2013,240,2837.66666666667,1.63763302544733,NA,847.333333333333,1688,302.333333333333,NA
CH1_13_YAAN22_162_1_NA_9.9,CH1,2013,287,NA,NA,1221.264,NA,NA,NA,NA
CH1_13_YAAN23_162_1_NA_9.9,CH1,2013,206,NA,NA,NA,NA,NA,NA,NA
CH1_13_YAAN23_162_1_NA_9.9,CH1,2013,211,760.400000000001,0.969127252833333,NA,270.366666666667,490.033333333334,NA,NA
CH1_13_YAAN23_162_1_NA_9.9,CH1,2013,225,2050.66666666667,2.03756332923418,NA,687.166666666667,1344.5,19,NA
CH1_13_YAAN23_162_1_NA_9.9,CH1,2013,240,3226.5,1.85906041841737,NA,1223.16666666667,1663.33333333333,340,NA
CH1_13_YAAN23_162_1_NA_9.9,CH1,2013,287,NA,NA,1492.92,NA,NA,NA,NA
CH1_13_YAAN24_162_1_NA_9.9,CH1,2013,207,NA,NA,NA,NA,NA,NA,NA
CH1_13_YAAN24_162_1_NA_9.9,CH1,2013,211,1137.63333333333,1.39296426166667,NA,427.133333333333,710.5,NA,NA
CH1_13_YAAN24_162_1_NA_9.9,CH1,2013,225,2401.75,2.29139612349295,NA,781.75,1588,32,NA
CH1_13_YAAN24_162_1_NA_9.9,CH1,2013,240,2471.66666666667,1.56407017869361,NA,901.75,1313.25,256.666666666667,NA
CH1_13_YAAN24_162_1_NA_9.9,CH1,2013,287,NA,NA,1557.105,NA,NA,NA,NA
CH1_13_YAAN25_162_1_NA_9.9,CH1,2013,207,NA,NA,NA,NA,NA,NA,NA
CH1_13_YAAN25_162_1_NA_9.9,CH1,2013,211,886.766666666666,1.13026139553333,NA,320.533333333333,566.233333333333,NA,NA
CH1_13_YAAN25_162_1_NA_9.9,CH1,2013,225,1619.2,1.60589536636206,NA,595.4,993.8,30,NA
CH1_13_YAAN25_162_1_NA_9.9,CH1,2013,240,3356,2.60137116119321,NA,1259.66666666667,1828,268.333333333333,NA
CH1_13_YAAN25_162_1_NA_9.9,CH1,2013,287,NA,NA,1069.4871,NA,NA,NA,NA
CH1_13_YAAN26_162_1_NA_9.9,CH1,2013,207,NA,NA,NA,NA,NA,NA,NA
CH1_13_YAAN26_162_1_NA_9.9,CH1,2013,211,1137.93333333333,1.42032222123333,NA,415.4,722.533333333334,NA,NA
CH1_13_YAAN26_162_1_NA_9.9,CH1,2013,225,2703.08333333333,2.76691835874638,NA,940.333333333333,1737,25.75,NA
CH1_13_YAAN26_162_1_NA_9.9,CH1,2013,240,3567.83333333333,3,NA,1158.83333333333,1700.66666666666,708.333333333333,NA
CH1_13_YAAN26_162_1_NA_9.9,CH1,2013,287,NA,NA,1336.87761428571,NA,NA,NA,NA
CH1_13_YAAN27_162_1_NA_9.9,CH1,2013,211,587.266666666667,0.760742286666667,NA,177.366666666667,409.9,NA,NA
CH1_13_YAAN27_162_1_NA_9.9,CH1,2013,223,NA,NA,NA,NA,NA,NA,NA
CH1_13_YAAN27_162_1_NA_9.9,CH1,2013,225,733.2,0.93350852094361,NA,221,512.2,NA,NA
CH1_13_YAAN27_162_1_NA_9.9,CH1,2013,240,1848.33333333333,1.94943715020646,NA,585.333333333333,1263,NA,NA
CH1_13_YAAN27_162_1_NA_9.9,CH1,2013,287,NA,NA,938.8665,NA,NA,NA,NA
CH1_13_YAAN28_162_1_NA_9.9,CH1,2013,211,784.333333333334,0.569744213533333,NA,252.566666666667,531.766666666667,NA,NA
CH1_13_YAAN28_162_1_NA_9.9,CH1,2013,223,NA,NA,NA,NA,NA,NA,NA
CH1_13_YAAN28_162_1_NA_9.9,CH1,2013,225,1885.7,1.16187743549992,NA,681.2,1126,78.5,NA
CH1_13_YAAN28_162_1_NA_9.9,CH1,2013,240,3315.83333333333,2.13616763398349,NA,1353.66666666667,1778.66666666666,183.5,NA
CH1_13_YAAN28_162_1_NA_9.9,CH1,2013,287,NA,NA,1154.2685,NA,NA,NA,NA
CH1_13_YAAN29_162_1_NA_9.9,CH1,2013,211,884.666666666667,1.09530606976667,NA,252.066666666667,632.6,NA,NA
CH1_13_YAAN29_162_1_NA_9.9,CH1,2013,223,NA,NA,NA,NA,NA,NA,NA
CH1_13_YAAN29_162_1_NA_9.9,CH1,2013,225,1541.75,1.81622527853018,NA,499.25,1042.5,NA,NA
CH1_13_YAAN29_162_1_NA_9.9,CH1,2013,240,2529.5,2.69795156786138,NA,900.833333333333,1628.66666666667,NA,NA
CH1_13_YAAN29_162_1_NA_9.9,CH1,2013,287,NA,NA,2073.6595,NA,NA,NA,NA
CH1_13_YAAN3_162_1_NA_9.9,CH1,2013,210,NA,NA,NA,NA,NA,NA,NA
CH1_13_YAAN3_162_1_NA_9.9,CH1,2013,211,548.4,0.7873745122,NA,178.333333333333,370.066666666667,NA,NA
CH1_13_YAAN3_162_1_NA_9.9,CH1,2013,225,985.5,1.06613046784633,NA,284.666666666667,686.333333333333,14.5,NA
CH1_13_YAAN3_162_1_NA_9.9,CH1,2013,240,2518.33333333333,1.6603064707516,NA,518.333333333333,1233.33333333333,766.666666666667,NA
CH1_13_YAAN3_162_1_NA_9.9,CH1,2013,272,NA,NA,967.505,NA,NA,NA,NA
CH1_13_YAAN30_162_1_NA_9.9,CH1,2013,211,670.366666666667,0.942522520166667,NA,263.6,406.766666666667,NA,NA
CH1_13_YAAN30_162_1_NA_9.9,CH1,2013,223,NA,NA,NA,NA,NA,NA,NA
CH1_13_YAAN30_162_1_NA_9.9,CH1,2013,225,2782.5,3.40302905057884,NA,1115,1667.5,NA,NA
CH1_13_YAAN30_162_1_NA_9.9,CH1,2013,240,4474.16666666667,4.91649152558227,NA,1888.66666666667,2585.5,NA,NA
CH1_13_YAAN30_162_1_NA_9.9,CH1,2013,287,NA,NA,1509.387,NA,NA,NA,NA
CH1_13_YAAN31_162_1_NA_9.9,CH1,2013,211,1047.77666666667,1.52531056333333,NA,265.233333333333,782.543333333333,NA,NA
CH1_13_YAAN31_162_1_NA_9.9,CH1,2013,223,NA,NA,NA,NA,NA,NA,NA
CH1_13_YAAN31_162_1_NA_9.9,CH1,2013,225,2763.16666666667,3.02599374503279,NA,937.166666666667,1826,NA,NA
CH1_13_YAAN31_162_1_NA_9.9,CH1,2013,240,4624.66666666666,4.53606755151508,NA,1751.83333333333,2780.83333333333,92,NA
CH1_13_YAAN31_162_1_NA_9.9,CH1,2013,287,NA,NA,1721.51925,NA,NA,NA,NA
CH1_13_YAAN32_162_1_NA_9.9,CH1,2013,211,855.033333333333,1.16112485303333,NA,268.166666666667,586.866666666666,NA,NA
CH1_13_YAAN32_162_1_NA_9.9,CH1,2013,224,NA,NA,NA,NA,NA,NA,NA
CH1_13_YAAN32_162_1_NA_9.9,CH1,2013,225,1518.66666666667,1.87336265013537,NA,501.333333333333,1017.33333333333,NA,NA
CH1_13_YAAN32_162_1_NA_9.9,CH1,2013,240,4652.26666666667,5.56122881417212,NA,1735.4,2893.2,23.6666666666667,NA
CH1_13_YAAN32_162_1_NA_9.9,CH1,2013,287,NA,NA,956.3895,NA,NA,NA,NA
CH1_13_YAAN33_162_1_NA_9.9,CH1,2013,211,1153.7,1.67761143266667,NA,360.5,793.2,NA,NA
CH1_13_YAAN33_162_1_NA_9.9,CH1,2013,225,1505.75,2.06391279126787,NA,523.25,982.5,NA,NA
CH1_13_YAAN33_162_1_NA_9.9,CH1,2013,226,NA,NA,NA,NA,NA,NA,NA
CH1_13_YAAN33_162_1_NA_9.9,CH1,2013,240,2178.7,2.52596769139155,NA,866.8,1287.4,24.5,NA
CH1_13_YAAN33_162_1_NA_9.9,CH1,2013,287,NA,NA,1585.7765,NA,NA,NA,NA
CH1_13_YAAN34_162_1_NA_9.9,CH1,2013,211,1316.16666666667,1.546758,NA,418.2,897.966666666667,NA,NA
CH1_13_YAAN34_162_1_NA_9.9,CH1,2013,225,1830,2.07806547885043,NA,586,1244,NA,NA
CH1_13_YAAN34_162_1_NA_9.9,CH1,2013,226,NA,NA,NA,NA,NA,NA,NA
CH1_13_YAAN34_162_1_NA_9.9,CH1,2013,240,2787.83333333334,3.31635119671514,NA,883.5,1904.33333333334,NA,NA
CH1_13_YAAN34_162_1_NA_9.9,CH1,2013,287,NA,NA,2072.3725,NA,NA,NA,NA
CH1_13_YAAN35_162_1_NA_9.9,CH1,2013,206,NA,NA,NA,NA,NA,NA,NA
CH1_13_YAAN35_162_1_NA_9.9,CH1,2013,211,1241.76666666667,1.7395942211,NA,430.466666666667,811.3,NA,NA
CH1_13_YAAN35_162_1_NA_9.9,CH1,2013,225,1808.66666666667,2.81258661800035,NA,652.666666666667,1137,19,NA
CH1_13_YAAN35_162_1_NA_9.9,CH1,2013,240,2853.4,3.11470575265568,NA,1121.4,1673.4,58.6,NA
CH1_13_YAAN35_162_1_NA_9.9,CH1,2013,289,NA,NA,1073.6264,NA,NA,NA,NA
CH1_13_YAAN36_162_1_NA_9.9,CH1,2013,211,1236,1.59688169466667,NA,391.633333333333,844.366666666666,NA,NA
CH1_13_YAAN36_162_1_NA_9.9,CH1,2013,223,NA,NA,NA,NA,NA,NA,NA
CH1_13_YAAN36_162_1_NA_9.9,CH1,2013,225,1780.33333333333,2.0048496615323,NA,624.333333333333,1156,NA,NA
CH1_13_YAAN36_162_1_NA_9.9,CH1,2013,240,3160.5,3.77979429990997,NA,1170.83333333333,1989.66666666667,NA,NA
CH1_13_YAAN36_162_1_NA_9.9,CH1,2013,289,NA,NA,1536.1445,NA,NA,NA,NA
CH1_13_YAAN37_162_1_NA_9.9,CH1,2013,211,467.533333333333,0.665364503833333,NA,146.9,320.633333333333,NA,NA
CH1_13_YAAN37_162_1_NA_9.9,CH1,2013,225,1143.6,1.2805672257529,NA,413,730.6,NA,NA
CH1_13_YAAN37_162_1_NA_9.9,CH1,2013,227,NA,NA,NA,NA,NA,NA,NA
CH1_13_YAAN37_162_1_NA_9.9,CH1,2013,240,2429.5,2.85851825185009,NA,866.833333333333,1562.66666666666,NA,NA
CH1_13_YAAN37_162_1_NA_9.9,CH1,2013,293,NA,NA,1184.337,NA,NA,NA,NA
CH1_13_YAAN38_162_1_NA_9.9,CH1,2013,212,938.699999999999,1.30267050966667,NA,316.533333333333,622.166666666666,NA,NA
CH1_13_YAAN38_162_1_NA_9.9,CH1,2013,225,1038,1.37703206306306,NA,385,653,NA,NA
CH1_13_YAAN38_162_1_NA_9.9,CH1,2013,240,2808.46666666667,2.15029240980074,NA,720.6,1571.2,516.666666666667,NA
CH1_13_YAAN38_162_1_NA_9.9,CH1,2013,295,NA,NA,1201.1703,NA,NA,NA,NA
CH1_13_YAAN39_162_1_NA_9.9,CH1,2013,211,1083.16666666667,1.442929387,NA,355.666666666667,727.5,NA,NA
CH1_13_YAAN39_162_1_NA_9.9,CH1,2013,211,1083.16666666667,1.442929387,NA,355.666666666667,727.5,NA,NA
CH1_13_YAAN39_162_1_NA_9.9,CH1,2013,212,1559.4,NA,NA,521.2,1038.2,NA,NA
CH1_13_YAAN39_162_1_NA_9.9,CH1,2013,212,NA,NA,NA,NA,NA,NA,NA
CH1_13_YAAN39_162_1_NA_9.9,CH1,2013,225,3750.33333333333,1.87703748341436,NA,1242.33333333333,2201,307,NA
CH1_13_YAAN39_162_1_NA_9.9,CH1,2013,225,1559.4,1.87703748341436,NA,521.2,1038.2,NA,NA
CH1_13_YAAN39_162_1_NA_9.9,CH1,2013,240,NA,3.85733212411132,NA,NA,NA,NA,NA
CH1_13_YAAN39_162_1_NA_9.9,CH1,2013,240,3750.33333333333,3.85733212411132,NA,1242.33333333333,2201,307,NA
CH1_13_YAAN39_162_1_NA_9.9,CH1,2013,295,NA,NA,1232.385,NA,NA,NA,NA
CH1_13_YAAN39_162_1_NA_9.9,CH1,2013,295,NA,NA,1232.385,NA,NA,NA,NA
CH1_13_YAAN4_162_1_NA_9.9,CH1,2013,211,419.233333333333,0.5569879658,NA,141.033333333333,278.2,NA,NA
CH1_13_YAAN4_162_1_NA_9.9,CH1,2013,212,NA,NA,NA,NA,NA,NA,NA
CH1_13_YAAN4_162_1_NA_9.9,CH1,2013,225,996.666666666667,1.3144427815354,NA,279.166666666667,626,91.5,NA
CH1_13_YAAN4_162_1_NA_9.9,CH1,2013,240,2138.2,1.77649565584826,NA,652.8,1224.4,261,NA
CH1_13_YAAN4_162_1_NA_9.9,CH1,2013,275,NA,NA,800.767,NA,NA,NA,NA
CH1_13_YAAN40_162_1_NA_9.9,CH1,2013,211,597.966666666667,0.8333360805,NA,166.366666666667,431.6,NA,NA
CH1_13_YAAN40_162_1_NA_9.9,CH1,2013,211,597.966666666667,0.8333360805,NA,166.366666666667,431.6,NA,NA
CH1_13_YAAN40_162_1_NA_9.9,CH1,2013,218,NA,NA,NA,NA,NA,NA,NA
CH1_13_YAAN40_162_1_NA_9.9,CH1,2013,218,NA,NA,NA,NA,NA,NA,NA
CH1_13_YAAN40_162_1_NA_9.9,CH1,2013,225,2300.66666666667,2.6322769006608,NA,718.166666666667,1582.5,NA,NA
CH1_13_YAAN40_162_1_NA_9.9,CH1,2013,225,2300.66666666667,2.6322769006608,NA,718.166666666667,1582.5,NA,NA
CH1_13_YAAN40_162_1_NA_9.9,CH1,2013,240,4179.06666666667,3.27581122120499,NA,1413.4,2591,174.666666666667,NA
CH1_13_YAAN40_162_1_NA_9.9,CH1,2013,240,4179.06666666667,3.27581122120499,NA,1413.4,2591,174.666666666667,NA
CH1_13_YAAN40_162_1_NA_9.9,CH1,2013,295,NA,NA,1919.84375,NA,NA,NA,NA
CH1_13_YAAN40_162_1_NA_9.9,CH1,2013,295,NA,NA,1919.84375,NA,NA,NA,NA
CH1_13_YAAN41_162_1_NA_9.9,CH1,2013,211,914.666666666667,1.29080586333333,NA,238.5,676.166666666667,NA,NA
CH1_13_YAAN41_162_1_NA_9.9,CH1,2013,223,NA,NA,NA,NA,NA,NA,NA
CH1_13_YAAN41_162_1_NA_9.9,CH1,2013,225,1927,2.06533236891581,NA,582.666666666667,1344.33333333333,NA,NA
CH1_13_YAAN41_162_1_NA_9.9,CH1,2013,240,2295.75,2.46687705020017,NA,837.75,1458,NA,NA
CH1_13_YAAN41_162_1_NA_9.9,CH1,2013,295,NA,NA,1487.7005,NA,NA,NA,NA
CH1_13_YAAN42_162_1_NA_9.9,CH1,2013,211,890.766666666667,1.0421887177,NA,266.466666666667,624.3,NA,NA
CH1_13_YAAN42_162_1_NA_9.9,CH1,2013,223,NA,NA,NA,NA,NA,NA,NA
CH1_13_YAAN42_162_1_NA_9.9,CH1,2013,225,2855.66666666667,3.150786866041,NA,895.666666666666,1960,NA,NA
CH1_13_YAAN42_162_1_NA_9.9,CH1,2013,240,3415.66666666667,3.16921019008056,NA,1246.33333333333,2146.33333333334,23,NA
CH1_13_YAAN42_162_1_NA_9.9,CH1,2013,295,NA,NA,2906.277,NA,NA,NA,NA
CH1_13_YAAN43_162_1_NA_9.9,CH1,2013,201,NA,NA,NA,NA,NA,NA,NA
CH1_13_YAAN43_162_1_NA_9.9,CH1,2013,211,1089.7,1.134416586,NA,304.7,785,NA,NA
CH1_13_YAAN43_162_1_NA_9.9,CH1,2013,225,1229.26666666667,1.23606631735583,NA,295.8,725.8,207.666666666667,NA
CH1_13_YAAN43_162_1_NA_9.9,CH1,2013,240,1574.66666666667,0.72977657930392,NA,320.666666666667,806,448,NA
CH1_13_YAAN43_162_1_NA_9.9,CH1,2013,297,NA,NA,986.2941,NA,NA,NA,NA
CH1_13_YAAN44_162_1_NA_9.9,CH1,2013,209,NA,NA,NA,NA,NA,NA,NA
CH1_13_YAAN44_162_1_NA_9.9,CH1,2013,211,663.833333333334,0.935067021266667,NA,200.9,462.933333333334,NA,NA
CH1_13_YAAN44_162_1_NA_9.9,CH1,2013,225,1353.66666666667,1.55879916950896,NA,475.5,878.166666666667,NA,NA
CH1_13_YAAN44_162_1_NA_9.9,CH1,2013,240,4038,2.90204121759087,NA,1369.6,2431.6,236.8,NA
CH1_13_YAAN44_162_1_NA_9.9,CH1,2013,297,NA,NA,1495.3895,NA,NA,NA,NA
CH1_13_YAAN45_162_1_NA_9.9,CH1,2013,211,571.2,0.9497881438,NA,182.7,388.5,NA,NA
CH1_13_YAAN45_162_1_NA_9.9,CH1,2013,220,NA,NA,NA,NA,NA,NA,NA
CH1_13_YAAN45_162_1_NA_9.9,CH1,2013,225,1388.33333333333,1.74501708227935,NA,441.166666666667,947.166666666666,NA,NA
CH1_13_YAAN45_162_1_NA_9.9,CH1,2013,240,2773,3.1887757589037,NA,886.5,1841.16666666666,45.3333333333333,NA
CH1_13_YAAN45_162_1_NA_9.9,CH1,2013,297,NA,NA,1174.91,NA,NA,NA,NA
CH1_13_YAAN46_162_1_NA_9.9,CH1,2013,211,723.566666666667,0.912959615966667,NA,190.966666666667,532.6,NA,NA
CH1_13_YAAN46_162_1_NA_9.9,CH1,2013,220,NA,NA,NA,NA,NA,NA,NA
CH1_13_YAAN46_162_1_NA_9.9,CH1,2013,225,1722.46666666667,2.1209855886475,NA,570.3,1152.16666666667,NA,NA
CH1_13_YAAN46_162_1_NA_9.9,CH1,2013,240,2997.4,3.06704741222545,NA,1068,1929.4,NA,NA
CH1_13_YAAN46_162_1_NA_9.9,CH1,2013,297,NA,NA,1744.2315,NA,NA,NA,NA
CH1_13_YAAN47_162_1_NA_9.9,CH1,2013,211,609.866666666666,0.810575416166667,NA,209,400.866666666666,NA,NA
CH1_13_YAAN47_162_1_NA_9.9,CH1,2013,221,NA,NA,NA,NA,NA,NA,NA
CH1_13_YAAN47_162_1_NA_9.9,CH1,2013,225,2095,2.61255415790414,NA,714.333333333333,1380.66666666667,NA,NA
CH1_13_YAAN47_162_1_NA_9.9,CH1,2013,240,2437.6,3.15986406099582,NA,858.6,1553,26,NA
CH1_13_YAAN47_162_1_NA_9.9,CH1,2013,297,NA,NA,973.1777,NA,NA,NA,NA
CH1_13_YAAN48_162_1_NA_9.9,CH1,2013,211,1094.96666666667,1.33054056253333,NA,358.633333333333,736.333333333334,NA,NA
CH1_13_YAAN48_162_1_NA_9.9,CH1,2013,221,NA,NA,NA,NA,NA,NA,NA
CH1_13_YAAN48_162_1_NA_9.9,CH1,2013,225,2114.33333333334,2.17134486056542,NA,655,1459.33333333334,NA,NA
CH1_13_YAAN48_162_1_NA_9.9,CH1,2013,240,3172,3.54604680420035,NA,1107.66666666667,2015.33333333333,49,NA
CH1_13_YAAN48_162_1_NA_9.9,CH1,2013,284,NA,NA,1512.555,NA,NA,NA,NA
CH1_13_YAAN49_162_1_NA_9.9,CH1,2013,211,NA,NA,NA,NA,NA,NA,NA
CH1_13_YAAN49_162_1_NA_9.9,CH1,2013,221,987.1,1.30222328403333,NA,263.166666666667,723.933333333333,NA,NA
CH1_13_YAAN49_162_1_NA_9.9,CH1,2013,225,1219.4,1.63406720739544,NA,351.2,868.2,NA,NA
CH1_13_YAAN49_162_1_NA_9.9,CH1,2013,240,4061.25,4.01872090109992,NA,1086.5,2892.75,82,NA
CH1_13_YAAN49_162_1_NA_9.9,CH1,2013,297,NA,NA,967.371428571429,NA,NA,NA,NA
CH1_13_YAAN5_162_1_NA_9.9,CH1,2013,206,NA,NA,NA,NA,NA,NA,NA
CH1_13_YAAN5_162_1_NA_9.9,CH1,2013,211,1065,1.424200967,NA,350.033333333333,714.966666666666,NA,NA
CH1_13_YAAN5_162_1_NA_9.9,CH1,2013,225,1627.5,1.51698180729611,NA,540.166666666667,939.333333333334,148,NA
CH1_13_YAAN5_162_1_NA_9.9,CH1,2013,240,3183.33333333333,2.35046454217957,NA,898.666666666667,1671,613.666666666667,NA
CH1_13_YAAN5_162_1_NA_9.9,CH1,2013,280,NA,NA,986.169407142857,NA,NA,NA,NA
CH1_13_YAAN50_162_1_NA_9.9,CH1,2013,211,524.066666666667,0.636112611433333,NA,170.466666666667,353.6,NA,NA
CH1_13_YAAN50_162_1_NA_9.9,CH1,2013,225,852.666666666666,1.11595244444444,NA,282.333333333333,570.333333333333,NA,NA
CH1_13_YAAN50_162_1_NA_9.9,CH1,2013,229,NA,NA,NA,NA,NA,NA,NA
CH1_13_YAAN50_162_1_NA_9.9,CH1,2013,240,1784.75,2.12438387511715,NA,622.25,1162.5,NA,NA
CH1_13_YAAN50_162_1_NA_9.9,CH1,2013,297,NA,NA,1090.36125,NA,NA,NA,NA
CH1_13_YAAN51_162_1_NA_9.9,CH1,2013,211,382.766666666666,0.712761217466667,NA,124.633333333333,258.133333333333,NA,NA
CH1_13_YAAN51_162_1_NA_9.9,CH1,2013,225,1660.45,1.96407856830806,NA,584.783333333333,1075.66666666667,NA,NA
CH1_13_YAAN51_162_1_NA_9.9,CH1,2013,229,NA,NA,NA,NA,NA,NA,NA
CH1_13_YAAN51_162_1_NA_9.9,CH1,2013,240,2530.2,3.39275485444882,NA,982,1548.2,NA,NA
CH1_13_YAAN51_162_1_NA_9.9,CH1,2013,297,NA,NA,1297.406,NA,NA,NA,NA
CH1_13_YAAN52_162_1_NA_9.9,CH1,2013,211,904.566666666667,1.24313000433333,NA,276.7,627.866666666667,NA,NA
CH1_13_YAAN52_162_1_NA_9.9,CH1,2013,225,1721.66666666667,2.06085569643443,NA,590.666666666667,1131,NA,NA
CH1_13_YAAN52_162_1_NA_9.9,CH1,2013,232,NA,NA,NA,NA,NA,NA,NA
CH1_13_YAAN52_162_1_NA_9.9,CH1,2013,240,2717,2.60137114004673,NA,992.6,1724.4,NA,NA
CH1_13_YAAN52_162_1_NA_9.9,CH1,2013,297,NA,NA,1167.7813125,NA,NA,NA,NA
CH1_13_YAAN53_162_1_NA_9.9,CH1,2013,211,637.333333333334,0.890464982766667,NA,212.066666666667,425.266666666667,NA,NA
CH1_13_YAAN53_162_1_NA_9.9,CH1,2013,219,NA,NA,NA,NA,NA,NA,NA
CH1_13_YAAN53_162_1_NA_9.9,CH1,2013,225,1560.6,1.69702341414172,NA,565.8,994.8,NA,NA
CH1_13_YAAN53_162_1_NA_9.9,CH1,2013,240,2515.25,2.9133953458274,NA,998.5,1516.75,NA,NA
CH1_13_YAAN53_162_1_NA_9.9,CH1,2013,287,NA,NA,1612.722375,NA,NA,NA,NA
CH1_13_YAAN54_162_1_NA_9.9,CH1,2013,211,775.066666666667,1.00802159556667,NA,245.266666666667,529.8,NA,NA
CH1_13_YAAN54_162_1_NA_9.9,CH1,2013,212,NA,NA,NA,NA,NA,NA,NA
CH1_13_YAAN54_162_1_NA_9.9,CH1,2013,225,1930.75,2.20560101615894,NA,597,1333.75,NA,NA
CH1_13_YAAN54_162_1_NA_9.9,CH1,2013,240,2493.8,2.0855533985421,NA,780.4,1592.8,120.6,NA
CH1_13_YAAN54_162_1_NA_9.9,CH1,2013,299,NA,NA,1065.207,NA,NA,NA,NA
CH1_13_YAAN55_162_1_NA_9.9,CH1,2013,211,777.666666666667,1.10684578596667,NA,235.366666666667,542.3,NA,NA
CH1_13_YAAN55_162_1_NA_9.9,CH1,2013,225,2155.2,2.72910053474952,NA,653,1502.2,NA,NA
CH1_13_YAAN55_162_1_NA_9.9,CH1,2013,227,NA,NA,NA,NA,NA,NA,NA
CH1_13_YAAN55_162_1_NA_9.9,CH1,2013,240,2771.33333333334,2.36817485078036,NA,1030.5,1740.83333333334,NA,NA
CH1_13_YAAN55_162_1_NA_9.9,CH1,2013,299,NA,NA,1160.082,NA,NA,NA,NA
CH1_13_YAAN56_162_1_NA_9.9,CH1,2013,211,791.766666666667,1.10656617996667,NA,218.166666666667,573.6,NA,NA
CH1_13_YAAN56_162_1_NA_9.9,CH1,2013,225,1627.6,2.04314991251791,NA,599.4,1028.2,NA,NA
CH1_13_YAAN56_162_1_NA_9.9,CH1,2013,227,NA,NA,NA,NA,NA,NA,NA
CH1_13_YAAN56_162_1_NA_9.9,CH1,2013,240,2928.2,3.30759205457071,NA,1179.2,1749,NA,NA
CH1_13_YAAN56_162_1_NA_9.9,CH1,2013,299,NA,NA,2139.9785,NA,NA,NA,NA
CH1_13_YAAN57_162_1_NA_9.9,CH1,2013,211,709.3,1.10567487946667,NA,178.966666666667,530.333333333333,NA,NA
CH1_13_YAAN57_162_1_NA_9.9,CH1,2013,225,1846.93333333333,1.97682719869406,NA,667.6,1179.33333333333,NA,NA
CH1_13_YAAN57_162_1_NA_9.9,CH1,2013,228,NA,NA,NA,NA,NA,NA,NA
CH1_13_YAAN57_162_1_NA_9.9,CH1,2013,240,2835.6,3.68120636876402,NA,1007,1828.6,NA,NA
CH1_13_YAAN57_162_1_NA_9.9,CH1,2013,299,NA,NA,1759.56,NA,NA,NA,NA
CH1_13_YAAN58_162_1_NA_9.9,CH1,2013,211,814.333333333334,0.926476634866667,NA,277.166666666667,537.166666666667,NA,NA
CH1_13_YAAN58_162_1_NA_9.9,CH1,2013,220,NA,NA,NA,NA,NA,NA,NA
CH1_13_YAAN58_162_1_NA_9.9,CH1,2013,225,2075,2.22552084892515,NA,668.928571428572,1406.07142857142,NA,NA
CH1_13_YAAN58_162_1_NA_9.9,CH1,2013,240,2521.48571428571,2.61822633810072,NA,828.114285714286,1655.97142857143,37.4,NA
CH1_13_YAAN58_162_1_NA_9.9,CH1,2013,300,NA,NA,1525.65504866071,NA,NA,NA,NA
CH1_13_YAAN59_162_1_NA_9.9,CH1,2013,211,1171.06666666667,1.46274164,NA,410.9,760.166666666667,NA,NA
CH1_13_YAAN59_162_1_NA_9.9,CH1,2013,217,NA,NA,NA,NA,NA,NA,NA
CH1_13_YAAN59_162_1_NA_9.9,CH1,2013,225,1339,1.80986544315672,NA,445.5,893.5,NA,NA
CH1_13_YAAN59_162_1_NA_9.9,CH1,2013,240,2780.2,3.07945744641999,NA,1089.8,1690.4,NA,NA
CH1_13_YAAN59_162_1_NA_9.9,CH1,2013,301,NA,NA,1079.034,NA,NA,NA,NA
CH1_13_YAAN6_162_1_NA_9.9,CH1,2013,206,NA,NA,NA,NA,NA,NA,NA
CH1_13_YAAN6_162_1_NA_9.9,CH1,2013,206,NA,NA,NA,NA,NA,NA,NA
CH1_13_YAAN6_162_1_NA_9.9,CH1,2013,211,1037.16666666667,1.51088878366667,NA,322.633333333333,714.533333333333,NA,NA
CH1_13_YAAN6_162_1_NA_9.9,CH1,2013,211,1037.16666666667,1.51088878366667,NA,322.633333333333,714.533333333334,NA,NA
CH1_13_YAAN6_162_1_NA_9.9,CH1,2013,225,2198.91666666667,2.59809484641404,NA,695.5,1371.16666666667,132.25,NA
CH1_13_YAAN6_162_1_NA_9.9,CH1,2013,225,2198.91666666667,2.59809484641404,NA,695.5,1371.16666666667,132.25,NA
CH1_13_YAAN6_162_1_NA_9.9,CH1,2013,240,3676,2.60674292089663,NA,929.4,1722.2,1024.4,NA
CH1_13_YAAN6_162_1_NA_9.9,CH1,2013,240,3676,2.60674292089663,NA,929.4,1722.2,1024.4,NA
CH1_13_YAAN6_162_1_NA_9.9,CH1,2013,280,NA,NA,1001.99738571429,NA,NA,NA,NA
CH1_13_YAAN6_162_1_NA_9.9,CH1,2013,280,NA,NA,1001.99738571429,NA,NA,NA,NA
CH1_13_YAAN60_162_1_NA_9.9,CH1,2013,211,1142.83333333333,1.693044175,NA,350.9,791.933333333333,NA,NA
CH1_13_YAAN60_162_1_NA_9.9,CH1,2013,225,2313.33333333333,2.49413632608139,NA,802.333333333333,1511,NA,NA
CH1_13_YAAN60_162_1_NA_9.9,CH1,2013,227,NA,NA,NA,NA,NA,NA,NA
CH1_13_YAAN60_162_1_NA_9.9,CH1,2013,240,2348.4,2.65233174579024,NA,855.6,1492.8,NA,NA
CH1_13_YAAN60_162_1_NA_9.9,CH1,2013,303,NA,NA,1686.707,NA,NA,NA,NA
CH1_13_YAAN61_162_1_NA_9.9,CH1,2013,211,745.099999999999,0.855328999133333,NA,245.633333333333,499.466666666666,NA,NA
CH1_13_YAAN61_162_1_NA_9.9,CH1,2013,214,NA,NA,NA,NA,NA,NA,NA
CH1_13_YAAN61_162_1_NA_9.9,CH1,2013,225,1217.8,1.20193078217989,NA,417,800.8,NA,NA
CH1_13_YAAN61_162_1_NA_9.9,CH1,2013,240,2426.33333333333,2.57267639204676,NA,826.5,1599.83333333333,NA,NA
CH1_13_YAAN61_162_1_NA_9.9,CH1,2013,306,NA,NA,1457.3185,NA,NA,NA,NA
CH1_13_YAAN63_162_1_NA_9.9,CH1,2013,211,615.466666666666,0.741030971066667,NA,203.5,411.966666666666,NA,NA
CH1_13_YAAN63_162_1_NA_9.9,CH1,2013,211,869.833333333333,0.953306762766667,NA,287.033333333333,582.8,NA,NA
CH1_13_YAAN63_162_1_NA_9.9,CH1,2013,211,869.833333333333,0.953306762766667,NA,287.033333333333,582.8,NA,NA
CH1_13_YAAN63_162_1_NA_9.9,CH1,2013,221,NA,NA,NA,NA,NA,NA,NA
CH1_13_YAAN63_162_1_NA_9.9,CH1,2013,225,1160.83333333333,1.24257948184049,NA,404,756.833333333334,NA,NA
CH1_13_YAAN63_162_1_NA_9.9,CH1,2013,225,1642.66666666667,1.70943506262794,NA,612.333333333333,1030.33333333333,NA,NA
CH1_13_YAAN63_162_1_NA_9.9,CH1,2013,225,1642.66666666667,1.70943506262794,NA,612.333333333333,1030.33333333333,NA,NA
CH1_13_YAAN63_162_1_NA_9.9,CH1,2013,229,NA,NA,NA,NA,NA,NA,NA
CH1_13_YAAN63_162_1_NA_9.9,CH1,2013,229,NA,NA,NA,NA,NA,NA,NA
CH1_13_YAAN63_162_1_NA_9.9,CH1,2013,240,2558.83333333333,2.26636827746424,NA,963.5,1595.33333333333,NA,NA
CH1_13_YAAN63_162_1_NA_9.9,CH1,2013,240,2954.83333333333,2.67360558099857,NA,1117.33333333333,1837.5,NA,NA
CH1_13_YAAN63_162_1_NA_9.9,CH1,2013,240,2954.83333333333,2.67360558099857,NA,1117.33333333333,1837.5,NA,NA
CH1_13_YAAN63_162_1_NA_9.9,CH1,2013,306,NA,NA,1290.729,NA,NA,NA,NA
CH1_13_YAAN63_162_1_NA_9.9,CH1,2013,306,NA,NA,2434.8192,NA,NA,NA,NA
CH1_13_YAAN63_162_1_NA_9.9,CH1,2013,306,NA,NA,2434.8192,NA,NA,NA,NA
CH1_13_YAAN64_162_1_NA_9.9,CH1,2013,211,518.066666666667,0.686460242166667,NA,159.1,358.966666666667,NA,NA
CH1_13_YAAN64_162_1_NA_9.9,CH1,2013,218,NA,NA,NA,NA,NA,NA,NA
CH1_13_YAAN64_162_1_NA_9.9,CH1,2013,225,1519.33333333333,1.54292547004458,NA,536.333333333333,983,NA,NA
CH1_13_YAAN64_162_1_NA_9.9,CH1,2013,240,2289.83333333333,2.54766653725549,NA,690.333333333333,1452.5,147,NA
CH1_13_YAAN64_162_1_NA_9.9,CH1,2013,310,NA,NA,1637.5095,NA,NA,NA,NA
CH1_13_YAAN65_162_1_NA_9.9,CH1,2013,211,666.9,0.9004361599,NA,202.3,464.6,NA,NA
CH1_13_YAAN65_162_1_NA_9.9,CH1,2013,211,666.9,0.9004361599,NA,202.3,464.6,NA,NA
CH1_13_YAAN65_162_1_NA_9.9,CH1,2013,218,NA,NA,NA,NA,NA,NA,NA
CH1_13_YAAN65_162_1_NA_9.9,CH1,2013,218,NA,NA,NA,NA,NA,NA,NA
CH1_13_YAAN65_162_1_NA_9.9,CH1,2013,225,1114.4,1.32222054218905,NA,364.2,750.2,NA,NA
CH1_13_YAAN65_162_1_NA_9.9,CH1,2013,225,1114.4,1.32222054218905,NA,364.2,750.2,NA,NA
CH1_13_YAAN65_162_1_NA_9.9,CH1,2013,240,3070.16666666666,3.22229612468209,NA,1214.33333333333,1855.83333333333,NA,NA
CH1_13_YAAN65_162_1_NA_9.9,CH1,2013,240,3070.16666666667,3.22229612468209,NA,1214.33333333333,1855.83333333333,NA,NA
CH1_13_YAAN65_162_1_NA_9.9,CH1,2013,310,NA,NA,2363.504,NA,NA,NA,NA
CH1_13_YAAN65_162_1_NA_9.9,CH1,2013,310,NA,NA,2363.504,NA,NA,NA,NA
CH1_13_YAAN66_162_1_NA_9.9,CH1,2013,211,1052.2,0.895708786,NA,294.933333333333,757.266666666666,NA,NA
CH1_13_YAAN66_162_1_NA_9.9,CH1,2013,224,NA,NA,NA,NA,NA,NA,NA
CH1_13_YAAN66_162_1_NA_9.9,CH1,2013,225,2399.66666666667,1.73014318323868,NA,737.666666666667,1662,NA,NA
CH1_13_YAAN66_162_1_NA_9.9,CH1,2013,240,3088,2.34081587502016,NA,1041,2047,NA,NA
CH1_13_YAAN66_162_1_NA_9.9,CH1,2013,310,NA,NA,1876.688,NA,NA,NA,NA
CH1_13_YAAN67_162_1_NA_9.9,CH1,2013,211,1141.66666666667,1.3208147559,NA,358.133333333333,783.533333333333,NA,NA
CH1_13_YAAN67_162_1_NA_9.9,CH1,2013,225,1693.4,1.59973012885849,NA,556.8,1136.6,NA,NA
CH1_13_YAAN67_162_1_NA_9.9,CH1,2013,231,NA,NA,NA,NA,NA,NA,NA
CH1_13_YAAN67_162_1_NA_9.9,CH1,2013,240,2601,2.50961813975044,NA,946.2,1654.8,NA,NA
CH1_13_YAAN67_162_1_NA_9.9,CH1,2013,310,NA,NA,1717.98825,NA,NA,NA,NA
CH1_13_YAAN7_162_1_NA_9.9,CH1,2013,207,NA,NA,NA,NA,NA,NA,NA
CH1_13_YAAN7_162_1_NA_9.9,CH1,2013,211,1024.26666666667,1.32333296133333,NA,324.133333333333,700.133333333333,NA,NA
CH1_13_YAAN7_162_1_NA_9.9,CH1,2013,225,1995.2,2.16559697474385,NA,621.6,1212.6,161,NA
CH1_13_YAAN7_162_1_NA_9.9,CH1,2013,240,3449.16666666667,3.55249146572599,NA,1030.16666666667,1599.5,819.5,NA
CH1_13_YAAN7_162_1_NA_9.9,CH1,2013,280,NA,NA,1543.2725,NA,NA,NA,NA
CH1_13_YAAN8_162_1_NA_9.9,CH1,2013,208,NA,NA,NA,NA,NA,NA,NA
CH1_13_YAAN8_162_1_NA_9.9,CH1,2013,211,1002.96666666667,1.40948686533333,NA,326.8,676.166666666667,NA,NA
CH1_13_YAAN8_162_1_NA_9.9,CH1,2013,225,2335.33333333333,2.24908025946107,NA,846.666666666667,1488.66666666666,NA,NA
CH1_13_YAAN8_162_1_NA_9.9,CH1,2013,240,2577.83333333333,2.23176504350568,NA,870.666666666667,1460,247.166666666667,NA
CH1_13_YAAN8_162_1_NA_9.9,CH1,2013,280,NA,NA,1075.47165,NA,NA,NA,NA
CH1_13_YAAN9_162_1_NA_9.9,CH1,2013,209,NA,NA,NA,NA,NA,NA,NA
CH1_13_YAAN9_162_1_NA_9.9,CH1,2013,209,NA,NA,NA,NA,NA,NA,NA
CH1_13_YAAN9_162_1_NA_9.9,CH1,2013,211,1219.36666666667,1.50567208633333,NA,373.366666666667,846,NA,NA
CH1_13_YAAN9_162_1_NA_9.9,CH1,2013,211,1219.36666666667,1.50567208633333,NA,373.366666666667,846,NA,NA
CH1_13_YAAN9_162_1_NA_9.9,CH1,2013,225,1588.5,1.61765907051503,NA,469.5,960.5,158.5,NA
CH1_13_YAAN9_162_1_NA_9.9,CH1,2013,225,1588.5,1.61765907051503,NA,469.5,960.5,158.5,NA
CH1_13_YAAN9_162_1_NA_9.9,CH1,2013,240,3935.33333333333,1.91072435799187,NA,753.666666666667,1674,1507.66666666667,NA
CH1_13_YAAN9_162_1_NA_9.9,CH1,2013,240,3935.33333333334,1.91072435799187,NA,753.666666666667,1674,1507.66666666667,NA
CH1_13_YAAN9_162_1_NA_9.9,CH1,2013,280,NA,NA,1306.52704285714,NA,NA,NA,NA
CH1_13_YAAN9_162_1_NA_9.9,CH1,2013,280,NA,NA,1306.52704285714,NA,NA,NA,NA
JP1_15_RYU_156_0_30_9.5,JP1,2015,215,1147.06674473068,1.73384320141701,NA,NA,NA,NA,NA
JP1_15_RYU_156_0_30_9.5,JP1,2015,231,3573.1384251215,3.77485541371873,NA,NA,NA,NA,NA
JP1_15_RYU_156_0_30_9.5,JP1,2015,250,5392.59672619048,3.12625014047153,NA,NA,NA,NA,NA
JP1_15_RYU_156_0_30_9.5,JP1,2015,288,NA,NA,2702.59359231908,NA,NA,NA,NA
JP1_15_RYU_176_0_30_9.5,JP1,2015,224,694.339099997482,1.1382863064654,NA,NA,NA,NA,NA
JP1_15_RYU_176_0_30_9.5,JP1,2015,240,2215.54711304802,3.04473632894342,NA,NA,NA,NA,NA
JP1_15_RYU_176_0_30_9.5,JP1,2015,259,4513.4952177923,3.52336387192308,NA,NA,NA,NA,NA
JP1_15_RYU_176_0_30_9.5,JP1,2015,292,NA,NA,2014.37069103736,NA,NA,NA,NA
JP1_16_RYU_158_0_30_9.5,JP1,2016,217,603.730158730159,1.10373788253649,NA,NA,NA,NA,NA
JP1_16_RYU_158_0_30_9.5,JP1,2016,234,2821.11111111111,3.48548242975883,NA,NA,NA,NA,NA
JP1_16_RYU_158_0_30_9.5,JP1,2016,255,5801.42857142857,3.10099736116965,NA,NA,NA,NA,NA
JP1_16_RYU_158_0_30_9.5,JP1,2016,293,NA,NA,3333.0626206038,NA,NA,NA,NA
JP1_13_RYU_133_0_30_9.5,JP1,2013,185,616.455026455027,1.12932721646267,NA,NA,NA,NA,NA
JP1_13_RYU_133_0_30_9.5,JP1,2013,206,2477.08994708995,4.42472050537997,NA,NA,NA,NA,NA
JP1_13_RYU_133_0_30_9.5,JP1,2013,234,6622.06349206349,5.67837796368998,NA,NA,NA,NA,NA
JP1_13_RYU_133_0_30_9.5,JP1,2013,272,NA,NA,4283.59757236228,NA,NA,NA,NA
JP1_13_RYU_148_0_30_9.5,JP1,2013,185,276.931216931217,0.483453100054654,NA,NA,NA,NA,NA
JP1_13_RYU_148_0_30_9.5,JP1,2013,206,1702.43386243386,3.43017304956648,NA,NA,NA,NA,NA
JP1_13_RYU_148_0_30_9.5,JP1,2013,234,5668.25396825397,5.43308864757215,NA,NA,NA,NA,NA
JP1_13_RYU_148_0_30_9.5,JP1,2013,275,NA,NA,3948.43508403361,NA,NA,NA,NA
JP1_14_RYU_136_0_30_9.5,JP1,2014,195,1232.41830065359,2.65330934804991,NA,NA,NA,NA,NA
JP1_14_RYU_136_0_30_9.5,JP1,2014,225,4758.27450980392,4.94949706331227,NA,NA,NA,NA,NA
JP1_14_RYU_136_0_30_9.5,JP1,2014,246,8421.43790849673,6.68890932005018,NA,NA,NA,NA,NA
JP1_14_RYU_136_0_30_9.5,JP1,2014,274,NA,NA,4278.01548708372,NA,NA,NA,NA
JP1_14_RYU_150_0_30_9.5,JP1,2014,202,731.712418300654,1.21482022380203,NA,NA,NA,NA,NA
JP1_14_RYU_150_0_30_9.5,JP1,2014,232,3760.57516339869,4.59337689422054,NA,NA,NA,NA,NA
JP1_14_RYU_150_0_30_9.5,JP1,2014,255,7244.38518518519,3.95277731500339,NA,NA,NA,NA,NA
JP1_14_RYU_150_0_30_9.5,JP1,2014,283,NA,NA,3604.62687830688,NA,NA,NA,NA
JP1_15_RYU_134_0_30_9.5,JP1,2015,202,1535.88309397833,2.61716699690004,NA,NA,NA,NA,NA
JP1_15_RYU_134_0_30_9.5,JP1,2015,223,6618.61929957168,6.75568170955972,NA,NA,NA,NA,NA
JP1_15_RYU_134_0_30_9.5,JP1,NA,NA,NA,NA,NA,NA,NA,NA,NA
JP1_15_RYU_134_0_30_9.5,JP1,2015,278,NA,NA,4079.06165294401,NA,NA,NA,NA
JP1_15_RYU_149_0_30_9.5,JP1,2015,209,1788.20861678005,3.4542160814137,NA,NA,NA,NA,NA
JP1_15_RYU_149_0_30_9.5,JP1,2015,229,5726.06198034769,6.0049020794833,NA,NA,NA,NA,NA
JP1_15_RYU_149_0_30_9.5,JP1,NA,NA,NA,NA,NA,NA,NA,NA,NA
JP1_15_RYU_149_0_30_9.5,JP1,2015,288,NA,NA,3668.02139037433,NA,NA,NA,NA
JP2_13_RYU_163_0_25_9.5,JP2,2013,182,90.7936507936508,0.173840936007718,NA,27.9459670350995,62.8476837585513,0,NA
JP2_13_RYU_163_0_25_9.5,JP2,2013,197,715.336116338127,1.16710150472421,NA,197.880668761284,517.455447576842,0,NA
JP2_13_RYU_163_0_25_9.5,JP2,2013,207,1568.72553495876,2.82124423970216,NA,520.911635161768,1047.81389979699,0,NA
JP2_13_RYU_163_0_25_9.5,JP2,2013,221,4661.1753992415,6.14571821832898,NA,1481.52088690823,2814.84817654484,364.806335788426,NA
JP2_13_RYU_163_0_25_9.5,JP2,2013,241,7360.51309076972,NA,NA,1710.16059312866,2824.00211442616,2826.35038321491,NA
JP2_13_RYU_163_0_25_9.5,JP2,2013,288,NA,NA,4052.59694400952,NA,0,0,NA
JP2_13_RYU_212_0_25_9.5,JP2,2013,239,397.982165550095,0.747901334699053,NA,102.821258120304,295.160907429792,0,NA
JP2_13_RYU_212_0_25_9.5,JP2,2013,245,1137.87272447015,2.28584100500913,NA,313.180837938227,824.691886531921,0,NA
JP2_13_RYU_212_0_25_9.5,JP2,2013,256,2438.59248340687,3.54761762102257,NA,638.921456652268,1547.79356794579,251.877458808803,NA
JP2_13_RYU_212_0_25_9.5,JP2,2013,277,4795.83708145927,NA,NA,993.045308871812,1967.77708053668,1835.01469205078,NA
JP2_13_RYU_212_0_25_9.5,JP2,2013,310,NA,NA,1919.80665844581,NA,0,0,NA
JP2_15_RYU_155_0_27_9.5,JP2,2015,188,236.387790751035,0.401398752388362,NA,70.148849300245,166.23894145079,0,NA
JP2_15_RYU_155_0_27_9.5,JP2,2015,203,1638.4726364695,2.71847909125998,NA,520.787658529923,1117.68497793958,0,NA
JP2_15_RYU_155_0_27_9.5,JP2,2015,218,3926.87863524598,5.16022968444467,NA,1218.62640266296,2482.68581192997,225.566420653052,NA
JP2_15_RYU_155_0_27_9.5,JP2,2015,239,7802.49317538174,5.37775845155848,NA,1922.45767245002,3274.91268627487,2605.12281665685,NA
JP2_15_RYU_155_0_27_9.5,JP2,2015,282,NA,NA,3734.44270329534,NA,0,0,NA
JP2_13_ENR_163_0_25_9.5,JP2,2013,182,70.8730158730159,0.196741631724123,NA,17.8311823774872,53.0418334955287,0,NA
JP2_13_ENR_163_0_25_9.5,JP2,2013,197,612.910537570116,1.09220083611478,NA,183.471015629298,429.439521940819,0,NA
JP2_13_ENR_163_0_25_9.5,JP2,2013,210,1909.2761330997,3.72618113657131,NA,638.956625572969,1270.31950752673,0,NA
JP2_13_ENR_163_0_25_9.5,JP2,2013,227,5621.1267656079,7.260048480712,NA,1844.78435310197,3563.39950199964,212.942910506289,NA
JP2_13_ENR_163_0_25_9.5,JP2,2013,248,8614.52365206987,NA,NA,2204.72474098994,3532.058743936,2877.74016714393,NA
JP2_13_ENR_163_0_25_9.5,JP2,2013,288,NA,NA,3154.47639350787,NA,0,0,NA
JP2_13_ENR_212_0_25_9.5,JP2,2013,239,373.509142053446,0.735941464909626,NA,100.361500239589,273.147641813856,0,NA
JP2_13_ENR_212_0_25_9.5,JP2,2013,245,997.865588774011,2.26385047442104,NA,284.895930463135,712.969658310876,0,NA
JP2_13_ENR_212_0_25_9.5,JP2,2013,256,2503.91949424044,3.532418663191,NA,636.904166367269,1650.89112880443,216.124199068737,NA
JP2_13_ENR_212_0_25_9.5,JP2,2013,277,4754.80943636049,NA,NA,911.273159297903,1995.57962657135,1847.95665049124,NA
JP2_13_ENR_212_0_25_9.5,JP2,2013,304,NA,NA,1806.77915241954,NA,0,0,NA
JP2_14_ENR_168_0_27_9.5,JP2,2014,204,566.480120417814,1.43124649274979,NA,163.80437757711,402.675742840704,0,NA
JP2_14_ENR_168_0_27_9.5,JP2,2014,213,2472.3979968832,4.76124517583487,NA,858.415911659133,1613.98208522407,0,NA
JP2_14_ENR_168_0_27_9.5,JP2,2014,232,5533.85798888241,7.30358080099607,NA,1889.01682032982,3312.40163419885,332.439534353745,NA
JP2_14_ENR_168_0_27_9.5,JP2,2014,265,8161.97505190543,4.93854008821882,NA,1734.21425506391,2317.69666576503,4110.06413107649,NA
JP2_14_ENR_168_0_27_9.5,JP2,2014,290,NA,NA,3413.96582628623,NA,0,0,NA
JP2_14_ENR_198_0_27_9.5,JP2,2014,227,674.332920174728,1.37182729187444,NA,199.079823229443,475.253096945285,0,NA
JP2_14_ENR_198_0_27_9.5,JP2,2014,234,1723.97438427323,4.01958094849462,NA,542.585286680149,1181.38909759309,0,NA
JP2_14_ENR_198_0_27_9.5,JP2,2014,247,3074.48412698413,4.61255718796809,NA,951.323871895353,1859.55114187467,263.609113214101,NA
JP2_14_ENR_198_0_27_9.5,JP2,2014,280,6408.51994421199,3.66114199948494,NA,1273.39187082792,1919.29427747721,3215.83379590686,NA
JP2_14_ENR_198_0_27_9.5,JP2,2014,300,NA,NA,2636.15937079815,NA,0,0,NA
JP2_15_ENR_155_0_27_9.5,JP2,2015,188,325.57852556333,0.597977698226435,NA,102.393316576264,223.185208987065,0,NA
JP2_15_ENR_155_0_27_9.5,JP2,2015,205,2355.96910860382,4.08455176929936,NA,867.734112452642,1488.23499615118,0,NA
JP2_15_ENR_155_0_27_9.5,JP2,2015,226,6375.0637603535,8.76523844629387,NA,2327.75613037482,3884.35819314897,162.949436829704,NA
JP2_15_ENR_155_0_27_9.5,JP2,2015,246,7887.89197110868,6.73574226494409,NA,2513.26810360619,3535.06200016058,1839.56186734191,NA
JP2_15_ENR_155_0_27_9.5,JP2,2015,282,NA,NA,2547.11846419167,NA,0,0,NA
JP2_15_ENR_181_0_27_9.5,JP2,2015,215,827.84584053057,1.54724418385729,NA,260.740591492852,567.105249037717,0,NA
JP2_15_ENR_181_0_27_9.5,JP2,2015,222,1798.16602413489,3.69778815857905,NA,587.533080329444,1210.63294380545,0,NA
JP2_15_ENR_181_0_27_9.5,JP2,2015,236,4113.91035478678,6.56545508274776,NA,1241.781187095,2675.52813706435,196.601030627424,NA
JP2_15_ENR_181_0_27_9.5,JP2,2015,257,6212.42036637137,5.59416550782387,NA,1443.26344579351,2726.65702439713,2042.49989618073,NA
JP2_15_ENR_181_0_27_9.5,JP2,2015,292,NA,NA,3070.86513833387,NA,0,0,NA
JP2_15_ENR_181_0_27_19,JP2,2015,215,1494.4288864486,2.81196216120711,NA,473.116608882613,1021.31227756599,0,NA
JP2_15_ENR_181_0_27_19,JP2,2015,222,2566.57787744823,5.06451318229321,NA,861.510418757532,1705.06745869069,0,NA
JP2_15_ENR_181_0_27_19,JP2,2015,236,4729.63762495904,7.55635710435717,NA,1588.8111527748,2901.58605375681,239.240418427432,NA
JP2_15_ENR_181_0_27_19,JP2,2015,257,5835.99802722848,5.47680810004219,NA,1577.8844979595,2326.77122898005,1931.34230028893,NA
JP2_15_ENR_181_0_27_19,JP2,2015,292,NA,NA,2779.94431421397,NA,0,0,NA
JP2_13_FUK_163_0_25_9.5,JP2,2013,182,82.2222222222222,0.174903212167164,NA,25.5992551344274,56.6229670877948,0,NA
JP2_13_FUK_163_0_25_9.5,JP2,2013,197,706.219570260379,1.17849561896491,NA,194.209769027548,512.009801232832,0,NA
JP2_13_FUK_163_0_25_9.5,JP2,2013,221,5330.56542052052,9.35579964447428,NA,1987.36670339387,3343.19871712665,0,NA
JP2_13_FUK_163_0_25_9.5,JP2,2013,248,6664.92857015356,7.34658130201058,NA,3239.8180431368,3245.05797666566,180.052550351098,NA
JP2_13_FUK_163_0_25_9.5,JP2,2013,267,8347.91746647959,NA,NA,3272.53350999045,2986.40698546047,2088.97697102867,NA
JP2_13_FUK_163_0_25_9.5,JP2,2013,310,NA,NA,3486.40416359802,NA,0,0,NA
JP2_13_FUK_212_0_25_9.5,JP2,2013,239,408.485338617027,0.770496437340958,NA,108.212236936585,300.273101680442,0,NA
JP2_13_FUK_212_0_25_9.5,JP2,2013,249,1604.06687408033,3.35460680890035,NA,509.287278105573,1094.77959597475,0,NA
JP2_13_FUK_212_0_25_9.5,JP2,2013,262,3292.59422835112,4.86814381718261,NA,1009.03212894685,2165.35180477672,118.210294627558,NA
JP2_13_FUK_212_0_25_9.5,JP2,2013,281,4782.39626569777,NA,NA,1267.11571498382,2170.41958110704,1344.8609696069,NA
JP2_13_FUK_212_0_25_9.5,JP2,2013,330,NA,NA,1735.84945581178,NA,0,0,NA
JP2_14_FUK_168_0_27_9.5,JP2,2014,204,600.537954629221,1.34336193686892,NA,154.486218007794,446.051736621427,0,NA
JP2_14_FUK_168_0_27_9.5,JP2,2014,227,4783.18141114431,8.19177866218405,NA,1841.76952810709,2941.41188303722,0,NA
JP2_14_FUK_168_0_27_9.5,JP2,2014,255,5317.32730688515,5.41437899100091,NA,2838.40964878023,2247.95386537067,230.96379273424,NA
JP2_14_FUK_168_0_27_9.5,JP2,2014,283,7927.21300766018,4.03548829501597,NA,3268.29140888035,2095.99957493515,2562.92202384468,NA
JP2_14_FUK_168_0_27_9.5,JP2,2014,317,NA,NA,2310.98168451057,NA,0,0,NA
JP2_14_FUK_198_0_27_9.5,JP2,2014,227,651.443494519249,1.29357798591142,NA,172.002355591069,479.44113892818,0,NA
JP2_14_FUK_198_0_27_9.5,JP2,2014,240,2264.98851534234,4.84306827133578,NA,705.512746011489,1559.47576933085,0,NA
JP2_14_FUK_198_0_27_9.5,JP2,2014,259,4969.56349206349,6.2825694690627,NA,1802.97249108164,2860.44426709904,306.146733882821,NA
JP2_14_FUK_198_0_27_9.5,JP2,2014,288,7666.84473130073,5.19523117007855,NA,2029.54264658941,2505.93038284372,3131.3717018676,NA
JP2_14_FUK_198_0_27_9.5,JP2,2014,324,NA,NA,3165.54537123166,NA,0,0,NA
JP2_15_FUK_181_0_27_9.5,JP2,2015,215,730.572785627992,1.32563965766043,NA,211.468207099331,519.104578528661,0,NA
JP2_15_FUK_181_0_27_9.5,JP2,2015,232,3438.98354495225,5.82827445442966,NA,1185.42848730578,2253.55505764646,0,NA
JP2_15_FUK_181_0_27_9.5,JP2,2015,254,5572.02608386398,7.95241432256183,NA,2295.40715974662,3108.97446592399,167.644458193369,NA
JP2_15_FUK_181_0_27_9.5,JP2,2015,273,5104.32127962703,3.94102559390314,NA,1978.18964958748,1911.57558756174,1214.55604247781,NA
JP2_15_FUK_181_0_27_9.5,JP2,2015,315,NA,NA,2150.12907782408,NA,0,0,NA
JP2_15_FUK_181_0_27_19,JP2,2015,215,1360.40538405929,2.79640735061293,NA,407.490981650989,952.914402408301,0,NA
JP2_15_FUK_181_0_27_19,JP2,2015,232,4311.46778897633,5.89156337588743,NA,1589.51957700252,2721.94821197381,0,NA
JP2_15_FUK_181_0_27_19,JP2,2015,254,5294.08997383208,7.46773412654908,NA,2398.0468586536,2799.32511220758,96.7180029709,NA
JP2_15_FUK_181_0_27_19,JP2,2015,273,6954.28921630195,5.05726728665176,NA,2720.01232039042,2597.66127768575,1636.61561822578,NA
JP2_15_FUK_181_0_27_19,JP2,2015,315,NA,NA,3746.14824782231,NA,0,0,NA
US1_01_PAN_143_0_0_28.6_AMBIENT,US1,2001,163,90.349956258549,NA,0,21.1154855650245,NA,0,0
US1_01_PAN_143_0_0_28.6_AMBIENT,US1,2001,166,NA,0.29,NA,NA,NA,NA,NA
US1_01_PAN_143_0_0_28.6_AMBIENT,US1,2001,171,NA,0.33,NA,NA,NA,NA,NA
US1_01_PAN_143_0_0_28.6_AMBIENT,US1,2001,172,228.167104119767,NA,0,60.7305336853605,167.436570434406,0,0
US1_01_PAN_143_0_0_28.6_AMBIENT,US1,2001,177,459.116360470599,NA,0,139.383202104491,319.733158366108,0,0
US1_01_PAN_143_0_0_28.6_AMBIENT,US1,2001,178,NA,0.62,NA,NA,NA,NA,NA
US1_01_PAN_143_0_0_28.6_AMBIENT,US1,2001,183,NA,1.24,NA,NA,NA,NA,NA
US1_01_PAN_143_0_0_28.6_AMBIENT,US1,2001,190,NA,2.83,NA,NA,NA,NA,NA
US1_01_PAN_143_0_0_28.6_AMBIENT,US1,2001,192,1684.12073496557,NA,0,754.811898538425,929.30883642714,0,0
US1_01_PAN_143_0_0_28.6_AMBIENT,US1,2001,198,NA,4.42,NA,NA,NA,NA,NA
US1_01_PAN_143_0_0_28.6_AMBIENT,US1,2001,206,4067.89588815271,NA,0,2344.29133866262,1723.6045494901,0,0
US1_01_PAN_143_0_0_28.6_AMBIENT,US1,2001,209,NA,6.34,NA,NA,NA,NA,NA
US1_01_PAN_143_0_0_28.6_AMBIENT,US1,2001,220,9044.37445350176,NA,0,5468.066491875,2830.2712161945,746.036745432264,0
US1_01_PAN_143_0_0_28.6_AMBIENT,US1,2001,228,NA,6.24,NA,NA,NA,NA,NA
US1_01_PAN_143_0_0_28.6_AMBIENT,US1,2001,234,11080.9711289868,NA,0,5739.282589872,2788.65704296473,2553.03149615005,0
US1_01_PAN_143_0_0_28.6_AMBIENT,US1,2001,248,8132.9177605573,NA,0,3486.4391952195,1403.8626422176,3242.6159231202,0
US1_01_PAN_143_0_0_28.6_AMBIENT,US1,2001,262,8374.54068270027,NA,0,3670.1662293465,647.69466318919,4056.67979016458,0
US1_01_PAN_143_0_0_28.6_AMBIENT,US1,2001,272,NA,2.44,NA,NA,NA,NA,NA
US1_01_PAN_143_0_0_28.6_AMBIENT,US1,2001,274,10921.4435699262,NA,0,3543.307086735,NA,7353.40769928837,0
US1_01_PAN_143_0_0_28.6_AMBIENT,US1,2001,291,13370.0874895198,NA,0,4006.999125246,NA,9363.08836427379,0
US1_01_PAN_143_0_0_33.8_AMBIENT,US1,2001,163,62.257217849892,NA,0,13.980752406426,NA,0,0
US1_01_PAN_143_0_0_33.8_AMBIENT,US1,2001,166,NA,0.29,NA,NA,NA,NA,NA
US1_01_PAN_143_0_0_33.8_AMBIENT,US1,2001,171,NA,0.33,NA,NA,NA,NA,NA
US1_01_PAN_143_0_0_33.8_AMBIENT,US1,2001,172,162.016622927659,NA,0,47.3097112877025,114.706911639957,0,0
US1_01_PAN_143_0_0_33.8_AMBIENT,US1,2001,177,434.741907276417,NA,0,126.272965883571,308.468941392846,0,0
US1_01_PAN_143_0_0_33.8_AMBIENT,US1,2001,178,NA,0.62,NA,NA,NA,NA,NA
US1_01_PAN_143_0_0_33.8_AMBIENT,US1,2001,183,NA,1.24,NA,NA,NA,NA,NA
US1_01_PAN_143_0_0_33.8_AMBIENT,US1,2001,190,NA,2.83,NA,NA,NA,NA,NA
US1_01_PAN_143_0_0_33.8_AMBIENT,US1,2001,192,1507.63342087381,NA,0,632.174103258652,875.459317615155,0,0
US1_01_PAN_143_0_0_33.8_AMBIENT,US1,2001,198,NA,4.42,NA,NA,NA,NA,NA
US1_01_PAN_143_0_0_33.8_AMBIENT,US1,2001,206,3342.26596686813,NA,0,1838.78390207495,1503.48206479318,0,0
US1_01_PAN_143_0_0_33.8_AMBIENT,US1,2001,209,NA,6.34,NA,NA,NA,NA,NA
US1_01_PAN_143_0_0_33.8_AMBIENT,US1,2001,220,8560.59492592621,NA,0,5048.118985299,2755.905511905,756.570428722212,0
US1_01_PAN_143_0_0_33.8_AMBIENT,US1,2001,228,NA,6.24,NA,NA,NA,NA,NA
US1_01_PAN_143_0_0_33.8_AMBIENT,US1,2001,234,10247.3140860887,NA,0,5621.1723536475,2652.81277349379,1973.32895894743,0
US1_01_PAN_143_0_0_33.8_AMBIENT,US1,2001,248,12571.4960634208,NA,0,5253.7182853935,2211.91601057411,5105.8617674532,0
US1_01_PAN_143_0_0_33.8_AMBIENT,US1,2001,262,12232.1216102159,NA,0,4645.669291497,293.53893264343,7292.91338607546,0
US1_01_PAN_143_0_0_33.8_AMBIENT,US1,2001,272,NA,2.44,NA,NA,NA,NA,NA
US1_01_PAN_143_0_0_33.8_AMBIENT,US1,2001,274,9468.99387608842,NA,0,3197.7252844485,NA,6271.26859163992,0
US1_01_PAN_143_0_0_33.8_AMBIENT,US1,2001,291,9367.12161011819,NA,0,2878.390201323,NA,6488.73140879519,0
US1_01_PAN_143_0_0_37.8_AMBIENT,US1,2001,163,59.851268593467,NA,0,13.2939632550465,NA,0,0
US1_01_PAN_143_0_0_37.8_AMBIENT,US1,2001,166,NA,0.29,NA,NA,NA,NA,NA
US1_01_PAN_143_0_0_37.8_AMBIENT,US1,2001,171,NA,0.33,NA,NA,NA,NA,NA
US1_01_PAN_143_0_0_37.8_AMBIENT,US1,2001,172,136.73228346923,NA,0,43.272090990102,NA,0,0
US1_01_PAN_143_0_0_37.8_AMBIENT,US1,2001,177,444.160105002022,NA,0,127.869641299198,316.290463702824,0,0
US1_01_PAN_143_0_0_37.8_AMBIENT,US1,2001,178,NA,0.62,NA,NA,NA,NA,NA
US1_01_PAN_143_0_0_37.8_AMBIENT,US1,2001,183,NA,1.24,NA,NA,NA,NA,NA
US1_01_PAN_143_0_0_37.8_AMBIENT,US1,2001,190,NA,2.83,NA,NA,NA,NA,NA
US1_01_PAN_143_0_0_37.8_AMBIENT,US1,2001,192,1380.76990380911,NA,0,498.005249360814,882.7646544483,0,0
US1_01_PAN_143_0_0_37.8_AMBIENT,US1,2001,198,NA,4.42,NA,NA,NA,NA,NA
US1_01_PAN_143_0_0_37.8_AMBIENT,US1,2001,206,3448.97637807037,NA,0,1806.6491689155,1642.32720915487,0,0
US1_01_PAN_143_0_0_37.8_AMBIENT,US1,2001,209,NA,6.34,NA,NA,NA,NA,NA
US1_01_PAN_143_0_0_37.8_AMBIENT,US1,2001,220,6587.16535455533,NA,0,3827.6465443125,2157.2134733894,602.305336853434,0
US1_01_PAN_143_0_0_37.8_AMBIENT,US1,2001,228,NA,6.24,NA,NA,NA,NA,NA
US1_01_PAN_143_0_0_37.8_AMBIENT,US1,2001,234,10714.8643923164,NA,0,5424.32195994,2658.84514444762,2631.69728792876,0
US1_01_PAN_143_0_0_37.8_AMBIENT,US1,2001,248,15380.3893268587,NA,0,6027.996500643,2881.74103246922,6470.65179374646,0
US1_01_PAN_143_0_0_37.8_AMBIENT,US1,2001,262,11123.1714789445,NA,0,4496.937882918,540.660542450633,6085.57305357585,0
US1_01_PAN_143_0_0_37.8_AMBIENT,US1,2001,272,NA,2.44,NA,NA,NA,NA,NA
US1_01_PAN_143_0_0_37.8_AMBIENT,US1,2001,274,12608.3989505612,NA,0,4313.210848791,NA,8287.60279993265,0
US1_01_PAN_143_0_0_37.8_AMBIENT,US1,2001,291,8660.46806678701,NA,0,2633.420822487,NA,6027.04724430001,0
US1_01_PAN_143_0_0_37_AMBIENT,US1,2001,163,64.409448821094,NA,0,13.9151356085235,NA,0,0
US1_01_PAN_143_0_0_37_AMBIENT,US1,2001,166,NA,0.29,NA,NA,NA,NA,NA
US1_01_PAN_143_0_0_37_AMBIENT,US1,2001,171,NA,0.33,NA,NA,NA,NA,NA
US1_01_PAN_143_0_0_37_AMBIENT,US1,2001,172,164.146981632894,NA,0,49.597550307903,114.549431324991,0,0
US1_01_PAN_143_0_0_37_AMBIENT,US1,2001,177,285.437445329069,NA,0,79.912510938858,205.52493439021,0,0
US1_01_PAN_143_0_0_37_AMBIENT,US1,2001,178,NA,0.62,NA,NA,NA,NA,NA
US1_01_PAN_143_0_0_37_AMBIENT,US1,2001,183,NA,1.24,NA,NA,NA,NA,NA
US1_01_PAN_143_0_0_37_AMBIENT,US1,2001,190,NA,2.83,NA,NA,NA,NA,NA
US1_01_PAN_143_0_0_37_AMBIENT,US1,2001,192,774.728783928431,NA,0,289.601924769281,485.12685915915,0,0
US1_01_PAN_143_0_0_37_AMBIENT,US1,2001,198,NA,4.42,NA,NA,NA,NA,NA
US1_01_PAN_143_0_0_37_AMBIENT,US1,2001,206,3569.05511823194,NA,0,1881.014873205,1688.04024502694,0,0
US1_01_PAN_143_0_0_37_AMBIENT,US1,2001,209,NA,6.34,NA,NA,NA,NA,NA
US1_01_PAN_143_0_0_37_AMBIENT,US1,2001,220,7455.36745432247,NA,0,4273.8407700495,2533.42957138998,648.097112882993,0
US1_01_PAN_143_0_0_37_AMBIENT,US1,2001,228,NA,6.24,NA,NA,NA,NA,NA
US1_01_PAN_143_0_0_37_AMBIENT,US1,2001,234,9031.82852174281,NA,0,4912.5109363005,2519.12948390043,1600.18810154188,0
US1_01_PAN_143_0_0_37_AMBIENT,US1,2001,248,11235.9361333665,NA,0,4846.894138398,2349.75940515449,4039.28258981403,0
US1_01_PAN_143_0_0_37_AMBIENT,US1,2001,262,12252.0253722463,NA,0,4951.881015042,617.064741928304,6683.07961527601,0
US1_01_PAN_143_0_0_37_AMBIENT,US1,2001,272,NA,2.44,NA,NA,NA,NA,NA
US1_01_PAN_143_0_0_37_AMBIENT,US1,2001,274,7750.97987777962,NA,0,2847.7690289685,NA,4852.33158371752,0
US1_01_PAN_143_0_0_37_AMBIENT,US1,2001,291,9371.91163636508,NA,0,3241.4698163835,NA,6130.44181998158,0
US1_02_PIO_152_0_0_44.8_AMBIENT,US1,2002,178,NA,0.89,NA,NA,NA,NA,NA
US1_02_PIO_152_0_0_44.8_AMBIENT,US1,2002,179,255.218722639199,NA,0,82.917760273315,172.300962365884,0,0
US1_02_PIO_152_0_0_44.8_AMBIENT,US1,2002,184,NA,1.3,NA,NA,NA,NA,NA
US1_02_PIO_152_0_0_44.8_AMBIENT,US1,2002,189,975.503062039,NA,0,411.198600142,564.304461897,0,0
US1_02_PIO_152_0_0_44.8_AMBIENT,US1,2002,191,NA,2.09,NA,NA,NA,NA,NA
US1_02_PIO_152_0_0_44.8_AMBIENT,US1,2002,198,NA,3.05,NA,NA,NA,NA,NA
US1_02_PIO_152_0_0_44.8_AMBIENT,US1,2002,203,2582.6771651472,NA,0,1454.0682413532,1128.608923794,0,0
US1_02_PIO_152_0_0_44.8_AMBIENT,US1,2002,205,NA,4.73,NA,NA,NA,NA,NA
US1_02_PIO_152_0_0_44.8_AMBIENT,US1,2002,211,NA,5.9,NA,NA,NA,NA,NA
US1_02_PIO_152_0_0_44.8_AMBIENT,US1,2002,217,5077.8652664344,NA,0,3240.5949253744,1748.0314959228,89.2388451372,0
US1_02_PIO_152_0_0_44.8_AMBIENT,US1,2002,221,NA,6.72,NA,NA,NA,NA,NA
US1_02_PIO_152_0_0_44.8_AMBIENT,US1,2002,228,NA,6.07,NA,NA,NA,NA,NA
US1_02_PIO_152_0_0_44.8_AMBIENT,US1,2002,231,7043.3070860493,NA,0,3550.3062114388,1801.72790886687,1691.27296574363,0
US1_02_PIO_152_0_0_44.8_AMBIENT,US1,2002,234,NA,6.24,NA,NA,NA,NA,NA
US1_02_PIO_152_0_0_44.8_AMBIENT,US1,2002,239,NA,6.34,NA,NA,NA,NA,NA
US1_02_PIO_152_0_0_44.8_AMBIENT,US1,2002,246,10778.6531049973,NA,0,4167.39545023445,1678.33245830809,4932.92519645477,0
US1_02_PIO_152_0_0_44.8_AMBIENT,US1,2002,248,NA,5.49,NA,NA,NA,NA,NA
US1_02_PIO_152_0_0_44.8_AMBIENT,US1,2002,255,NA,4.56,NA,NA,NA,NA,NA
US1_02_PIO_152_0_0_44.8_AMBIENT,US1,2002,259,11584.593262413,NA,0,3646.83552026745,353.080839866696,7584.67690227885,0
US1_02_PIO_152_0_0_44.8_AMBIENT,US1,2002,260,NA,3.5,NA,NA,NA,NA,NA
US1_02_PIO_152_0_0_44.8_AMBIENT,US1,2002,268,NA,1.17,NA,NA,NA,NA,NA
US1_02_PIO_152_0_0_44.8_AMBIENT,US1,2002,288,9155.00131160173,NA,0,2276.17366560923,NA,6878.8276459925,0
US1_02_PIO_152_0_0_44.8_AMBIENT,US1,2002,289,0,NA,4354.54948711454,0,NA,0,0
US1_02_PIO_152_0_0_45.4_AMBIENT,US1,2002,178,NA,0.89,NA,NA,NA,NA,NA
US1_02_PIO_152_0_0_45.4_AMBIENT,US1,2002,179,323.035870490278,NA,0,102.397200341744,220.638670148534,0,0
US1_02_PIO_152_0_0_45.4_AMBIENT,US1,2002,184,NA,1.3,NA,NA,NA,NA,NA
US1_02_PIO_152_0_0_45.4_AMBIENT,US1,2002,189,1211.723534461,NA,0,511.811023581,699.91251088,0,0
US1_02_PIO_152_0_0_45.4_AMBIENT,US1,2002,191,NA,2.09,NA,NA,NA,NA,NA
US1_02_PIO_152_0_0_45.4_AMBIENT,US1,2002,198,NA,3.05,NA,NA,NA,NA,NA
US1_02_PIO_152_0_0_45.4_AMBIENT,US1,2002,203,3396.3254590452,NA,0,1895.8880138462,1500.437445199,0,0
US1_02_PIO_152_0_0_45.4_AMBIENT,US1,2002,205,NA,4.73,NA,NA,NA,NA,NA
US1_02_PIO_152_0_0_45.4_AMBIENT,US1,2002,211,NA,5.9,NA,NA,NA,NA,NA
US1_02_PIO_152_0_0_45.4_AMBIENT,US1,2002,217,3745.4068238466,NA,0,2391.9510059324,1325.459317479,27.9965004352,0
US1_02_PIO_152_0_0_45.4_AMBIENT,US1,2002,221,NA,6.72,NA,NA,NA,NA,NA
US1_02_PIO_152_0_0_45.4_AMBIENT,US1,2002,228,NA,6.07,NA,NA,NA,NA,NA
US1_02_PIO_152_0_0_45.4_AMBIENT,US1,2002,231,7809.93000812255,NA,0,4215.2230967748,2052.16535416613,1542.54155718163,0
US1_02_PIO_152_0_0_45.4_AMBIENT,US1,2002,234,NA,6.24,NA,NA,NA,NA,NA
US1_02_PIO_152_0_0_45.4_AMBIENT,US1,2002,239,NA,6.34,NA,NA,NA,NA,NA
US1_02_PIO_152_0_0_45.4_AMBIENT,US1,2002,246,8429.57174035632,NA,0,3463.10848616145,1485.85651781609,3480.60673637877,0
US1_02_PIO_152_0_0_45.4_AMBIENT,US1,2002,248,NA,5.49,NA,NA,NA,NA,NA
US1_02_PIO_152_0_0_45.4_AMBIENT,US1,2002,255,NA,4.56,NA,NA,NA,NA,NA
US1_02_PIO_152_0_0_45.4_AMBIENT,US1,2002,259,11815.8143472588,NA,0,3826.18810118045,1096.11294829354,6893.51329778485,0
US1_02_PIO_152_0_0_45.4_AMBIENT,US1,2002,260,NA,3.5,NA,NA,NA,NA,NA
US1_02_PIO_152_0_0_45.4_AMBIENT,US1,2002,268,NA,1.17,NA,NA,NA,NA,NA
US1_02_PIO_152_0_0_45.4_AMBIENT,US1,2002,288,9609.94444367372,NA,0,2442.40288694323,NA,7167.5415567305,0
US1_02_PIO_152_0_0_45.4_AMBIENT,US1,2002,289,0,NA,4645.27631618952,0,NA,0,0
US1_02_PIO_152_0_0_47_AMBIENT,US1,2002,178,NA,0.89,NA,NA,NA,NA,NA
US1_02_PIO_152_0_0_47_AMBIENT,US1,2002,179,175.314960615861,NA,0,58.372703407392,116.942257208469,0,0
US1_02_PIO_152_0_0_47_AMBIENT,US1,2002,184,NA,1.3,NA,NA,NA,NA,NA
US1_02_PIO_152_0_0_47_AMBIENT,US1,2002,189,1224.84689404,NA,0,555.555555511,669.291338529,0,0
US1_02_PIO_152_0_0_47_AMBIENT,US1,2002,191,NA,2.09,NA,NA,NA,NA,NA
US1_02_PIO_152_0_0_47_AMBIENT,US1,2002,198,NA,3.05,NA,NA,NA,NA,NA
US1_02_PIO_152_0_0_47_AMBIENT,US1,2002,203,2928.2589673942,NA,0,1620.2974626872,1307.961504707,0,0
US1_02_PIO_152_0_0_47_AMBIENT,US1,2002,205,NA,4.73,NA,NA,NA,NA,NA
US1_02_PIO_152_0_0_47_AMBIENT,US1,2002,211,NA,5.9,NA,NA,NA,NA,NA
US1_02_PIO_152_0_0_47_AMBIENT,US1,2002,217,5464.5669286956,NA,0,3428.6964126734,1946.631670885,89.2388451372,0
US1_02_PIO_152_0_0_47_AMBIENT,US1,2002,221,NA,6.72,NA,NA,NA,NA,NA
US1_02_PIO_152_0_0_47_AMBIENT,US1,2002,228,NA,6.07,NA,NA,NA,NA,NA
US1_02_PIO_152_0_0_47_AMBIENT,US1,2002,231,5716.20734862292,NA,0,3016.6229218928,1493.8757654095,1205.70866132062,0
US1_02_PIO_152_0_0_47_AMBIENT,US1,2002,234,NA,6.24,NA,NA,NA,NA,NA
US1_02_PIO_152_0_0_47_AMBIENT,US1,2002,239,NA,6.34,NA,NA,NA,NA,NA
US1_02_PIO_152_0_0_47_AMBIENT,US1,2002,246,8661.41775958532,NA,0,3541.84864363545,1529.60104974609,3589.96806620377,0
US1_02_PIO_152_0_0_47_AMBIENT,US1,2002,248,NA,5.49,NA,NA,NA,NA,NA
US1_02_PIO_152_0_0_47_AMBIENT,US1,2002,255,NA,4.56,NA,NA,NA,NA,NA
US1_02_PIO_152_0_0_47_AMBIENT,US1,2002,259,10765.9455809388,NA,0,3598.71653514445,1170.47865257454,5996.75039321985,0
US1_02_PIO_152_0_0_47_AMBIENT,US1,2002,260,NA,3.5,NA,NA,NA,NA,NA
US1_02_PIO_152_0_0_47_AMBIENT,US1,2002,268,NA,1.17,NA,NA,NA,NA,NA
US1_02_PIO_152_0_0_47_AMBIENT,US1,2002,288,9207.49474991773,NA,0,2074.94881873123,NA,7132.5459311865,0
US1_02_PIO_152_0_0_47_AMBIENT,US1,2002,289,0,NA,4891.3736784685,0,NA,0,0
US1_02_PIO_152_0_0_53.6_AMBIENT,US1,2002,178,NA,0.89,NA,NA,NA,NA,NA
US1_02_PIO_152_0_0_53.6_AMBIENT,US1,2002,179,308.547681515062,NA,0,97.292213465513,211.255468049549,0,0
US1_02_PIO_152_0_0_53.6_AMBIENT,US1,2002,184,NA,1.3,NA,NA,NA,NA,NA
US1_02_PIO_152_0_0_53.6_AMBIENT,US1,2002,189,481.18985123,NA,0,196.850393685,284.339457545,0,0
US1_02_PIO_152_0_0_53.6_AMBIENT,US1,2002,191,NA,2.09,NA,NA,NA,NA,NA
US1_02_PIO_152_0_0_53.6_AMBIENT,US1,2002,198,NA,3.05,NA,NA,NA,NA,NA
US1_02_PIO_152_0_0_53.6_AMBIENT,US1,2002,203,3244.48818871617,NA,0,1874.0157478812,1369.203849409,1.26859142597,0
US1_02_PIO_152_0_0_53.6_AMBIENT,US1,2002,205,NA,4.73,NA,NA,NA,NA,NA
US1_02_PIO_152_0_0_53.6_AMBIENT,US1,2002,211,NA,5.9,NA,NA,NA,NA,NA
US1_02_PIO_152_0_0_53.6_AMBIENT,US1,2002,217,4392.8258964106,NA,0,2510.0612421434,1771.653543165,111.1111111022,0
US1_02_PIO_152_0_0_53.6_AMBIENT,US1,2002,221,NA,6.72,NA,NA,NA,NA,NA
US1_02_PIO_152_0_0_53.6_AMBIENT,US1,2002,228,NA,6.07,NA,NA,NA,NA,NA
US1_02_PIO_152_0_0_53.6_AMBIENT,US1,2002,231,7623.46894077092,NA,0,3961.5048115808,1883.2020995865,1778.76202960362,0
US1_02_PIO_152_0_0_53.6_AMBIENT,US1,2002,234,NA,6.24,NA,NA,NA,NA,NA
US1_02_PIO_152_0_0_53.6_AMBIENT,US1,2002,239,NA,6.34,NA,NA,NA,NA,NA
US1_02_PIO_152_0_0_53.6_AMBIENT,US1,2002,246,9330.70909811432,NA,0,3808.69028840845,1621.46456679909,3900.55424290677,0
US1_02_PIO_152_0_0_53.6_AMBIENT,US1,2002,248,NA,5.49,NA,NA,NA,NA,NA
US1_02_PIO_152_0_0_53.6_AMBIENT,US1,2002,255,NA,4.56,NA,NA,NA,NA,NA
US1_02_PIO_152_0_0_53.6_AMBIENT,US1,2002,259,10276.0068233228,NA,0,3401.86614145945,1170.47865257454,5703.66202928885,0
US1_02_PIO_152_0_0_53.6_AMBIENT,US1,2002,260,NA,3.5,NA,NA,NA,NA,NA
US1_02_PIO_152_0_0_53.6_AMBIENT,US1,2002,268,NA,1.17,NA,NA,NA,NA,NA
US1_02_PIO_152_0_0_53.6_AMBIENT,US1,2002,288,9286.23490739173,NA,0,2429.27952736423,NA,6856.9553800275,0
US1_02_PIO_152_0_0_53.6_AMBIENT,US1,2002,289,0,NA,5017.95618749486,0,NA,0,0
US1_03_PIO_147_0_0_44.6_AMBIENT,US1,2003,174,186.375,NA,0,49.875,136.5,0,61.6805475385503
US1_03_PIO_147_0_0_44.6_AMBIENT,US1,2003,188,1105.65,NA,0,458.325,647.325,0,0
US1_03_PIO_147_0_0_44.6_AMBIENT,US1,2003,202,1871.625,NA,0,1457.925,413.7,0,363.520061588624
US1_03_PIO_147_0_0_44.6_AMBIENT,US1,2003,216,2622.976125,NA,0,1754.55,862.575,5.851125,0
US1_03_PIO_147_0_0_44.6_AMBIENT,US1,2003,230,4632.285,NA,0,2676.975,1473.045,482.265,973.540306378704
US1_03_PIO_147_0_0_44.6_AMBIENT,US1,2003,246,5317.83,NA,0,2308.425,1020.39,1989.015,0
US1_03_PIO_147_0_0_44.6_AMBIENT,US1,2003,258,5379.4125,NA,0,2080.5225,535.1325,2763.7575,587.485128506006
US1_03_PIO_147_0_0_44.6_AMBIENT,US1,2003,289,5022.4125,NA,0,1560.3,NA,3462.1125,0
US1_03_PIO_147_0_0_44.6_AMBIENT,US1,2003,289,5544.7875,NA,0,1796.55,NA,3748.2375,0
US1_03_PIO_147_0_0_44.6_AMBIENT,US1,2003,281,0,NA,2157.10413045018,0,NA,0,0
US1_03_PIO_147_0_0_51.3_AMBIENT,US1,2003,174,194.25,NA,0,52.5,141.75,0,75.6511203845479
US1_03_PIO_147_0_0_51.3_AMBIENT,US1,2003,188,1528.275,NA,0,657.825,870.45,0,0
US1_03_PIO_147_0_0_51.3_AMBIENT,US1,2003,202,2604,NA,0,2087.925,516.075,0,605.43167143713
US1_03_PIO_147_0_0_51.3_AMBIENT,US1,2003,216,2967.741,NA,0,1919.925,1004.325,43.491,0
US1_03_PIO_147_0_0_51.3_AMBIENT,US1,2003,230,4054.785,NA,0,2099.475,1100.295,855.015,1475.84625739686
US1_03_PIO_147_0_0_51.3_AMBIENT,US1,2003,246,5039.58,NA,0,2114.175,912.765,2012.64,0
US1_03_PIO_147_0_0_51.3_AMBIENT,US1,2003,258,4885.9125,NA,0,1965.0225,459.0075,2461.8825,1212.2459323838
US1_03_PIO_147_0_0_51.3_AMBIENT,US1,2003,289,6434.6625,NA,0,1683.675,NA,4750.9875,0
US1_03_PIO_147_0_0_51.3_AMBIENT,US1,2003,289,5788.9125,NA,0,1749.3,NA,4039.6125,0
US1_03_PIO_147_0_0_51.3_AMBIENT,US1,2003,281,0,NA,3276.30514285713,0,NA,0,0
US1_03_PIO_147_0_0_52.5_AMBIENT,US1,2003,174,194.25,NA,0,52.5,141.75,0,62.9694384222673
US1_03_PIO_147_0_0_52.5_AMBIENT,US1,2003,188,911.4,NA,0,384.825,526.575,0,0
US1_03_PIO_147_0_0_52.5_AMBIENT,US1,2003,202,2005.5,NA,0,1505.175,500.325,0,574.281457570302
US1_03_PIO_147_0_0_52.5_AMBIENT,US1,2003,216,2711.517375,NA,0,1702.05,988.575,20.892375,0
US1_03_PIO_147_0_0_52.5_AMBIENT,US1,2003,230,5578.608,NA,0,3078.6,1679.118,820.89,878.30257773815
US1_03_PIO_147_0_0_52.5_AMBIENT,US1,2003,246,6698.58,NA,0,2980.425,1117.515,2600.64,0
US1_03_PIO_147_0_0_52.5_AMBIENT,US1,2003,258,7101.4125,NA,0,2810.2725,753.0075,3538.1325,1086.36505785469
US1_03_PIO_147_0_0_52.5_AMBIENT,US1,2003,289,6358.5375,NA,0,1830.675,NA,4527.8625,0
US1_03_PIO_147_0_0_52.5_AMBIENT,US1,2003,289,6345.4125,NA,0,1765.05,NA,4580.3625,0
US1_03_PIO_147_0_0_52.5_AMBIENT,US1,2003,281,0,NA,3000.79561195792,0,NA,0,0
US1_03_PIO_147_0_0_53.1_AMBIENT,US1,2003,174,152.25,NA,0,42,110.25,0,53.4027401988153
US1_03_PIO_147_0_0_53.1_AMBIENT,US1,2003,188,1696.275,NA,0,678.825,1017.45,0,0
US1_03_PIO_147_0_0_53.1_AMBIENT,US1,2003,202,2265.375,NA,0,1820.175,445.2,0,496.901273120346
US1_03_PIO_147_0_0_53.1_AMBIENT,US1,2003,216,2811.14925,NA,0,1933.05,867.825,10.27425,0
US1_03_PIO_147_0_0_53.1_AMBIENT,US1,2003,230,4844.151375,NA,0,2928.975,1464.411375,450.765,740.026460535826
US1_03_PIO_147_0_0_53.1_AMBIENT,US1,2003,246,6672.33,NA,0,2983.05,1209.39,2479.89,0
US1_03_PIO_147_0_0_53.1_AMBIENT,US1,2003,258,7201.1625,NA,0,2920.5225,711.0075,3569.6325,745.895467657556
US1_03_PIO_147_0_0_53.1_AMBIENT,US1,2003,289,5481.7875,NA,0,1809.675,NA,3672.1125,0
US1_03_PIO_147_0_0_53.1_AMBIENT,US1,2003,289,4542.0375,NA,0,1859.55,NA,2682.4875,0
US1_03_PIO_147_0_0_53.1_AMBIENT,US1,2003,281,0,NA,2717.15629162234,0,NA,0,0
US1_04_PIO_149_0_0_53.4_AMBIENT,US1,2004,166,NA,0.1725,NA,NA,NA,NA,NA
US1_04_PIO_149_0_0_53.4_AMBIENT,US1,2004,166,NA,0.1725,NA,NA,NA,NA,NA
US1_04_PIO_149_0_0_53.4_AMBIENT,US1,2004,170,235.141666666667,NA,0,76.3583333333333,158.783333333333,0,0
US1_04_PIO_149_0_0_53.4_AMBIENT,US1,2004,174,NA,0.6375,NA,NA,NA,NA,NA
US1_04_PIO_149_0_0_53.4_AMBIENT,US1,2004,174,NA,0.6375,NA,NA,NA,NA,NA
US1_04_PIO_149_0_0_53.4_AMBIENT,US1,2004,180,NA,1.265,NA,NA,NA,NA,NA
US1_04_PIO_149_0_0_53.4_AMBIENT,US1,2004,180,NA,1.265,NA,NA,NA,NA,NA
US1_04_PIO_149_0_0_53.4_AMBIENT,US1,2004,183,827.166666666667,NA,0,277.870833333333,549.295833333333,0,185.10945
US1_04_PIO_149_0_0_53.4_AMBIENT,US1,2004,187,NA,2.385,NA,NA,NA,NA,NA
US1_04_PIO_149_0_0_53.4_AMBIENT,US1,2004,187,NA,2.385,NA,NA,NA,NA,NA
US1_04_PIO_149_0_0_53.4_AMBIENT,US1,2004,194,NA,3.24,NA,NA,NA,NA,NA
US1_04_PIO_149_0_0_53.4_AMBIENT,US1,2004,194,NA,3.24,NA,NA,NA,NA,NA
US1_04_PIO_149_0_0_53.4_AMBIENT,US1,2004,197,2827.125,NA,0,1539.5625,1287.5625,0,0
US1_04_PIO_149_0_0_53.4_AMBIENT,US1,2004,201,NA,4.665,NA,NA,NA,NA,NA
US1_04_PIO_149_0_0_53.4_AMBIENT,US1,2004,201,NA,4.665,NA,NA,NA,NA,NA
US1_04_PIO_149_0_0_53.4_AMBIENT,US1,2004,208,NA,6.4375,NA,NA,NA,NA,NA
US1_04_PIO_149_0_0_53.4_AMBIENT,US1,2004,208,NA,6.4375,NA,NA,NA,NA,NA
US1_04_PIO_149_0_0_53.4_AMBIENT,US1,2004,211,4038.5625,NA,0,2390.98125,1647.58125,0,228.792913580247
US1_04_PIO_149_0_0_53.4_AMBIENT,US1,2004,216,NA,6.6675,NA,NA,NA,NA,NA
US1_04_PIO_149_0_0_53.4_AMBIENT,US1,2004,216,NA,6.6675,NA,NA,NA,NA,NA
US1_04_PIO_149_0_0_53.4_AMBIENT,US1,2004,222,NA,6.445,NA,NA,NA,NA,NA
US1_04_PIO_149_0_0_53.4_AMBIENT,US1,2004,223,NA,6.445,NA,NA,NA,NA,NA
US1_04_PIO_149_0_0_53.4_AMBIENT,US1,2004,225,6337.40625,NA,0,3603.46875,1996.96875,736.96875,0
US1_04_PIO_149_0_0_53.4_AMBIENT,US1,2004,229,NA,6.3175,NA,NA,NA,NA,NA
US1_04_PIO_149_0_0_53.4_AMBIENT,US1,2004,230,NA,6.3175,NA,NA,NA,NA,NA
US1_04_PIO_149_0_0_53.4_AMBIENT,US1,2004,235,NA,5.7675,NA,NA,NA,NA,NA
US1_04_PIO_149_0_0_53.4_AMBIENT,US1,2004,238,7691.578125,5.7675,0,3807.234375,1872.609375,2011.734375,412.668012351779
US1_04_PIO_149_0_0_53.4_AMBIENT,US1,2004,243,NA,4.6225,NA,NA,NA,NA,NA
US1_04_PIO_149_0_0_53.4_AMBIENT,US1,2004,243,NA,4.6225,NA,NA,NA,NA,NA
US1_04_PIO_149_0_0_53.4_AMBIENT,US1,2004,250,NA,4.905,NA,NA,NA,NA,NA
US1_04_PIO_149_0_0_53.4_AMBIENT,US1,2004,250,NA,4.905,NA,NA,NA,NA,NA
US1_04_PIO_149_0_0_53.4_AMBIENT,US1,2004,254,8930.38125,NA,0,3020.71875,1239.39375,4670.26875,0
US1_04_PIO_149_0_0_53.4_AMBIENT,US1,2004,259,NA,1.99,NA,NA,NA,NA,NA
US1_04_PIO_149_0_0_53.4_AMBIENT,US1,2004,259,NA,1.99,NA,NA,NA,NA,NA
US1_04_PIO_149_0_0_53.4_AMBIENT,US1,2004,266,8572.65973166667,0.905,0,2140.95952333333,NA,6402.30020833333,0
US1_04_PIO_149_0_0_53.4_AMBIENT,US1,2004,266,8572.65973166667,0.905,0,2140.95952333333,NA,6402.30020833333,0
US1_04_PIO_149_0_0_53.4_AMBIENT,US1,2004,272,NA,0.7575,NA,NA,NA,NA,NA
US1_04_PIO_149_0_0_53.4_AMBIENT,US1,2004,272,NA,0.7575,NA,NA,NA,NA,NA
US1_04_PIO_149_0_0_53.4_AMBIENT,US1,2004,280,7238.9625,NA,0,1874.25,NA,5364.7125,196.57305
US1_04_PIO_149_0_0_53.4_AMBIENT,US1,2004,279,0,NA,3639.03,0,NA,0,0
US1_04_PIO_149_0_0_56.6_AMBIENT,US1,2004,166,NA,0.1725,NA,NA,NA,NA,NA
US1_04_PIO_149_0_0_56.6_AMBIENT,US1,2004,166,NA,0.1725,NA,NA,NA,NA,NA
US1_04_PIO_149_0_0_56.6_AMBIENT,US1,2004,170,213.616666666667,NA,0,64.8083333333333,148.808333333333,0,0
US1_04_PIO_149_0_0_56.6_AMBIENT,US1,2004,174,NA,0.6375,NA,NA,NA,NA,NA
US1_04_PIO_149_0_0_56.6_AMBIENT,US1,2004,174,NA,0.6375,NA,NA,NA,NA,NA
US1_04_PIO_149_0_0_56.6_AMBIENT,US1,2004,180,NA,1.265,NA,NA,NA,NA,NA
US1_04_PIO_149_0_0_56.6_AMBIENT,US1,2004,180,NA,1.265,NA,NA,NA,NA,NA
US1_04_PIO_149_0_0_56.6_AMBIENT,US1,2004,183,1069.71666666667,NA,0,468.708333333333,601.008333333333,0,207.621075320513
US1_04_PIO_149_0_0_56.6_AMBIENT,US1,2004,187,NA,2.385,NA,NA,NA,NA,NA
US1_04_PIO_149_0_0_56.6_AMBIENT,US1,2004,187,NA,2.385,NA,NA,NA,NA,NA
US1_04_PIO_149_0_0_56.6_AMBIENT,US1,2004,194,NA,3.24,NA,NA,NA,NA,NA
US1_04_PIO_149_0_0_56.6_AMBIENT,US1,2004,194,NA,3.24,NA,NA,NA,NA,NA
US1_04_PIO_149_0_0_56.6_AMBIENT,US1,2004,197,2514.75,NA,0,1387.3125,1127.4375,0,0
US1_04_PIO_149_0_0_56.6_AMBIENT,US1,2004,201,NA,4.665,NA,NA,NA,NA,NA
US1_04_PIO_149_0_0_56.6_AMBIENT,US1,2004,201,NA,4.665,NA,NA,NA,NA,NA
US1_04_PIO_149_0_0_56.6_AMBIENT,US1,2004,208,NA,6.4375,NA,NA,NA,NA,NA
US1_04_PIO_149_0_0_56.6_AMBIENT,US1,2004,208,NA,6.4375,NA,NA,NA,NA,NA
US1_04_PIO_149_0_0_56.6_AMBIENT,US1,2004,211,5211.675,NA,0,3134.90625,2076.76875,0,511.570068085106
US1_04_PIO_149_0_0_56.6_AMBIENT,US1,2004,216,NA,6.6675,NA,NA,NA,NA,NA
US1_04_PIO_149_0_0_56.6_AMBIENT,US1,2004,216,NA,6.6675,NA,NA,NA,NA,NA
US1_04_PIO_149_0_0_56.6_AMBIENT,US1,2004,222,NA,6.445,NA,NA,NA,NA,NA
US1_04_PIO_149_0_0_56.6_AMBIENT,US1,2004,223,NA,6.445,NA,NA,NA,NA,NA
US1_04_PIO_149_0_0_56.6_AMBIENT,US1,2004,225,6838.78125,NA,0,3978.84375,2162.34375,697.59375,0
US1_04_PIO_149_0_0_56.6_AMBIENT,US1,2004,229,NA,6.3175,NA,NA,NA,NA,NA
US1_04_PIO_149_0_0_56.6_AMBIENT,US1,2004,230,NA,6.3175,NA,NA,NA,NA,NA
US1_04_PIO_149_0_0_56.6_AMBIENT,US1,2004,235,NA,5.7675,NA,NA,NA,NA,NA
US1_04_PIO_149_0_0_56.6_AMBIENT,US1,2004,238,7849.078125,5.7675,0,3549.984375,1780.734375,2518.359375,591.891720940171
US1_04_PIO_149_0_0_56.6_AMBIENT,US1,2004,243,NA,4.6225,NA,NA,NA,NA,NA
US1_04_PIO_149_0_0_56.6_AMBIENT,US1,2004,243,NA,4.6225,NA,NA,NA,NA,NA
US1_04_PIO_149_0_0_56.6_AMBIENT,US1,2004,250,NA,4.905,NA,NA,NA,NA,NA
US1_04_PIO_149_0_0_56.6_AMBIENT,US1,2004,250,NA,4.905,NA,NA,NA,NA,NA
US1_04_PIO_149_0_0_56.6_AMBIENT,US1,2004,254,7353.54375,NA,0,2593.10625,1127.30625,3633.13125,0
US1_04_PIO_149_0_0_56.6_AMBIENT,US1,2004,259,NA,1.99,NA,NA,NA,NA,NA
US1_04_PIO_149_0_0_56.6_AMBIENT,US1,2004,259,NA,1.99,NA,NA,NA,NA,NA
US1_04_PIO_149_0_0_56.6_AMBIENT,US1,2004,266,7807.86936791667,0.905,0,1857.41040958333,NA,5941.53395833333,0
US1_04_PIO_149_0_0_56.6_AMBIENT,US1,2004,266,7807.86936791667,0.905,0,1857.41040958333,NA,5941.53395833333,0
US1_04_PIO_149_0_0_56.6_AMBIENT,US1,2004,272,NA,0.7575,NA,NA,NA,NA,NA
US1_04_PIO_149_0_0_56.6_AMBIENT,US1,2004,272,NA,0.7575,NA,NA,NA,NA,NA
US1_04_PIO_149_0_0_56.6_AMBIENT,US1,2004,280,7592.55,NA,0,1949.0625,NA,5643.4875,461.617585420744
US1_04_PIO_149_0_0_56.6_AMBIENT,US1,2004,279,0,NA,3870.25,0,NA,0,0
US1_04_PIO_149_0_0_58.3_AMBIENT,US1,2004,166,NA,0.1725,NA,NA,NA,NA,NA
US1_04_PIO_149_0_0_58.3_AMBIENT,US1,2004,166,NA,0.1725,NA,NA,NA,NA,NA
US1_04_PIO_149_0_0_58.3_AMBIENT,US1,2004,170,212.566666666666,NA,0,73.2083333333333,139.358333333333,0,0
US1_04_PIO_149_0_0_58.3_AMBIENT,US1,2004,174,NA,0.6375,NA,NA,NA,NA,NA
US1_04_PIO_149_0_0_58.3_AMBIENT,US1,2004,174,NA,0.6375,NA,NA,NA,NA,NA
US1_04_PIO_149_0_0_58.3_AMBIENT,US1,2004,180,NA,1.265,NA,NA,NA,NA,NA
US1_04_PIO_149_0_0_58.3_AMBIENT,US1,2004,180,NA,1.265,NA,NA,NA,NA,NA
US1_04_PIO_149_0_0_58.3_AMBIENT,US1,2004,183,815.616666666667,NA,0,360.558333333333,455.058333333333,0,182.226816606498
US1_04_PIO_149_0_0_58.3_AMBIENT,US1,2004,187,NA,2.385,NA,NA,NA,NA,NA
US1_04_PIO_149_0_0_58.3_AMBIENT,US1,2004,187,NA,2.385,NA,NA,NA,NA,NA
US1_04_PIO_149_0_0_58.3_AMBIENT,US1,2004,194,NA,3.24,NA,NA,NA,NA,NA
US1_04_PIO_149_0_0_58.3_AMBIENT,US1,2004,194,NA,3.24,NA,NA,NA,NA,NA
US1_04_PIO_149_0_0_58.3_AMBIENT,US1,2004,197,2604,NA,0,1437.1875,1166.8125,0,0
US1_04_PIO_149_0_0_58.3_AMBIENT,US1,2004,201,NA,4.665,NA,NA,NA,NA,NA
US1_04_PIO_149_0_0_58.3_AMBIENT,US1,2004,201,NA,4.665,NA,NA,NA,NA,NA
US1_04_PIO_149_0_0_58.3_AMBIENT,US1,2004,208,NA,6.4375,NA,NA,NA,NA,NA
US1_04_PIO_149_0_0_58.3_AMBIENT,US1,2004,208,NA,6.4375,NA,NA,NA,NA,NA
US1_04_PIO_149_0_0_58.3_AMBIENT,US1,2004,211,3993.9375,NA,0,2315.64375,1678.29375,0,446.442470576923
US1_04_PIO_149_0_0_58.3_AMBIENT,US1,2004,216,NA,6.6675,NA,NA,NA,NA,NA
US1_04_PIO_149_0_0_58.3_AMBIENT,US1,2004,216,NA,6.6675,NA,NA,NA,NA,NA
US1_04_PIO_149_0_0_58.3_AMBIENT,US1,2004,222,NA,6.445,NA,NA,NA,NA,NA
US1_04_PIO_149_0_0_58.3_AMBIENT,US1,2004,223,NA,6.445,NA,NA,NA,NA,NA
US1_04_PIO_149_0_0_58.3_AMBIENT,US1,2004,225,6387.28125,NA,0,3585.09375,2052.09375,750.09375,0
US1_04_PIO_149_0_0_58.3_AMBIENT,US1,2004,229,NA,6.3175,NA,NA,NA,NA,NA
US1_04_PIO_149_0_0_58.3_AMBIENT,US1,2004,230,NA,6.3175,NA,NA,NA,NA,NA
US1_04_PIO_149_0_0_58.3_AMBIENT,US1,2004,235,NA,5.7675,NA,NA,NA,NA,NA
US1_04_PIO_149_0_0_58.3_AMBIENT,US1,2004,238,9261.328125,5.7675,0,4371.609375,2137.734375,2751.984375,624.274385576923
US1_04_PIO_149_0_0_58.3_AMBIENT,US1,2004,243,NA,4.6225,NA,NA,NA,NA,NA
US1_04_PIO_149_0_0_58.3_AMBIENT,US1,2004,243,NA,4.6225,NA,NA,NA,NA,NA
US1_04_PIO_149_0_0_58.3_AMBIENT,US1,2004,250,NA,4.905,NA,NA,NA,NA,NA
US1_04_PIO_149_0_0_58.3_AMBIENT,US1,2004,250,NA,4.905,NA,NA,NA,NA,NA
US1_04_PIO_149_0_0_58.3_AMBIENT,US1,2004,254,9913.96875,NA,0,3321.54375,1281.65625,5310.76875,0
US1_04_PIO_149_0_0_58.3_AMBIENT,US1,2004,259,NA,1.99,NA,NA,NA,NA,NA
US1_04_PIO_149_0_0_58.3_AMBIENT,US1,2004,259,NA,1.99,NA,NA,NA,NA,NA
US1_04_PIO_149_0_0_58.3_AMBIENT,US1,2004,266,5173.20566666667,0.905,0,1134.95420833333,NA,4038.25145833333,0
US1_04_PIO_149_0_0_58.3_AMBIENT,US1,2004,266,5173.20566666667,0.905,0,1134.95420833333,NA,4038.25145833333,0
US1_04_PIO_149_0_0_58.3_AMBIENT,US1,2004,272,NA,0.7575,NA,NA,NA,NA,NA
US1_04_PIO_149_0_0_58.3_AMBIENT,US1,2004,272,NA,0.7575,NA,NA,NA,NA,NA
US1_04_PIO_149_0_0_58.3_AMBIENT,US1,2004,280,6497.4,NA,0,2045.925,NA,4451.475,310.76360104712
US1_04_PIO_149_0_0_58.3_AMBIENT,US1,2004,279,0,NA,2878.4,0,NA,0,0
US1_04_PIO_149_0_0_62.4_AMBIENT,US1,2004,166,NA,0.1725,NA,NA,NA,NA,NA
US1_04_PIO_149_0_0_62.4_AMBIENT,US1,2004,166,NA,0.1725,NA,NA,NA,NA,NA
US1_04_PIO_149_0_0_62.4_AMBIENT,US1,2004,170,182.904166666667,NA,0,71.3708333333333,111.533333333333,0,0
US1_04_PIO_149_0_0_62.4_AMBIENT,US1,2004,174,NA,0.6375,NA,NA,NA,NA,NA
US1_04_PIO_149_0_0_62.4_AMBIENT,US1,2004,174,NA,0.6375,NA,NA,NA,NA,NA
US1_04_PIO_149_0_0_62.4_AMBIENT,US1,2004,180,NA,1.265,NA,NA,NA,NA,NA
US1_04_PIO_149_0_0_62.4_AMBIENT,US1,2004,180,NA,1.265,NA,NA,NA,NA,NA
US1_04_PIO_149_0_0_62.4_AMBIENT,US1,2004,183,818.766666666667,NA,0,337.458333333333,481.308333333333,0,141.645206417112
US1_04_PIO_149_0_0_62.4_AMBIENT,US1,2004,187,NA,2.385,NA,NA,NA,NA,NA
US1_04_PIO_149_0_0_62.4_AMBIENT,US1,2004,187,NA,2.385,NA,NA,NA,NA,NA
US1_04_PIO_149_0_0_62.4_AMBIENT,US1,2004,194,NA,3.24,NA,NA,NA,NA,NA
US1_04_PIO_149_0_0_62.4_AMBIENT,US1,2004,194,NA,3.24,NA,NA,NA,NA,NA
US1_04_PIO_149_0_0_62.4_AMBIENT,US1,2004,197,1932,NA,0,1130.0625,801.9375,0,0
US1_04_PIO_149_0_0_62.4_AMBIENT,US1,2004,201,NA,4.665,NA,NA,NA,NA,NA
US1_04_PIO_149_0_0_62.4_AMBIENT,US1,2004,201,NA,4.665,NA,NA,NA,NA,NA
US1_04_PIO_149_0_0_62.4_AMBIENT,US1,2004,208,NA,6.4375,NA,NA,NA,NA,NA
US1_04_PIO_149_0_0_62.4_AMBIENT,US1,2004,208,NA,6.4375,NA,NA,NA,NA,NA
US1_04_PIO_149_0_0_62.4_AMBIENT,US1,2004,211,4162.2,NA,0,2383.63125,1778.56875,0,507.640304913295
US1_04_PIO_149_0_0_62.4_AMBIENT,US1,2004,216,NA,6.6675,NA,NA,NA,NA,NA
US1_04_PIO_149_0_0_62.4_AMBIENT,US1,2004,216,NA,6.6675,NA,NA,NA,NA,NA
US1_04_PIO_149_0_0_62.4_AMBIENT,US1,2004,222,NA,6.445,NA,NA,NA,NA,NA
US1_04_PIO_149_0_0_62.4_AMBIENT,US1,2004,223,NA,6.445,NA,NA,NA,NA,NA
US1_04_PIO_149_0_0_62.4_AMBIENT,US1,2004,225,5846.53125,NA,0,3277.96875,1941.84375,626.71875,0
US1_04_PIO_149_0_0_62.4_AMBIENT,US1,2004,229,NA,6.3175,NA,NA,NA,NA,NA
US1_04_PIO_149_0_0_62.4_AMBIENT,US1,2004,230,NA,6.3175,NA,NA,NA,NA,NA
US1_04_PIO_149_0_0_62.4_AMBIENT,US1,2004,235,NA,5.7675,NA,NA,NA,NA,NA
US1_04_PIO_149_0_0_62.4_AMBIENT,US1,2004,238,8591.953125,5.7675,0,4014.609375,1943.484375,2633.859375,420.454973214286
US1_04_PIO_149_0_0_62.4_AMBIENT,US1,2004,243,NA,4.6225,NA,NA,NA,NA,NA
US1_04_PIO_149_0_0_62.4_AMBIENT,US1,2004,243,NA,4.6225,NA,NA,NA,NA,NA
US1_04_PIO_149_0_0_62.4_AMBIENT,US1,2004,250,NA,4.905,NA,NA,NA,NA,NA
US1_04_PIO_149_0_0_62.4_AMBIENT,US1,2004,250,NA,4.905,NA,NA,NA,NA,NA
US1_04_PIO_149_0_0_62.4_AMBIENT,US1,2004,254,8532.69375,NA,0,2889.73125,1225.74375,4417.21875,0
US1_04_PIO_149_0_0_62.4_AMBIENT,US1,2004,259,NA,1.99,NA,NA,NA,NA,NA
US1_04_PIO_149_0_0_62.4_AMBIENT,US1,2004,259,NA,1.99,NA,NA,NA,NA,NA
US1_04_PIO_149_0_0_62.4_AMBIENT,US1,2004,266,7480.51052666667,0.905,0,1731.78281833333,NA,5746.89020833333,0
US1_04_PIO_149_0_0_62.4_AMBIENT,US1,2004,266,7480.51052666667,0.905,0,1731.78281833333,NA,5746.89020833333,0
US1_04_PIO_149_0_0_62.4_AMBIENT,US1,2004,272,NA,0.7575,NA,NA,NA,NA,NA
US1_04_PIO_149_0_0_62.4_AMBIENT,US1,2004,272,NA,0.7575,NA,NA,NA,NA,NA
US1_04_PIO_149_0_0_62.4_AMBIENT,US1,2004,280,6032.5125,NA,0,1570.275,NA,4462.2375,462.080981877729
US1_04_PIO_149_0_0_62.4_AMBIENT,US1,2004,279,0,NA,3638.6,0,NA,0,0
US1_05_PIO_145_0_0_45.3_AMBIENT,US1,2005,157,NA,0.025,NA,NA,NA,NA,NA
US1_05_PIO_145_0_0_45.3_AMBIENT,US1,2005,158,NA,0.03,NA,NA,NA,NA,NA
US1_05_PIO_145_0_0_45.3_AMBIENT,US1,2005,164,NA,0.14,NA,NA,NA,NA,NA
US1_05_PIO_145_0_0_45.3_AMBIENT,US1,2005,171,NA,0.5225,NA,NA,NA,NA,NA
US1_05_PIO_145_0_0_45.3_AMBIENT,US1,2005,172,370.3875,NA,0,175.74375,194.64375,0,0
US1_05_PIO_145_0_0_45.3_AMBIENT,US1,2005,178,NA,1.2925,NA,NA,NA,NA,NA
US1_05_PIO_145_0_0_45.3_AMBIENT,US1,2005,186,1760.85,2.79,0,850.2375,910.6125,0,118.592686827279
US1_05_PIO_145_0_0_45.3_AMBIENT,US1,2005,192,NA,4,NA,NA,NA,NA,NA
US1_05_PIO_145_0_0_45.3_AMBIENT,US1,2005,195,NA,4.63333,NA,NA,NA,NA,NA
US1_05_PIO_145_0_0_45.3_AMBIENT,US1,2005,200,2984.3625,5.5325,0,1700.475,1283.8875,0,0
US1_05_PIO_145_0_0_45.3_AMBIENT,US1,2005,207,NA,6.57,NA,NA,NA,NA,NA
US1_05_PIO_145_0_0_45.3_AMBIENT,US1,2005,214,7054.6875,NA,0,4421.8125,2380.0875,252.7875,654.434905874317
US1_05_PIO_145_0_0_45.3_AMBIENT,US1,2005,228,8483.7375,NA,0,4139.625,2251.9875,2092.125,0
US1_05_PIO_145_0_0_45.3_AMBIENT,US1,2005,234,NA,5.16,NA,NA,NA,NA,NA
US1_05_PIO_145_0_0_45.3_AMBIENT,US1,2005,242,11287.2375,4.92667,0,4017.0375,1897.6125,5372.5875,1384.03610077519
US1_05_PIO_145_0_0_45.3_AMBIENT,US1,2005,249,NA,3.5775,NA,NA,NA,NA,NA
US1_05_PIO_145_0_0_45.3_AMBIENT,US1,2005,255,NA,1.3775,NA,NA,NA,NA,NA
US1_05_PIO_145_0_0_45.3_AMBIENT,US1,2005,256,8946,NA,0,2921.8875,NA,6015.7125,0
US1_05_PIO_145_0_0_45.3_AMBIENT,US1,2005,264,NA,1.0375,NA,NA,NA,NA,NA
US1_05_PIO_145_0_0_45.3_AMBIENT,US1,2005,270,7964.5125,NA,0,2069.2875,NA,5895.225,1134.72193182261
US1_05_PIO_145_0_0_45.3_AMBIENT,US1,2005,299,0,NA,4063.12829442108,0,NA,0,0
US1_05_PIO_145_0_0_46.6_AMBIENT,US1,2005,157,NA,0.025,NA,NA,NA,NA,NA
US1_05_PIO_145_0_0_46.6_AMBIENT,US1,2005,158,NA,0.03,NA,NA,NA,NA,NA
US1_05_PIO_145_0_0_46.6_AMBIENT,US1,2005,164,NA,0.14,NA,NA,NA,NA,NA
US1_05_PIO_145_0_0_46.6_AMBIENT,US1,2005,171,NA,0.5225,NA,NA,NA,NA,NA
US1_05_PIO_145_0_0_46.6_AMBIENT,US1,2005,172,422.8875,NA,0,183.88125,239.00625,0,0
US1_05_PIO_145_0_0_46.6_AMBIENT,US1,2005,178,NA,1.2925,NA,NA,NA,NA,NA
US1_05_PIO_145_0_0_46.6_AMBIENT,US1,2005,186,1870.8375,2.79,0,957.075,913.7625,0,79.6004875461587
US1_05_PIO_145_0_0_46.6_AMBIENT,US1,2005,192,NA,4,NA,NA,NA,NA,NA
US1_05_PIO_145_0_0_46.6_AMBIENT,US1,2005,195,NA,4.63333,NA,NA,NA,NA,NA
US1_05_PIO_145_0_0_46.6_AMBIENT,US1,2005,200,1660.05,5.5325,0,943.1625,716.8875,0,0
US1_05_PIO_145_0_0_46.6_AMBIENT,US1,2005,207,NA,6.57,NA,NA,NA,NA,NA
US1_05_PIO_145_0_0_46.6_AMBIENT,US1,2005,214,6528.9,NA,0,4213.65,2117.325,197.925,578.581373076923
US1_05_PIO_145_0_0_46.6_AMBIENT,US1,2005,228,9242.3625,NA,0,4557,2230.9875,2454.375,0
US1_05_PIO_145_0_0_46.6_AMBIENT,US1,2005,234,NA,5.16,NA,NA,NA,NA,NA
US1_05_PIO_145_0_0_46.6_AMBIENT,US1,2005,242,9889.6875,4.92667,0,3654,1470.2625,4765.425,1294.32961523096
US1_05_PIO_145_0_0_46.6_AMBIENT,US1,2005,249,NA,3.5775,NA,NA,NA,NA,NA
US1_05_PIO_145_0_0_46.6_AMBIENT,US1,2005,255,NA,1.3775,NA,NA,NA,NA,NA
US1_05_PIO_145_0_0_46.6_AMBIENT,US1,2005,256,7654.7625,NA,0,3030.0375,NA,4598.475,0
US1_05_PIO_145_0_0_46.6_AMBIENT,US1,2005,264,NA,1.0375,NA,NA,NA,NA,NA
US1_05_PIO_145_0_0_46.6_AMBIENT,US1,2005,270,8455.65,NA,0,2180.0625,NA,6275.5875,770.903234951456
US1_05_PIO_145_0_0_46.6_AMBIENT,US1,2005,299,0,NA,3780.33387748337,0,NA,0,0
US1_05_PIO_145_0_0_47.2_AMBIENT,US1,2005,157,NA,0.025,NA,NA,NA,NA,NA
US1_05_PIO_145_0_0_47.2_AMBIENT,US1,2005,158,NA,0.03,NA,NA,NA,NA,NA
US1_05_PIO_145_0_0_47.2_AMBIENT,US1,2005,164,NA,0.14,NA,NA,NA,NA,NA
US1_05_PIO_145_0_0_47.2_AMBIENT,US1,2005,171,NA,0.5225,NA,NA,NA,NA,NA
US1_05_PIO_145_0_0_47.2_AMBIENT,US1,2005,172,480.9,NA,0,213.01875,267.88125,0,0
US1_05_PIO_145_0_0_47.2_AMBIENT,US1,2005,178,NA,1.2925,NA,NA,NA,NA,NA
US1_05_PIO_145_0_0_47.2_AMBIENT,US1,2005,186,2032.275,2.79,0,1067.0625,965.2125,0,74.302575268893
US1_05_PIO_145_0_0_47.2_AMBIENT,US1,2005,192,NA,4,NA,NA,NA,NA,NA
US1_05_PIO_145_0_0_47.2_AMBIENT,US1,2005,195,NA,4.63333,NA,NA,NA,NA,NA
US1_05_PIO_145_0_0_47.2_AMBIENT,US1,2005,200,4210.7625,5.5325,0,2558.5875,1652.175,0,0
US1_05_PIO_145_0_0_47.2_AMBIENT,US1,2005,207,NA,6.57,NA,NA,NA,NA,NA
US1_05_PIO_145_0_0_47.2_AMBIENT,US1,2005,214,7383.075,NA,0,4452,2352.2625,578.8125,751.969076025237
US1_05_PIO_145_0_0_47.2_AMBIENT,US1,2005,228,10017.525,NA,0,4940.5125,2156.175,2920.8375,0
US1_05_PIO_145_0_0_47.2_AMBIENT,US1,2005,234,NA,5.16,NA,NA,NA,NA,NA
US1_05_PIO_145_0_0_47.2_AMBIENT,US1,2005,242,12863.8125,4.92667,0,4446.75,2007.8625,6409.2,815.228138709677
US1_05_PIO_145_0_0_47.2_AMBIENT,US1,2005,249,NA,3.5775,NA,NA,NA,NA,NA
US1_05_PIO_145_0_0_47.2_AMBIENT,US1,2005,255,NA,1.3775,NA,NA,NA,NA,NA
US1_05_PIO_145_0_0_47.2_AMBIENT,US1,2005,256,7962.15,NA,0,2534.4375,167.475,5260.2375,0
US1_05_PIO_145_0_0_47.2_AMBIENT,US1,2005,264,NA,1.0375,NA,NA,NA,NA,NA
US1_05_PIO_145_0_0_47.2_AMBIENT,US1,2005,270,9328.9875,NA,0,1894.725,NA,7434.2625,887.481960098522
US1_05_PIO_145_0_0_47.2_AMBIENT,US1,2005,299,0,NA,4742.17871807089,0,NA,0,0
US1_05_PIO_145_0_0_48.2_AMBIENT,US1,2005,157,NA,0.025,NA,NA,NA,NA,NA
US1_05_PIO_145_0_0_48.2_AMBIENT,US1,2005,158,NA,0.03,NA,NA,NA,NA,NA
US1_05_PIO_145_0_0_48.2_AMBIENT,US1,2005,164,NA,0.14,NA,NA,NA,NA,NA
US1_05_PIO_145_0_0_48.2_AMBIENT,US1,2005,171,NA,0.5225,NA,NA,NA,NA,NA
US1_05_PIO_145_0_0_48.2_AMBIENT,US1,2005,172,370.125,NA,0,182.56875,187.55625,0,0
US1_05_PIO_145_0_0_48.2_AMBIENT,US1,2005,178,NA,1.2925,NA,NA,NA,NA,NA
US1_05_PIO_145_0_0_48.2_AMBIENT,US1,2005,186,1129.0125,2.79,0,534.45,594.5625,0,110.731950790781
US1_05_PIO_145_0_0_48.2_AMBIENT,US1,2005,192,NA,4,NA,NA,NA,NA,NA
US1_05_PIO_145_0_0_48.2_AMBIENT,US1,2005,195,NA,4.63333,NA,NA,NA,NA,NA
US1_05_PIO_145_0_0_48.2_AMBIENT,US1,2005,200,2358.5625,5.5325,0,1273.65,1084.9125,0,0
US1_05_PIO_145_0_0_48.2_AMBIENT,US1,2005,207,NA,6.57,NA,NA,NA,NA,NA
US1_05_PIO_145_0_0_48.2_AMBIENT,US1,2005,214,5277.0375,NA,0,3087,2022.5625,167.475,684.905223497268
US1_05_PIO_145_0_0_48.2_AMBIENT,US1,2005,228,7975.275,NA,0,4273.7625,1950.6375,1750.875,0
US1_05_PIO_145_0_0_48.2_AMBIENT,US1,2005,234,NA,5.16,NA,NA,NA,NA,NA
US1_05_PIO_145_0_0_48.2_AMBIENT,US1,2005,242,9736.65,4.92667,0,3450.5625,702.1875,5583.9,1271.85125
US1_05_PIO_145_0_0_48.2_AMBIENT,US1,2005,249,NA,3.5775,NA,NA,NA,NA,NA
US1_05_PIO_145_0_0_48.2_AMBIENT,US1,2005,255,NA,1.3775,NA,NA,NA,NA,NA
US1_05_PIO_145_0_0_48.2_AMBIENT,US1,2005,256,8780.625,NA,0,3109.8375,NA,5609.8875,0
US1_05_PIO_145_0_0_48.2_AMBIENT,US1,2005,264,NA,1.0375,NA,NA,NA,NA,NA
US1_05_PIO_145_0_0_48.2_AMBIENT,US1,2005,270,8442.2625,NA,0,2558.325,NA,5883.9375,652.981759192824
US1_05_PIO_145_0_0_48.2_AMBIENT,US1,2005,299,0,NA,3641.94512025854,0,NA,0,0
US1_06_PIO_145_0_0_47.9_AMBIENT,US1,2006,172,370.02,NA,0,165.97875,204.04125,0,49.4467
US1_06_PIO_145_0_0_47.9_AMBIENT,US1,2006,187,1758.33,NA,0,843.465,914.865,0,0
US1_06_PIO_145_0_0_47.9_AMBIENT,US1,2006,191,NA,4.22,NA,NA,NA,NA,NA
US1_06_PIO_145_0_0_47.9_AMBIENT,US1,2006,200,3825.78,NA,0,2277.5025,1548.2775,0,760.4944
US1_06_PIO_145_0_0_47.9_AMBIENT,US1,2006,202,NA,7.025,NA,NA,NA,NA,NA
US1_06_PIO_145_0_0_47.9_AMBIENT,US1,2006,214,5595.6075,NA,0,3590.79,1831.515,173.3025,0
US1_06_PIO_145_0_0_47.9_AMBIENT,US1,2006,228,9026.9375,NA,0,4900.55416666667,2165.04166666667,1961.34166666667,1047.4422
US1_06_PIO_145_0_0_47.9_AMBIENT,US1,2006,238,NA,6.305,NA,NA,NA,NA,NA
US1_06_PIO_145_0_0_47.9_AMBIENT,US1,2006,242,9463.7375,NA,0,4037.97916666667,1354.70416666667,4071.05416666667,0
US1_06_PIO_145_0_0_47.9_AMBIENT,US1,2006,247,NA,4.29,NA,NA,NA,NA,NA
US1_06_PIO_145_0_0_47.9_AMBIENT,US1,2006,252,NA,2.1325,NA,NA,NA,NA,NA
US1_06_PIO_145_0_0_47.9_AMBIENT,US1,2006,256,6554.1525,NA,0,2565.70125,186.6375,3801.81375,893.6585
US1_06_PIO_145_0_0_47.9_AMBIENT,US1,2006,270,9119.145,NA,0,2796.0975,NA,6321.9975,0
US1_06_PIO_145_0_0_47.9_AMBIENT,US1,2006,278,0,NA,3604.81607703965,0,NA,0,0
US1_06_PIO_145_0_0_48.2_AMBIENT,US1,2006,172,428.82,NA,0,199.57875,229.24125,0,139.9678
US1_06_PIO_145_0_0_48.2_AMBIENT,US1,2006,187,1438.3425,NA,0,661.29,777.0525,0,0
US1_06_PIO_145_0_0_48.2_AMBIENT,US1,2006,191,NA,4.22,NA,NA,NA,NA,NA
US1_06_PIO_145_0_0_48.2_AMBIENT,US1,2006,200,3893.2425,NA,0,2394.84,1498.4025,0,817.83
US1_06_PIO_145_0_0_48.2_AMBIENT,US1,2006,202,NA,7.025,NA,NA,NA,NA,NA
US1_06_PIO_145_0_0_48.2_AMBIENT,US1,2006,214,5655.72,NA,0,3577.665,1906.8525,171.2025,0
US1_06_PIO_145_0_0_48.2_AMBIENT,US1,2006,228,7546.7,NA,0,4121.97916666667,1877.07916666667,1547.64166666667,1127.4895
US1_06_PIO_145_0_0_48.2_AMBIENT,US1,2006,238,NA,6.305,NA,NA,NA,NA,NA
US1_06_PIO_145_0_0_48.2_AMBIENT,US1,2006,242,7650.9125,NA,0,3304.81666666667,1116.09166666667,3230.00416666667,0
US1_06_PIO_145_0_0_48.2_AMBIENT,US1,2006,247,NA,4.29,NA,NA,NA,NA,NA
US1_06_PIO_145_0_0_48.2_AMBIENT,US1,2006,252,NA,2.1325,NA,NA,NA,NA,NA
US1_06_PIO_145_0_0_48.2_AMBIENT,US1,2006,256,7267.365,NA,0,2701.67625,152.5125,4413.17625,781.612
US1_06_PIO_145_0_0_48.2_AMBIENT,US1,2006,270,6612.795,NA,0,2274.7725,NA,4338.0225,0
US1_06_PIO_145_0_0_48.2_AMBIENT,US1,2006,278,0,NA,3430.23976313656,0,NA,0,0
US1_06_PIO_145_0_0_49.5_AMBIENT,US1,2006,172,368.445,NA,0,188.81625,179.62875,0,100.9943
US1_06_PIO_145_0_0_49.5_AMBIENT,US1,2006,187,1439.655,NA,0,669.69,769.965,0,0
US1_06_PIO_145_0_0_49.5_AMBIENT,US1,2006,191,NA,4.22,NA,NA,NA,NA,NA
US1_06_PIO_145_0_0_49.5_AMBIENT,US1,2006,200,4153.905,NA,0,2488.0275,1665.8775,0,581.3177
US1_06_PIO_145_0_0_49.5_AMBIENT,US1,2006,202,NA,7.025,NA,NA,NA,NA,NA
US1_06_PIO_145_0_0_49.5_AMBIENT,US1,2006,214,5880.6825,NA,0,3793.7025,1930.74,156.24,0
US1_06_PIO_145_0_0_49.5_AMBIENT,US1,2006,228,7815.7625,NA,0,4507.32916666667,2073.16666666667,1235.26666666667,1224.8576
US1_06_PIO_145_0_0_49.5_AMBIENT,US1,2006,238,NA,6.305,NA,NA,NA,NA,NA
US1_06_PIO_145_0_0_49.5_AMBIENT,US1,2006,242,11264.4875,NA,0,4953.31666666667,1941.39166666667,4369.77916666667,0
US1_06_PIO_145_0_0_49.5_AMBIENT,US1,2006,247,NA,4.29,NA,NA,NA,NA,NA
US1_06_PIO_145_0_0_49.5_AMBIENT,US1,2006,252,NA,2.1325,NA,NA,NA,NA,NA
US1_06_PIO_145_0_0_49.5_AMBIENT,US1,2006,256,6741.315,NA,0,2299.52625,NA,4412.91375,1152.0452
US1_06_PIO_145_0_0_49.5_AMBIENT,US1,2006,270,6104.595,NA,0,1895.46,NA,4209.135,0
US1_06_PIO_145_0_0_49.5_AMBIENT,US1,2006,278,0,NA,3379.78368422907,0,NA,0,0
US1_06_PIO_145_0_0_52.2_AMBIENT,US1,2006,172,442.995,NA,0,204.30375,238.69125,0,118.971
US1_06_PIO_145_0_0_52.2_AMBIENT,US1,2006,187,1938.93,NA,0,927.2025,1011.7275,0,0
US1_06_PIO_145_0_0_52.2_AMBIENT,US1,2006,191,NA,4.22,NA,NA,NA,NA,NA
US1_06_PIO_145_0_0_52.2_AMBIENT,US1,2006,200,5012.805,NA,0,3216.2025,1796.6025,0,769.7415
US1_06_PIO_145_0_0_52.2_AMBIENT,US1,2006,202,NA,7.025,NA,NA,NA,NA,NA
US1_06_PIO_145_0_0_52.2_AMBIENT,US1,2006,214,6051.8325,NA,0,3859.59,1980.3525,211.89,0
US1_06_PIO_145_0_0_52.2_AMBIENT,US1,2006,228,8134.9625,NA,0,4693.44166666667,1930.89166666667,1510.62916666667,1243.234
US1_06_PIO_145_0_0_52.2_AMBIENT,US1,2006,238,NA,6.305,NA,NA,NA,NA,NA
US1_06_PIO_145_0_0_52.2_AMBIENT,US1,2006,242,9266.8625,NA,0,4117.77916666667,1558.92916666667,3590.15416666667,0
US1_06_PIO_145_0_0_52.2_AMBIENT,US1,2006,247,NA,4.29,NA,NA,NA,NA,NA
US1_06_PIO_145_0_0_52.2_AMBIENT,US1,2006,252,NA,2.1325,NA,NA,NA,NA,NA
US1_06_PIO_145_0_0_52.2_AMBIENT,US1,2006,256,8101.3275,NA,0,2986.75125,564.9,4549.67625,751.3547
US1_06_PIO_145_0_0_52.2_AMBIENT,US1,2006,270,10617.2325,NA,0,3426.36,NA,7190.8725,0
US1_06_PIO_145_0_0_52.2_AMBIENT,US1,2006,278,0,NA,4302.26177423789,0,NA,0,0
US1_07_PIO_142_0_0_24.7_AMBIENT,US1,2007,171,NA,0.435,NA,NA,NA,NA,NA
US1_07_PIO_142_0_0_24.7_AMBIENT,US1,2007,185,NA,2.8925,NA,NA,NA,NA,NA
US1_07_PIO_142_0_0_24.7_AMBIENT,US1,2007,199,NA,5.14,NA,NA,NA,NA,NA
US1_07_PIO_142_0_0_24.7_AMBIENT,US1,2007,212,3911.85375,NA,0,1918.11375,1897.63875,96.10125,0
US1_07_PIO_142_0_0_24.7_AMBIENT,US1,2007,213,NA,7.085,NA,NA,NA,NA,NA
US1_07_PIO_142_0_0_24.7_AMBIENT,US1,2007,227,NA,5.6375,NA,NA,NA,NA,NA
US1_07_PIO_142_0_0_24.7_AMBIENT,US1,2007,233,8752.09125,NA,0,3976.90125,1932.81375,2842.37625,0
US1_07_PIO_142_0_0_24.7_AMBIENT,US1,2007,244,NA,3.88,NA,NA,NA,NA,NA
US1_07_PIO_142_0_0_24.7_AMBIENT,US1,2007,254,9869.29125,NA,0,2864.68875,NA,6930.55125,0
US1_07_PIO_142_0_0_24.7_AMBIENT,US1,2007,259,NA,1.015,NA,NA,NA,NA,NA
US1_07_PIO_142_0_0_24.7_AMBIENT,US1,2007,275,7788.165,NA,0,2100.28875,NA,5687.87625,0
US1_07_PIO_142_0_0_24.7_AMBIENT,US1,2007,276,0,NA,3093.98051154185,0,NA,0,0
US1_07_PIO_142_0_0_38.9_AMBIENT,US1,2007,171,NA,0.435,NA,NA,NA,NA,NA
US1_07_PIO_142_0_0_38.9_AMBIENT,US1,2007,185,NA,2.8925,NA,NA,NA,NA,NA
US1_07_PIO_142_0_0_38.9_AMBIENT,US1,2007,191,3206.7525,NA,0,1750.90125,1455.85125,0,0
US1_07_PIO_142_0_0_38.9_AMBIENT,US1,2007,199,NA,5.14,NA,NA,NA,NA,NA
US1_07_PIO_142_0_0_38.9_AMBIENT,US1,2007,212,4535.02875,NA,0,2722.41375,1613.61375,199.00125,0
US1_07_PIO_142_0_0_38.9_AMBIENT,US1,2007,213,NA,7.085,NA,NA,NA,NA,NA
US1_07_PIO_142_0_0_38.9_AMBIENT,US1,2007,227,NA,5.6375,NA,NA,NA,NA,NA
US1_07_PIO_142_0_0_38.9_AMBIENT,US1,2007,233,7019.85375,NA,0,3264.21375,1700.50125,2055.13875,0
US1_07_PIO_142_0_0_38.9_AMBIENT,US1,2007,244,NA,3.88,NA,NA,NA,NA,NA
US1_07_PIO_142_0_0_38.9_AMBIENT,US1,2007,254,8233.65375,NA,0,2697.47625,634.75125,4901.42625,0
US1_07_PIO_142_0_0_38.9_AMBIENT,US1,2007,259,NA,1.015,NA,NA,NA,NA,NA
US1_07_PIO_142_0_0_38.9_AMBIENT,US1,2007,275,6950.265,NA,0,1863.77625,NA,5086.48875,0
US1_07_PIO_142_0_0_38.9_AMBIENT,US1,2007,276,0,NA,2836.88658988546,0,NA,0,0
US1_07_PIO_142_0_0_39.9_AMBIENT,US1,2007,171,NA,0.435,NA,NA,NA,NA,NA
US1_07_PIO_142_0_0_39.9_AMBIENT,US1,2007,185,NA,2.8925,NA,NA,NA,NA,NA
US1_07_PIO_142_0_0_39.9_AMBIENT,US1,2007,191,1763.0025,NA,0,888.85125,874.15125,0,0
US1_07_PIO_142_0_0_39.9_AMBIENT,US1,2007,199,NA,5.14,NA,NA,NA,NA,NA
US1_07_PIO_142_0_0_39.9_AMBIENT,US1,2007,213,NA,7.085,NA,NA,NA,NA,NA
US1_07_PIO_142_0_0_39.9_AMBIENT,US1,2007,227,NA,5.6375,NA,NA,NA,NA,NA
US1_07_PIO_142_0_0_39.9_AMBIENT,US1,2007,244,NA,3.88,NA,NA,NA,NA,NA
US1_07_PIO_142_0_0_39.9_AMBIENT,US1,2007,259,NA,1.015,NA,NA,NA,NA,NA
US1_07_PIO_142_0_0_41_AMBIENT,US1,2007,171,NA,0.435,NA,NA,NA,NA,NA
US1_07_PIO_142_0_0_41_AMBIENT,US1,2007,185,NA,2.8925,NA,NA,NA,NA,NA
US1_07_PIO_142_0_0_41_AMBIENT,US1,2007,191,2815.1025,NA,0,1424.35125,1390.75125,0,0
US1_07_PIO_142_0_0_41_AMBIENT,US1,2007,199,NA,5.14,NA,NA,NA,NA,NA
US1_07_PIO_142_0_0_41_AMBIENT,US1,2007,213,NA,7.085,NA,NA,NA,NA,NA
US1_07_PIO_142_0_0_41_AMBIENT,US1,2007,227,NA,5.6375,NA,NA,NA,NA,NA
US1_07_PIO_142_0_0_41_AMBIENT,US1,2007,244,NA,3.88,NA,NA,NA,NA,NA
US1_07_PIO_142_0_0_41_AMBIENT,US1,2007,259,NA,1.015,NA,NA,NA,NA,NA
US1_07_PIO_142_0_0_45.7_AMBIENT,US1,2007,171,NA,0.435,NA,NA,NA,NA,NA
US1_07_PIO_142_0_0_45.7_AMBIENT,US1,2007,185,NA,2.8925,NA,NA,NA,NA,NA
US1_07_PIO_142_0_0_45.7_AMBIENT,US1,2007,191,1652.7525,NA,0,823.22625,829.52625,0,0
US1_07_PIO_142_0_0_45.7_AMBIENT,US1,2007,199,NA,5.14,NA,NA,NA,NA,NA
US1_07_PIO_142_0_0_45.7_AMBIENT,US1,2007,212,6043.09125,NA,0,3607.56375,2266.71375,168.81375,0
US1_07_PIO_142_0_0_45.7_AMBIENT,US1,2007,213,NA,7.085,NA,NA,NA,NA,NA
US1_07_PIO_142_0_0_45.7_AMBIENT,US1,2007,227,NA,5.6375,NA,NA,NA,NA,NA
US1_07_PIO_142_0_0_45.7_AMBIENT,US1,2007,233,8649.97875,NA,0,3803.91375,1914.17625,2931.88875,0
US1_07_PIO_142_0_0_45.7_AMBIENT,US1,2007,244,NA,3.88,NA,NA,NA,NA,NA
US1_07_PIO_142_0_0_45.7_AMBIENT,US1,2007,254,7275.26625,NA,0,2774.38875,NA,4456.75125,0
US1_07_PIO_142_0_0_45.7_AMBIENT,US1,2007,259,NA,1.015,NA,NA,NA,NA,NA
US1_07_PIO_142_0_0_45.7_AMBIENT,US1,2007,275,7719.915,NA,0,2264.87625,NA,5455.03875,0
US1_07_PIO_142_0_0_45.7_AMBIENT,US1,2007,276,0,NA,3180.02230879295,0,NA,0,0
US1_07_PIO_142_0_0_47.2_AMBIENT,US1,2007,171,NA,0.435,NA,NA,NA,NA,NA
US1_07_PIO_142_0_0_47.2_AMBIENT,US1,2007,185,NA,2.8925,NA,NA,NA,NA,NA
US1_07_PIO_142_0_0_47.2_AMBIENT,US1,2007,199,NA,5.14,NA,NA,NA,NA,NA
US1_07_PIO_142_0_0_47.2_AMBIENT,US1,2007,212,4339.46625,NA,0,2608.22625,1659.28875,71.95125,0
US1_07_PIO_142_0_0_47.2_AMBIENT,US1,2007,213,NA,7.085,NA,NA,NA,NA,NA
US1_07_PIO_142_0_0_47.2_AMBIENT,US1,2007,227,NA,5.6375,NA,NA,NA,NA,NA
US1_07_PIO_142_0_0_47.2_AMBIENT,US1,2007,233,10653.11625,NA,0,4714.00125,2332.86375,3606.25125,0
US1_07_PIO_142_0_0_47.2_AMBIENT,US1,2007,244,NA,3.88,NA,NA,NA,NA,NA
US1_07_PIO_142_0_0_47.2_AMBIENT,US1,2007,254,7310.70375,NA,0,2436.55125,NA,4812.70125,0
US1_07_PIO_142_0_0_47.2_AMBIENT,US1,2007,259,NA,1.015,NA,NA,NA,NA,NA
US1_07_PIO_142_0_0_47.2_AMBIENT,US1,2007,275,8688.2775,NA,0,2635.52625,NA,6052.75125,0
US1_07_PIO_142_0_0_47.2_AMBIENT,US1,2007,276,0,NA,3449.32195992952,0,NA,0,0
NA_NA_AMBIENT,US1,2008,192,NA,0.43333,NA,NA,NA,NA,NA
NA_NA_AMBIENT,US1,2008,199,NA,0.9225,NA,NA,NA,NA,NA
NA_NA_AMBIENT,US1,2008,206,NA,1.6875,NA,NA,NA,NA,NA
NA_NA_AMBIENT,US1,2008,214,NA,3.755,NA,NA,NA,NA,NA
NA_NA_AMBIENT,US1,2008,221,NA,5.0075,NA,NA,NA,NA,NA
NA_NA_AMBIENT,US1,2008,228,NA,5.9375,NA,NA,NA,NA,NA
NA_NA_AMBIENT,US1,2008,237,NA,6.205,NA,NA,NA,NA,NA
NA_NA_AMBIENT,US1,2008,249,NA,5.9075,NA,NA,NA,NA,NA
NA_NA_AMBIENT,US1,2008,263,NA,4.4225,NA,NA,NA,NA,NA
