WTH_ID,DOY,TAVE,TMAX,TMIN,Prec,Rad,SH,Wind,RH,Date,Year
BR1_2013,91,298.15,304.65,291.65,0,223.032407407407,0.024248754845663,1.27,0.7508,2013-04-01,2013
BR1_2013,92,295.25,298.75,291.75,0.000956018518518518,53.7037037037037,0.0254707912600133,1.3,0.9429,2013-04-02,2013
BR1_2013,93,296.2,300.25,292.15,4.62962962962963e-06,159.606481481481,0.0252628214962225,0.75,0.8817,2013-04-03,2013
BR1_2013,94,296.5,301.35,291.65,5.78703703703704e-05,148.842592592593,0.0268413984563738,0.39,0.9196,2013-04-04,2013
BR1_2013,95,296.3,299.75,292.85,0.000645833333333333,95.3703703703704,0.0264889980033484,1.89,0.9188,2013-04-05,2013
BR1_2013,96,297.25,301.25,293.25,0,188.078703703704,0.0261467241958982,0.73,0.8554,2013-04-06,2013
BR1_2013,97,297.7,301.95,293.45,0,185.99537037037,0.0273617018475814,0.98,0.8708,2013-04-07,2013
BR1_2013,98,297.8,302.35,293.25,0,195.601851851852,0.0253576944013232,2.25,0.8021,2013-04-08,2013
BR1_2013,99,296.75,302.05,291.45,0,219.907407407407,0.0226015332523661,2.2,0.7625,2013-04-09,2013
BR1_2013,100,295.2,299.35,291.05,0,128.009259259259,0.0210398929770245,2,0.7813,2013-04-10,2013
BR1_2013,101,296.8,302.85,290.75,0,203.472222222222,0.0235394180362603,1.9,0.7917,2013-04-11,2013
BR1_2013,102,297.1,301.85,292.35,2.5462962962963e-05,160.185185185185,0.0254648114730662,1.27,0.8408,2013-04-12,2013
BR1_2013,103,295.5,297.75,293.25,0.0004375,69.9074074074074,0.02700279987603,1.53,0.9842,2013-04-13,2013
BR1_2013,104,293.8,296.25,291.35,0,135.185185185185,0.0214130195731287,2.24,0.8679,2013-04-14,2013
BR1_2013,105,291.85,296.75,286.95,2.31481481481481e-06,186.342592592593,0.018902371247063,0.86,0.8667,2013-04-15,2013
BR1_2013,106,291.65,298.45,284.85,2.31481481481481e-06,263.888888888889,0.0171018648314899,1.25,0.7942,2013-04-16,2013
BR1_2013,107,291.95,298.15,285.75,0,258.564814814815,0.0152083522404581,1.76,0.6929,2013-04-17,2013
BR1_2013,108,292.1,299.25,284.95,0,254.513888888889,0.0162692898649009,1.52,0.7342,2013-04-18,2013
BR1_2013,109,293.15,300.45,285.85,2.31481481481481e-06,248.263888888889,0.0181173742733284,1.43,0.765,2013-04-19,2013
BR1_2013,110,292.25,298.75,285.75,0,251.967592592593,0.0169642098330282,1.81,0.7583,2013-04-20,2013
BR1_2013,111,291.9,299.45,284.35,0,239.699074074074,0.0165646792019048,2.29,0.7571,2013-04-21,2013
BR1_2013,112,292.95,298.75,287.15,0,242.361111111111,0.0162530065176687,3.23,0.695,2013-04-22,2013
BR1_2013,113,292.35,299.25,285.45,0,216.550925925926,0.01566511377475,1.56,0.6958,2013-04-23,2013
BR1_2013,114,292.95,299.55,286.35,0,221.643518518519,0.0166926561903768,1.09,0.7138,2013-04-24,2013
BR1_2013,115,293.05,299.95,286.15,0,217.708333333333,0.0154828955937492,1.3,0.6579,2013-04-25,2013
BR1_2013,116,293.15,300.35,285.95,0,228.009259259259,0.0168929713322421,1.09,0.7133,2013-04-26,2013
BR1_2013,117,293.65,300.55,286.75,0,233.449074074074,0.0177610478486147,1.48,0.7267,2013-04-27,2013
BR1_2013,118,293.5,300.05,286.95,0,217.361111111111,0.0184319068463862,1.17,0.7613,2013-04-28,2013
BR1_2013,119,295,301.45,288.55,0,195.601851851852,0.0206119190887403,0.83,0.775,2013-04-29,2013
BR1_2013,120,295.5,302.75,288.25,0,221.412037037037,0.0204071149642259,0.99,0.7438,2013-04-30,2013
BR1_2013,121,295.65,302.45,288.85,2.31481481481481e-06,192.592592592593,0.0215783426074794,1.23,0.7792,2013-05-01,2013
BR1_2013,122,295.75,302.25,289.25,0,219.791666666667,0.0208515531336203,1.16,0.7483,2013-05-02,2013
BR1_2013,123,296,303.75,288.25,0,206.018518518519,0.020964740147892,0.83,0.7408,2013-05-03,2013
BR1_2013,124,296.5,303.25,289.75,0,213.425925925926,0.0202623953984501,1.44,0.6942,2013-05-04,2013
BR1_2013,125,295.75,302.35,289.15,0,187.037037037037,0.0211079132683648,1.75,0.7575,2013-05-05,2013
BR1_2013,126,292.65,297.75,287.55,0,214.814814814815,0.0161677696493106,1.78,0.7046,2013-05-06,2013
BR1_2013,127,290.3,296.85,283.75,0,234.143518518519,0.0137339344342925,2.25,0.6954,2013-05-07,2013
BR1_2013,128,289.6,296.05,283.15,0,227.546296296296,0.0121289580654133,1.6,0.6425,2013-05-08,2013
BR1_2013,129,289.5,298.75,280.25,0,226.851851851852,0.0126134384567004,0.97,0.6725,2013-05-09,2013
BR1_2013,130,290.95,300.15,281.75,0,218.518518518519,0.0136500117244958,0.84,0.6629,2013-05-10,2013
BR1_2013,131,292.45,300.65,284.25,2.31481481481481e-06,214.236111111111,0.0161612897754062,0.74,0.7133,2013-05-11,2013
BR1_2013,132,292.65,300.65,284.65,0,210.99537037037,0.0161287614057627,0.9,0.7029,2013-05-12,2013
BR1_2013,133,293.3,301.15,285.45,0,202.083333333333,0.0168957583909243,1.3,0.7067,2013-05-13,2013
BR1_2013,134,294.45,302.65,286.25,0,172.337962962963,0.0188574021738698,1.49,0.7338,2013-05-14,2013
BR1_2013,135,295.9,303.35,288.45,0,166.435185185185,0.0202615767763067,1.79,0.7204,2013-05-15,2013
BR1_2013,136,296,302.15,289.85,0,144.560185185185,0.0204128875117096,1.37,0.7213,2013-05-16,2013
BR1_2013,137,293.55,296.55,290.55,0,103.819444444444,0.0182859921358428,3.19,0.7529,2013-05-17,2013
BR1_2013,138,293.15,299.85,286.45,0,184.490740740741,0.0184039366637955,1.8,0.7771,2013-05-18,2013
BR1_2013,139,294.2,300.65,287.75,0,171.412037037037,0.0200597585131134,1.17,0.7929,2013-05-19,2013
BR1_2013,140,295.15,301.55,288.75,0,190.625,0.0206255234203947,0.93,0.7683,2013-05-20,2013
BR1_2013,141,294.9,299.65,290.15,0,135.532407407407,0.0196459765005628,0.52,0.7433,2013-05-21,2013
BR1_2013,142,292.25,295.65,288.85,1.15740740740741e-05,64.9305555555556,0.0204787520521614,0.22,0.9154,2013-05-22,2013
BR1_2013,143,292,295.15,288.85,4.62962962962963e-05,87.1527777777778,0.0202660708231901,1.43,0.9204,2013-05-23,2013
BR1_2013,144,291.15,293.85,288.45,9.25925925925926e-06,75.8101851851852,0.019119335447651,1.08,0.9167,2013-05-24,2013
BR1_2013,145,290.5,297.65,283.35,2.31481481481481e-06,196.064814814815,0.0156041588382257,1.17,0.78,2013-05-25,2013
BR1_2013,146,290.4,298.85,281.95,2.31481481481481e-06,211.458333333333,0.0139617059225788,1.06,0.7024,2013-05-26,2013
BR1_2013,147,289.45,292.35,286.55,0.00018287037037037,24.7685185185185,0.0179251963682461,0.63,0.9588,2013-05-27,2013
BR1_2013,148,288.15,290.25,286.05,0.000418981481481481,16.087962962963,0.0171801410982563,1.5,1,2013-05-28,2013
BR1_2013,149,290.4,292.45,288.35,0.000268518518518519,24.1898148148148,0.0192808296482083,1.93,0.97,2013-05-29,2013
BR1_2013,150,292.2,295.15,289.25,8.56481481481482e-05,117.708333333333,0.0206011543210671,1.43,0.9238,2013-05-30,2013
BR1_2013,151,293.7,298.15,289.25,0,148.37962962963,0.0210851781089943,0.87,0.86,2013-05-31,2013
BR1_2013,152,292.85,300.75,284.95,2.31481481481481e-06,191.087962962963,0.0187532771576943,0.65,0.807,2013-06-01,2013
BR1_2013,153,291.9,294.95,288.85,0.000337962962962963,47.8009259259259,0.0213868365075446,1.01,0.9775,2013-06-02,2013
BR1_2013,154,291.55,294.65,288.45,0,77.4305555555556,0.020129875823852,0.86,0.9408,2013-06-03,2013
BR1_2013,155,289.85,296.15,283.55,2.31481481481481e-06,188.078703703704,0.0155399564638454,0.94,0.81,2013-06-04,2013
BR1_2013,156,290.65,298.25,283.05,4.62962962962963e-06,182.523148148148,0.0148341440055246,0.5,0.7344,2013-06-05,2013
BR1_2013,157,292.45,300.05,284.85,0,197.685185185185,0.017758613382817,1.53,0.7838,2013-06-06,2013
BR1_2013,158,292.6,300.05,285.15,2.31481481481481e-06,193.402777777778,0.0168120084003236,0.63,0.735,2013-06-07,2013
BR1_2013,159,291.25,298.15,284.35,0,178.819444444444,0.0166937520360427,0.98,0.7953,2013-06-08,2013
BR1_2013,160,292.35,299.65,285.05,4.62962962962963e-06,181.481481481481,0.0164733598002077,0.49,0.7317,2013-06-09,2013
BR1_2013,161,292.75,300.35,285.15,0,161.111111111111,0.0173926919817,1.06,0.7532,2013-06-10,2013
BR1_2013,162,294.4,300.35,288.45,7.17592592592593e-05,123.49537037037,0.0207301086788591,0.97,0.8092,2013-06-11,2013
BR1_2013,163,293.8,298.75,288.85,1.62037037037037e-05,162.037037037037,0.0210848790496552,0.59,0.8546,2013-06-12,2013
BR1_2013,164,292.8,296.95,288.65,1.15740740740741e-05,121.875,0.0210638373026433,0.45,0.9093,2013-06-13,2013
BR1_2013,165,291.3,295.45,287.15,6.94444444444444e-06,107.523148148148,0.0189519314727397,0.43,0.9,2013-06-14,2013
BR1_2013,166,288.8,293.25,284.35,4.62962962962963e-06,100.925925925926,0.0145036895816603,1.15,0.8092,2013-06-15,2013
BR1_2013,167,293.1,299.15,287.05,0,124.421296296296,0.0199654739595938,0.8,0.8457,2013-06-16,2013
BR1_2013,168,292.6,295.85,289.35,0.000333333333333333,157.638888888889,0.019362401511393,2.33,0.8465,2013-06-17,2013
BR1_2013,169,291.15,298.25,284.05,2.31481481481481e-06,189.699074074074,0.0132148041230846,0.96,0.6336,2013-06-18,2013
BR1_2013,170,293.35,301.55,285.15,2.31481481481481e-06,173.726851851852,0.017085794120734,1.08,0.7124,2013-06-19,2013
BR1_2013,171,293.65,297.75,289.55,0,84.375,0.0208870118225212,0.46,0.8546,2013-06-20,2013
BR1_2013,172,293.75,299.35,288.15,0,102.546296296296,0.0169089429529974,1.26,0.6875,2013-06-21,2013
BR1_2013,173,293.35,296.65,290.05,4.39814814814815e-05,138.773148148148,0.0180379362130883,2.65,0.7521,2013-06-22,2013
BR1_2013,174,289.95,293.35,286.55,0.000155092592592593,73.2638888888889,0.0179576749894003,0.47,0.93,2013-06-23,2013
BR1_2013,175,291.05,295.75,286.35,0,118.055555555556,0.0188170737595187,1.28,0.908,2013-06-24,2013
BR1_2013,176,290.55,293.05,288.05,2.5462962962963e-05,34.9537037037037,0.0198108029962071,0.51,0.9871,2013-06-25,2013
BR1_2013,177,290.85,292.25,289.45,0.000421296296296296,33.7962962962963,0.0202040746207927,0.75,0.9875,2013-06-26,2013
BR1_2013,178,292.35,295.25,289.45,2.31481481481481e-06,70.0231481481481,0.02046731091208,0.72,0.9091,2013-06-27,2013
BR1_2013,179,293.35,298.85,287.85,2.31481481481481e-06,127.893518518519,0.0193858048677559,0.16,0.8083,2013-06-28,2013
BR1_2013,180,294.15,302.05,286.25,2.31481481481481e-06,169.675925925926,0.0169705942443793,1.91,0.6729,2013-06-29,2013
BR1_2013,181,293.65,296.85,290.45,0.000155092592592593,71.5277777777778,0.0230304601455204,0.86,0.9423,2013-06-30,2013
BR1_2013,182,291.55,294.25,288.85,0.000150462962962963,69.212962962963,0.0197425982383804,1.06,0.9227,2013-07-01,2013
BR1_2013,183,291.3,295.65,286.95,0,129.74537037037,0.0181475272702301,2.88,0.8618,2013-07-02,2013
BR1_2013,184,291.35,298.75,283.95,0,188.541666666667,0.0160550652845058,0.73,0.76,2013-07-03,2013
BR1_2013,185,291.2,298.05,284.35,4.62962962962963e-06,193.634259259259,0.0148305827368084,0.74,0.7088,2013-07-04,2013
BR1_2013,186,292.45,299.85,285.05,0,195.138888888889,0.0162541837724329,0.78,0.7174,2013-07-05,2013
BR1_2013,187,292.3,300.95,283.65,2.31481481481481e-06,199.189814814815,0.016293249608495,1.07,0.726,2013-07-06,2013
BR1_2013,188,292.15,299.75,284.55,2.31481481481481e-06,201.041666666667,0.0167367619982068,1.14,0.7529,2013-07-07,2013
BR1_2013,189,291.45,298.15,284.75,0,159.722222222222,0.0167851111330032,2.27,0.7895,2013-07-08,2013
BR1_2013,190,292.15,297.45,286.85,0,184.143518518519,0.0173858700475462,2.93,0.7821,2013-07-09,2013
BR1_2013,191,291.65,298.15,285.15,0,186.226851851852,0.0166991893437678,0.94,0.7755,2013-07-10,2013
BR1_2013,192,290.85,296.95,284.75,2.31481481481481e-06,161.111111111111,0.0152568895642786,0.39,0.7457,2013-07-11,2013
BR1_2013,193,291.05,299.25,282.85,2.31481481481481e-06,181.944444444444,0.0147365871700372,0.96,0.7111,2013-07-12,2013
BR1_2013,194,292.1,299.45,284.75,2.31481481481481e-06,179.166666666667,0.0164199724732928,1.19,0.741,2013-07-13,2013
BR1_2013,195,292.65,299.85,285.45,3.93518518518519e-05,134.953703703704,0.0196372087225092,0.94,0.8558,2013-07-14,2013
BR1_2013,196,291.9,299.35,284.45,4.62962962962963e-06,185.99537037037,0.0122304261971534,1.25,0.559,2013-07-15,2013
BR1_2013,197,291.35,296.35,286.35,0,183.101851851852,0.0169000687205323,0.62,0.8,2013-07-16,2013
BR1_2013,198,290.75,298.55,282.95,4.62962962962963e-06,187.384259259259,0.0141144501595951,0.68,0.6943,2013-07-17,2013
BR1_2013,199,292,301.55,282.45,2.31481481481481e-06,200.925925925926,0.0145566051947099,1.7,0.6611,2013-07-18,2013
BR1_2013,200,293.2,300.75,285.65,2.08333333333333e-05,102.430555555556,0.0202154030456158,2.12,0.8509,2013-07-19,2013
BR1_2013,201,294.5,301.45,287.55,2.31481481481481e-06,176.851851851852,0.0163256933183535,1.88,0.6333,2013-07-20,2013
BR1_2013,202,295.9,300.95,290.85,0.000175925925925926,116.087962962963,0.0194656264393141,2.65,0.6921,2013-07-21,2013
BR1_2013,203,293.25,296.55,289.95,4.62962962962963e-06,114.351851851852,0.0216448694668193,1.45,0.9082,2013-07-22,2013
BR1_2013,204,287.3,292.65,281.95,2.5462962962963e-05,27.5462962962963,0.0159149418770581,2.9,0.9794,2013-07-23,2013
BR1_2013,205,283.2,285.95,280.45,0,70.6018518518518,0.010792678035934,2.29,0.8729,2013-07-24,2013
BR1_2013,206,283.75,285.85,281.65,0.00012037037037037,60.5324074074074,0.0114882271192665,1.21,0.8953,2013-07-25,2013
BR1_2013,207,284.65,290.55,278.75,0,92.5925925925926,0.0112973737049405,1.78,0.8288,2013-07-26,2013
BR1_2013,208,287.25,295.75,278.75,2.31481481481481e-06,215.740740740741,0.0104839188440734,1.23,0.6473,2013-07-27,2013
BR1_2013,209,286.65,294.85,278.45,2.31481481481481e-06,203.356481481481,0.0104093263009768,0.78,0.6686,2013-07-28,2013
BR1_2013,210,289.1,297.65,280.55,0,222.453703703704,0.0119983041214768,1.59,0.6565,2013-07-29,2013
BR1_2013,211,289.5,300.05,278.95,0,220.833333333333,0.0115499708574514,0.68,0.6158,2013-07-30,2013
BR1_2013,212,291,300.85,281.15,2.31481481481481e-06,226.736111111111,0.013625627375721,1.23,0.6596,2013-07-31,2013
BR1_2013,213,291.75,301.75,281.75,0,225,0.013635472812125,1.14,0.6292,2013-08-01,2013
BR1_2013,214,292.25,301.95,282.55,0,221.412037037037,0.0142908311240121,1.51,0.6388,2013-08-02,2013
BR1_2013,215,293.5,303.75,283.25,0,222.106481481481,0.0153740455109093,1.59,0.635,2013-08-03,2013
BR1_2013,216,294.2,303.25,285.15,0,220.138888888889,0.014620424321766,2.1,0.5779,2013-08-04,2013
BR1_2013,217,294.6,302.35,286.85,0,212.152777777778,0.0169805887419212,1.25,0.6546,2013-08-05,2013
BR1_2013,218,294.55,303.15,285.95,0,206.018518518519,0.0180550842473252,1.65,0.6982,2013-08-06,2013
BR1_2013,219,293.5,302.45,284.55,0,217.939814814815,0.015756580816535,0.65,0.6508,2013-08-07,2013
BR1_2013,220,293.65,301.95,285.35,0,215.625,0.0149796975731608,1.99,0.6129,2013-08-08,2013
BR1_2013,221,294.5,302.35,286.65,0,210.87962962963,0.0157894949589318,1.94,0.6125,2013-08-09,2013
BR1_2013,222,294.1,301.95,286.25,0,217.824074074074,0.0158590432129097,3.4,0.6308,2013-08-10,2013
BR1_2013,223,286.8,291.55,282.05,0,160.99537037037,0.0108556095189271,2.39,0.6904,2013-08-11,2013
BR1_2013,224,289.55,300.05,279.05,0,232.291666666667,0.0126467787590945,0.98,0.6721,2013-08-12,2013
BR1_2013,225,293.35,302.55,284.15,0,150.694444444444,0.0162799509392957,1.48,0.6788,2013-08-13,2013
BR1_2013,226,289.75,295.75,283.75,4.62962962962963e-06,60.9953703703704,0.0156553322025292,2.33,0.8213,2013-08-14,2013
BR1_2013,227,285.6,291.25,279.95,0,181.25,0.0101775605492064,3.67,0.7008,2013-08-15,2013
BR1_2013,228,289.45,298.55,280.35,0,245.37037037037,0.0125876457183355,1.89,0.6733,2013-08-16,2013
BR1_2013,229,288.85,295.95,281.75,0,160.763888888889,0.0139035629321643,2.53,0.7732,2013-08-17,2013
BR1_2013,230,291.5,296.95,286.05,0,186.805555555556,0.0150727767245192,3.87,0.7067,2013-08-18,2013
BR1_2013,231,291.8,298.85,284.75,0,219.907407407407,0.014983386957756,2.05,0.6892,2013-08-19,2013
BR1_2013,232,291.9,299.55,284.25,0,248.49537037037,0.0142498686622647,1.7,0.6513,2013-08-20,2013
BR1_2013,233,292.15,301.15,283.15,0,224.074074074074,0.0133000460931427,1.5,0.5983,2013-08-21,2013
BR1_2013,234,295,301.75,288.25,0,147.569444444444,0.0152155856911849,2.01,0.5721,2013-08-22,2013
BR1_2013,235,295.8,305.25,286.35,0,235.763888888889,0.0157004885493368,1.46,0.5617,2013-08-23,2013
BR1_2013,236,295.85,305.05,286.65,0,230.092592592593,0.0173726382115169,1.31,0.6196,2013-08-24,2013
BR1_2013,237,295.4,304.65,286.15,0,239.814814814815,0.0143257517763794,1.42,0.5254,2013-08-25,2013
BR1_2013,238,292.95,298.75,287.15,0,129.513888888889,0.0162132509621578,2.15,0.6933,2013-08-26,2013
BR1_2013,239,289,294.05,283.95,2.5462962962963e-05,81.712962962963,0.014428288261189,4.35,0.7946,2013-08-27,2013
BR1_2013,240,287,293.95,280.05,0,249.074074074074,0.010766987383153,2.23,0.6758,2013-08-28,2013
BR1_2013,241,288.85,299.05,278.65,0,263.888888888889,0.0116216667395987,1.19,0.6463,2013-08-29,2013
BR1_2013,242,291.55,302.75,280.35,0,269.675925925926,0.012401441355766,1.08,0.5796,2013-08-30,2013
BR1_2013,243,292.4,302.95,281.85,0,258.564814814815,0.0112271741656657,1.65,0.4971,2013-08-31,2013
BR1_2013,244,295.45,304.35,286.55,0,260.069444444444,0.0129343895775052,1.1,0.4729,2013-09-01,2013
BR1_2013,245,295.1,305.45,284.75,0,226.041666666667,0.0128565703169521,1.64,0.4804,2013-09-02,2013
BR1_2013,246,292.35,297.05,287.65,3.93518518518519e-05,88.8888888888889,0.0163135117004654,1.58,0.7246,2013-09-03,2013
BR1_2013,247,291.05,293.15,288.95,0,48.2638888888889,0.0182285221132959,1.82,0.8796,2013-09-04,2013
BR1_2013,248,292.75,300.25,285.25,0,267.12962962963,0.0162796705351812,2.72,0.705,2013-09-05,2013
BR1_2013,249,293.2,301.05,285.35,0,275.694444444444,0.0156586815693563,1.66,0.6591,2013-09-06,2013
BR1_2013,250,293.45,301.75,285.15,0,278.587962962963,0.0142879158442446,1.4,0.592,2013-09-07,2013
BR1_2013,251,293.85,303.05,284.65,0,279.976851851852,0.0145207256029227,1.45,0.5867,2013-09-08,2013
BR1_2013,252,295,303.95,286.05,0,280.092592592593,0.0136756758650713,1.72,0.5142,2013-09-09,2013
BR1_2013,253,295.05,304.65,285.45,0,278.587962962963,0.0125844875108247,1.67,0.4717,2013-09-10,2013
BR1_2013,254,295.75,304.45,287.05,0,273.148148148148,0.0143728866849143,1.53,0.5158,2013-09-11,2013
BR1_2013,255,295.5,303.95,287.05,0,288.194444444444,0.0140501258042217,2.13,0.5121,2013-09-12,2013
BR1_2013,256,294.8,303.75,285.85,0,285.648148148148,0.0127286932795814,1.18,0.4846,2013-09-13,2013
BR1_2013,257,295,304.75,285.25,0,282.060185185185,0.0121889580882189,1.78,0.4583,2013-09-14,2013
BR1_2013,258,296.25,305.75,286.75,0,237.384259259259,0.0131260488565258,1.73,0.4567,2013-09-15,2013
BR1_2013,259,297.45,306.45,288.45,0,172.685185185185,0.0167623267851471,1.91,0.5417,2013-09-16,2013
BR1_2013,260,293.95,296.95,290.95,0.000219907407407407,30.5555555555556,0.0240041189402872,2.15,0.9638,2013-09-17,2013
BR1_2013,261,292.4,294.85,289.95,1.38888888888889e-05,80.787037037037,0.0208485304210944,1.15,0.9231,2013-09-18,2013
BR1_2013,262,294.9,300.75,289.05,1.38888888888889e-05,240.393518518519,0.0217287196032728,1.67,0.8221,2013-09-19,2013
BR1_2013,263,297.55,306.15,288.95,0,271.990740740741,0.0208442885709578,1.55,0.6695,2013-09-20,2013
BR1_2013,264,300.65,307.95,293.35,9.25925925925926e-06,276.041666666667,0.0207278062683356,2.96,0.5517,2013-09-21,2013
BR1_2013,265,300.15,306.25,294.05,0,143.171296296296,0.0226517735534724,1.75,0.6213,2013-09-22,2013
BR1_2013,266,295.8,301.35,290.25,0,181.365740740741,0.0215116538856501,1.76,0.7696,2013-09-23,2013
BR1_2013,267,292.75,295.55,289.95,0,93.4027777777778,0.0182609410769097,2.88,0.7908,2013-09-24,2013
BR1_2013,268,289.3,295.15,283.45,0,319.328703703704,0.0121197332525239,3.85,0.6546,2013-09-25,2013
BR1_2013,269,290.6,296.85,284.35,0,310.648148148148,0.0122818969700362,4.14,0.61,2013-09-26,2013
BR1_2013,270,292.05,301.15,282.95,0,313.773148148148,0.0121665585191285,2.99,0.5508,2013-09-27,2013
BR1_2013,271,294.3,305.15,283.45,4.62962962962963e-06,284.490740740741,0.0163034209081381,2.06,0.6404,2013-09-28,2013
BR1_2013,272,291.6,295.25,287.95,4.86111111111111e-05,77.8935185185185,0.0185671408470024,1.53,0.865,2013-09-29,2013
BR1_2013,273,292.6,297.45,287.75,2.31481481481481e-06,126.041666666667,0.019186275709104,0.66,0.8388,2013-09-30,2013
BR1_2013,274,295.5,299.45,291.55,9.02777777777778e-05,175.231481481481,0.0227282253782801,1.6,0.8284,2013-10-01,2013
BR1_2013,275,293.7,297.55,289.85,0.000328703703703704,119.212962962963,0.0220805946569305,0.88,0.9006,2013-10-02,2013
BR1_2013,276,296,300.05,291.95,4.62962962962963e-06,162.615740740741,0.0240381348293999,1.48,0.8494,2013-10-03,2013
BR1_2013,277,293.3,295.75,290.85,0.000273148148148148,67.8240740740741,0.0222487516040671,2.56,0.9306,2013-10-04,2013
BR1_2013,278,295.4,300.55,290.25,0,263.773148148148,0.0190701004803954,1.6,0.6994,2013-10-05,2013
BR1_2013,279,291.7,298.25,285.15,0,321.064814814815,0.0142574451700162,3.22,0.66,2013-10-06,2013
BR1_2013,280,291.9,297.35,286.45,0,251.967592592593,0.0145955587050465,5.09,0.6671,2013-10-07,2013
BR1_2013,281,292.55,298.35,286.75,0,239.467592592593,0.0145927300419973,4.08,0.64,2013-10-08,2013
BR1_2013,282,293.2,300.45,285.95,0,310.185185185185,0.0149768363849526,2.43,0.6304,2013-10-09,2013
BR1_2013,283,293.2,300.45,285.95,0,312.384259259259,0.0143638884491472,2.02,0.6046,2013-10-10,2013
BR1_2013,284,293.9,301.25,286.55,0,296.990740740741,0.0143181109233246,2.08,0.5767,2013-10-11,2013
BR1_2013,285,294.15,300.15,288.15,0,150.694444444444,0.0143855356769118,2,0.5704,2013-10-12,2013
BR1_2013,286,296.3,304.75,287.85,0,272.800925925926,0.0161938073340018,1.84,0.5617,2013-10-13,2013
BR1_2013,287,298.95,305.65,292.25,0,265.625,0.0175203357653475,1.6,0.5167,2013-10-14,2013
BR1_2013,288,298.3,304.35,292.25,9.02777777777778e-05,234.490740740741,0.0215935089066832,1.35,0.6625,2013-10-15,2013
BR1_2013,289,292.85,294.05,291.65,8.7962962962963e-05,48.9583333333333,0.0226294192021842,1.6,0.9738,2013-10-16,2013
BR1_2013,290,295.5,299.65,291.35,0,217.361111111111,0.0228187651462042,1.15,0.8317,2013-10-17,2013
BR1_2013,291,295.75,300.75,290.75,0.000118055555555556,174.074074074074,0.023833132961627,1.21,0.8553,2013-10-18,2013
BR1_2013,292,295.55,302.55,288.55,2.31481481481481e-06,337.152777777778,0.0161001402908187,1.73,0.585,2013-10-19,2013
BR1_2013,293,296.5,305.05,287.95,0,340.740740740741,0.017585844464947,1.65,0.6025,2013-10-20,2013
BR1_2013,294,298,306.65,289.35,0,314.814814814815,0.0194161454338414,2.4,0.6067,2013-10-21,2013
BR1_2013,295,298.5,305.15,291.85,0.000236111111111111,283.680555555556,0.024441525736285,2.15,0.7408,2013-10-22,2013
BR1_2013,296,298.55,305.35,291.75,0,285.648148148148,0.0237879381429379,1.76,0.7188,2013-10-23,2013
BR1_2013,297,299.7,306.75,292.65,0,287.152777777778,0.0238622487650066,1.28,0.6725,2013-10-24,2013
BR1_2013,298,297.4,301.45,293.35,0.000645833333333333,205.324074074074,0.0245189653995314,4.07,0.7948,2013-10-25,2013
BR1_2013,299,299.1,305.95,292.25,0,310.300925925926,0.0217284437346259,2.09,0.635,2013-10-26,2013
BR1_2013,300,299,305.05,292.95,6.01851851851852e-05,207.407407407407,0.0233554601881644,1.88,0.6867,2013-10-27,2013
BR1_2013,301,294.1,299.65,288.55,0,350.347222222222,0.0154944964047499,4.12,0.6163,2013-10-28,2013
BR1_2013,302,294.25,302.05,286.45,0,341.666666666667,0.0161585516638045,3.05,0.6367,2013-10-29,2013
BR1_2013,303,294.9,302.05,287.75,0,291.782407407407,0.0181394237486025,1.94,0.6863,2013-10-30,2013
BR1_2013,304,295.4,301.65,289.15,0,249.189814814815,0.0184620603878692,2.9,0.6771,2013-10-31,2013
BR1_2013,305,296.75,303.15,290.35,0,319.444444444444,0.0191068174878363,2.95,0.6446,2013-11-01,2013
BR1_2013,306,296.8,304.15,289.45,0,297.222222222222,0.0185591824406135,1.51,0.6242,2013-11-02,2013
BR1_2013,307,298.05,305.75,290.35,0,318.865740740741,0.0188046051724635,1.39,0.5858,2013-11-03,2013
BR1_2013,308,297.05,301.75,292.35,0.000576388888888889,45.8333333333333,0.0257973251909721,1.76,0.8544,2013-11-04,2013
BR1_2013,309,292.8,296.25,289.35,2.08333333333333e-05,128.240740740741,0.0194492442530511,4.2,0.8396,2013-11-05,2013
BR1_2013,310,290.6,291.75,289.45,7.63888888888889e-05,87.5,0.0181993551987144,4.71,0.9039,2013-11-06,2013
BR1_2013,311,294.3,299.75,288.85,3.00925925925926e-05,228.240740740741,0.0212524918396529,3.08,0.8348,2013-11-07,2013
BR1_2013,312,295.75,302.25,289.25,0,316.898148148148,0.0199710118012371,2.07,0.7167,2013-11-08,2013
BR1_2013,313,296.5,303.85,289.15,0,346.412037037037,0.0191386526401091,1.7,0.6557,2013-11-09,2013
BR1_2013,314,298.5,307.05,289.95,3.93518518518519e-05,348.49537037037,0.0192450620437028,1.01,0.5833,2013-11-10,2013
BR1_2013,315,300.1,308.95,291.25,6.94444444444444e-06,315.625,0.0222347369960776,2.2,0.6117,2013-11-11,2013
BR1_2013,316,298.95,303.15,294.75,0,225.578703703704,0.02479702253764,1.84,0.7313,2013-11-12,2013
BR1_2013,317,298.55,303.15,293.95,0,353.703703703704,0.0191944965538452,4.55,0.58,2013-11-13,2013
BR1_2013,318,296.35,304.15,288.55,0,348.726851851852,0.0130136206986913,3.19,0.45,2013-11-14,2013
BR1_2013,319,297.15,305.95,288.35,0,344.675925925926,0.0177477453827766,1.71,0.5842,2013-11-15,2013
BR1_2013,320,297.9,304.45,291.35,0,198.37962962963,0.0210982300040333,1.85,0.6633,2013-11-16,2013
BR1_2013,321,297.15,301.45,292.85,0,269.097222222222,0.0223046810339517,3.26,0.7342,2013-11-17,2013
BR1_2013,322,296.05,302.45,289.65,0,248.611111111111,0.0191504354308086,1.96,0.6746,2013-11-18,2013
BR1_2013,323,298.6,305.85,291.35,0,279.398148148148,0.0224894576406592,1.81,0.6775,2013-11-19,2013
BR1_2013,324,299,306.05,291.95,2.31481481481481e-05,283.101851851852,0.0230153486374411,1.59,0.6767,2013-11-20,2013
BR1_2013,325,299.8,306.75,292.85,4.62962962962963e-05,229.398148148148,0.0251811618799186,1.9,0.7054,2013-11-21,2013
BR1_2013,326,294.6,296.75,292.45,0.000106481481481481,91.5509259259259,0.0242101794574322,1.97,0.9333,2013-11-22,2013
BR1_2013,327,293.5,295.05,291.95,5.78703703703704e-05,75.6944444444444,0.02273906069897,3.13,0.9392,2013-11-23,2013
BR1_2013,328,294.9,298.75,291.05,2.08333333333333e-05,121.759259259259,0.0229841802299063,3.13,0.8696,2013-11-24,2013
BR1_2013,329,294.95,297.45,292.45,2.31481481481481e-05,126.041666666667,0.0241376833371038,2.1,0.9104,2013-11-25,2013
BR1_2013,330,296.05,301.25,290.85,0,222.916666666667,0.0233603517877444,1.62,0.8229,2013-11-26,2013
BR1_2013,331,297,303.25,290.75,0,269.560185185185,0.0222866645201193,1.19,0.7404,2013-11-27,2013
BR1_2013,332,298.85,306.15,291.55,0,361.574074074074,0.0224967133435695,1.58,0.6675,2013-11-28,2013
BR1_2013,333,299.6,307.15,292.05,0.000372685185185185,298.958333333333,0.0211192208983194,2.32,0.5988,2013-11-29,2013
BR1_2013,334,298.75,304.15,293.35,3.93518518518519e-05,264.236111111111,0.0269263745552988,2.68,0.8038,2013-11-30,2013
BR1_2013,335,298.95,303.55,294.35,0,254.861111111111,0.0246817348627761,3.26,0.7279,2013-12-01,2013
BR1_2013,336,298.8,304.25,293.35,0,274.074074074074,0.0245722336807401,2.53,0.7313,2013-12-02,2013
BR1_2013,337,300.15,306.05,294.25,0,356.712962962963,0.0233809470140703,2.26,0.6413,2013-12-03,2013
BR1_2013,338,299.9,307.65,292.15,0,348.611111111111,0.0197525186442345,2.39,0.55,2013-12-04,2013
BR1_2013,339,300.2,308.05,292.35,0.000490740740740741,289.467592592593,0.0224823457612862,2.79,0.6148,2013-12-05,2013
BR1_2013,340,297.7,303.75,291.65,0,324.652777777778,0.0227521914421609,2.53,0.7241,2013-12-06,2013
BR1_2013,341,297.85,304.35,291.35,0,270.833333333333,0.0230696952073879,2.32,0.7275,2013-12-07,2013
BR1_2013,342,298.9,304.35,293.45,0.000118055555555556,299.421296296296,0.0251410774461576,1.83,0.7437,2013-12-08,2013
BR1_2013,343,300.35,306.55,294.15,0,312.152777777778,0.0257856906097879,1.91,0.6988,2013-12-09,2013
BR1_2013,344,298.2,302.45,293.95,0.000168981481481481,135.069444444444,0.0282265233669702,1.82,0.8713,2013-12-10,2013
BR1_2013,345,296.9,299.95,293.85,0,140.856481481481,0.0250189954321539,2.79,0.8363,2013-12-11,2013
BR1_2013,346,296.3,301.25,291.35,0,234.953703703704,0.0209507562571107,3.49,0.7267,2013-12-12,2013
BR1_2013,347,297.15,303.65,290.65,0,305.324074074074,0.0200110234228603,2.24,0.6587,2013-12-13,2013
BR1_2013,348,296.9,303.15,290.65,0,244.675925925926,0.0213392914525354,1.25,0.7133,2013-12-14,2013
BR1_2013,349,299.3,305.25,293.35,0,299.537037037037,0.0203619847238858,1.52,0.5879,2013-12-15,2013
BR1_2013,350,298.15,304.65,291.65,0,325.578703703704,0.0202535883906703,2.35,0.6271,2013-12-16,2013
BR1_2013,351,296.6,303.55,289.65,0,366.087962962963,0.0167636369087231,3.75,0.5708,2013-12-17,2013
BR1_2013,352,296.55,304.55,288.55,0,341.203703703704,0.0181027561415157,2.38,0.6183,2013-12-18,2013
BR1_2013,353,297.6,304.55,290.65,0,322.685185185185,0.0198058085529377,3,0.6342,2013-12-19,2013
BR1_2013,354,298.1,304.45,291.75,0,253.587962962963,0.0206619961821949,3.37,0.6417,2013-12-20,2013
BR1_2013,355,297.7,303.65,291.75,2.31481481481481e-06,243.634259259259,0.0207506521590983,3.06,0.6604,2013-12-21,2013
BR1_2013,356,297.95,304.35,291.55,0,255.902777777778,0.0205533901589758,2.83,0.6442,2013-12-22,2013
BR1_2013,357,297.8,302.55,293.05,1.38888888888889e-05,223.958333333333,0.0220919546785247,2.85,0.6988,2013-12-23,2013
BR1_2013,358,298,302.65,293.35,1.38888888888889e-05,216.898148148148,0.0249366417043831,1.48,0.7792,2013-12-24,2013
BR1_2013,359,297.75,300.55,294.95,2.31481481481481e-06,165.509259259259,0.0275652961441183,1.18,0.8746,2013-12-25,2013
BR1_2013,360,300.55,306.75,294.35,0.000261574074074074,302.199074074074,0.028244769245943,0.61,0.7563,2013-12-26,2013
BR1_2013,361,301.8,308.75,294.85,0,331.25,0.0207578061127129,1.35,0.5158,2013-12-27,2013
BR1_2013,362,300.35,304.95,295.75,4.62962962962963e-06,218.634259259259,0.0255384608915773,2.12,0.6921,2013-12-28,2013
BR1_2013,363,299.2,304.25,294.15,0.000115740740740741,236.921296296296,0.0309558653784911,1.36,0.8992,2013-12-29,2013
BR1_2013,364,297.9,301.65,294.15,0.000259259259259259,150.578703703704,0.0294223771351285,1.17,0.925,2013-12-30,2013
BR1_2013,365,299,303.15,294.85,2.08333333333333e-05,289.351851851852,0.0278483337732182,2.28,0.8188,2013-12-31,2013
BR1_2014,1,298.8,303.65,293.95,0.000115740740740741,216.666666666667,0.0269881281175584,1.63,0.8032,1900-01-07,2014
BR1_2014,2,299.3,304.65,293.95,3.93518518518519e-05,239.467592592593,0.026620550193534,1.36,0.7686,1900-01-08,2014
BR1_2014,3,300.6,307.15,294.05,1.38888888888889e-05,257.407407407407,0.0288578276055289,1.57,0.7704,1900-01-09,2014
BR1_2014,4,300.05,307.15,292.95,0.000162037037037037,296.412037037037,0.0270385114676307,2.34,0.7461,1900-01-10,2014
BR1_2014,5,299.9,306.05,293.75,2.08333333333333e-05,298.263888888889,0.028400530443383,2.2,0.7908,1900-01-11,2014
BR1_2014,6,299.75,306.15,293.35,4.62962962962963e-06,325.810185185185,0.0252547759729453,2.11,0.7096,1900-01-12,2014
BR1_2014,7,299.2,306.55,291.85,0,312.384259259259,0.0214439596800067,1.74,0.6229,1900-01-13,2014
BR1_2014,8,298.95,305.85,292.05,0,323.032407407407,0.0209552303134986,1.81,0.618,1900-01-14,2014
BR1_2014,9,300.5,307.45,293.55,0,337.5,0.022247334081398,1.86,0.5975,1900-01-15,2014
BR1_2014,10,300.2,307.25,293.15,0,331.828703703704,0.0212097601521569,1.63,0.58,1900-01-16,2014
BR1_2014,11,300.2,307.05,293.35,0,258.564814814815,0.0235867160312778,1.67,0.645,1900-01-17,2014
BR1_2014,12,298.8,304.45,293.15,3.7037037037037e-05,202.199074074074,0.0259431445711738,1.53,0.7721,1900-01-18,2014
BR1_2014,13,295.8,300.75,290.85,0.000326388888888889,161.921296296296,0.0241838395814247,1.83,0.8652,1900-01-19,2014
BR1_2014,14,298.6,305.05,292.15,2.31481481481481e-06,273.148148148148,0.0246736736004457,1.18,0.7433,1900-01-20,2014
BR1_2014,15,298.5,304.95,292.05,4.16666666666667e-05,262.615740740741,0.0260516046454788,1.45,0.7896,1900-01-21,2014
BR1_2014,16,296,299.85,292.15,0,195.486111111111,0.0220599553797,2.08,0.7795,1900-01-22,2014
BR1_2014,17,298.05,303.95,292.15,0.000194444444444444,316.898148148148,0.0245731055983626,1.63,0.7655,1900-01-23,2014
BR1_2014,18,298.05,304.05,292.05,2.31481481481481e-06,293.287037037037,0.0228236160423721,1.38,0.711,1900-01-24,2014
BR1_2014,19,298.2,305.05,291.35,0,356.944444444444,0.0211933795325053,2.08,0.6542,1900-01-25,2014
BR1_2014,20,299.2,306.55,291.85,0,345.486111111111,0.0218192031549017,1.17,0.6338,1900-01-26,2014
BR1_2014,21,299.75,305.45,294.05,0,341.319444444444,0.0223933272860445,2.03,0.6292,1900-01-27,2014
BR1_2014,22,299.8,304.85,294.75,0,292.939814814815,0.0242316028977725,1.58,0.6788,1900-01-28,2014
BR1_2014,23,300.35,305.35,295.35,0,302.199074074074,0.0253392011186911,2.5,0.6867,1900-01-29,2014
BR1_2014,24,300.65,306.75,294.55,0,295.023148148148,0.0258787619315381,2.22,0.6888,1900-01-30,2014
BR1_2014,25,299.3,306.35,292.25,0,317.708333333333,0.0234929992145123,1.48,0.6783,1900-01-31,2014
BR1_2014,26,301.45,307.85,295.05,2.31481481481481e-06,307.175925925926,0.023777864043815,2.45,0.6033,1900-02-01,2014
BR1_2014,27,300.2,307.45,292.95,3.93518518518519e-05,323.958333333333,0.0236927648320387,1.78,0.6479,1900-02-02,2014
BR1_2014,28,299.85,306.75,292.95,0,341.898148148148,0.0223856257083555,1.86,0.6252,1900-02-03,2014
BR1_2014,29,299.7,307.65,291.75,0,358.912037037037,0.0176101621740859,1.39,0.4963,1900-02-04,2014
BR1_2014,30,299.3,307.85,290.75,0,339.930555555556,0.0170439406066069,1.28,0.4921,1900-02-05,2014
BR1_2014,31,300.35,308.65,292.05,0,301.967592592593,0.0190514482853942,0.96,0.5163,1900-02-06,2014
BR1_2014,32,301.25,308.75,293.75,0,342.013888888889,0.0169255308344794,2.26,0.4346,1900-02-07,2014
BR1_2014,33,301.55,308.65,294.45,0,346.875,0.0183534445394884,1.34,0.4629,1900-02-08,2014
BR1_2014,34,301.8,308.75,294.85,0,341.550925925926,0.0189991474715234,1.7,0.4721,1900-02-09,2014
BR1_2014,35,302.2,309.45,294.95,0,339.00462962963,0.0181870940319087,1.57,0.4413,1900-02-10,2014
BR1_2014,36,302.5,310.25,294.75,0,292.708333333333,0.0204644561447313,1.7,0.4878,1900-02-11,2014
BR1_2014,37,301.3,309.05,293.55,6.94444444444444e-06,321.759259259259,0.0216323104912018,1.43,0.5538,1900-02-12,2014
BR1_2014,38,301.2,309.75,292.65,0,348.611111111111,0.0172633161464609,1.8,0.4446,1900-02-13,2014
BR1_2014,39,301.75,308.85,294.65,0.00012037037037037,348.148148148148,0.0214343793449571,1.78,0.5342,1900-02-14,2014
BR1_2014,40,301.2,309.25,293.15,0,343.287037037037,0.0193833725153245,1.79,0.4992,1900-02-15,2014
BR1_2014,41,301.9,309.25,294.55,0,313.078703703704,0.0204768817467957,1.56,0.5058,1900-02-16,2014
BR1_2014,42,302.05,308.45,295.65,0,285.763888888889,0.0197086297866971,2.35,0.4825,1900-02-17,2014
BR1_2014,43,300.8,306.05,295.55,9.25925925925926e-06,222.916666666667,0.0232996449423695,2.32,0.6146,1900-02-18,2014
BR1_2014,44,299.75,307.15,292.35,0,274.768518518518,0.0214430700728573,1.67,0.6025,1900-02-19,2014
BR1_2014,45,299.05,304.75,293.35,0.000157407407407407,228.587962962963,0.0242792532412089,1.14,0.7117,1900-02-20,2014
BR1_2014,46,296,298.55,293.45,7.17592592592593e-05,117.592592592593,0.025693692737947,1.75,0.9079,1900-02-21,2014
BR1_2014,47,296.8,300.05,293.55,4.86111111111111e-05,167.824074074074,0.0259804767968729,2.17,0.8738,1900-02-22,2014
BR1_2014,48,297.7,302.25,293.15,4.62962962962963e-06,197.685185185185,0.0253067462885187,2.61,0.8054,1900-02-23,2014
BR1_2014,49,298.15,304.45,291.85,0,326.388888888889,0.0215454773009347,4.18,0.6671,1899-12-31,2014
BR1_2014,50,298.25,305.15,291.35,0,346.875,0.0179143774771399,3.15,0.5513,1900-01-01,2014
BR1_2014,51,298.7,306.35,291.05,0,334.027777777778,0.0203021671964377,2.05,0.6079,1900-01-02,2014
BR1_2014,52,299.5,306.45,292.55,0,261.342592592593,0.0230077301264141,1.81,0.6563,1900-01-03,2014
BR1_2014,53,299.1,304.05,294.15,2.31481481481481e-06,271.296296296296,0.0235248898701657,2.16,0.6875,1900-01-04,2014
BR1_2014,54,299.35,305.95,292.75,3.47222222222222e-05,243.518518518519,0.0273161357201562,1.39,0.7863,1900-01-05,2014
BR1_2014,55,297.65,302.25,293.05,1.85185185185185e-05,231.481481481481,0.026964849088024,2.33,0.8608,1900-01-06,2014
BR1_2014,56,299.25,304.95,293.55,1.85185185185185e-05,211.342592592593,0.0275829000058868,1.18,0.7988,1900-02-24,2014
BR1_2014,57,299.4,307.25,291.55,0,293.055555555556,0.0236948410096726,1.85,0.68,1900-02-25,2014
BR1_2014,58,300.45,307.65,293.25,4.62962962962963e-06,255.092592592593,0.0256923966662522,1.31,0.6921,1900-02-26,2014
BR1_2014,59,298.1,302.95,293.25,0.000122685185185185,192.013888888889,0.0253984456732356,1.23,0.7888,1900-02-27,2014
BR1_2014,60,297.3,302.95,291.65,0.000180555555555556,271.064814814815,0.0233020516770473,2.1,0.76,1900-02-28,2014
BR1_2014,61,297.75,304.05,291.45,0,281.828703703704,0.0228565661602042,1.31,0.7252,1900-03-01,2014
BR1_2014,62,299.2,304.85,293.55,0,251.50462962963,0.023712633532812,3.18,0.6888,1900-03-02,2014
BR1_2014,63,298.95,305.05,292.85,0,260.648148148148,0.023847594626996,2.17,0.7033,1900-03-03,2014
BR1_2014,64,295.7,297.55,293.85,0.000340277777777778,81.1342592592593,0.0272233900415493,0.96,0.98,1900-03-04,2014
BR1_2014,65,298.05,304.05,292.05,4.62962962962963e-06,272.106481481482,0.0224961886392326,1.32,0.7008,1900-03-05,2014
BR1_2014,66,298.05,303.35,292.75,0.000141203703703704,289.814814814815,0.02541414461427,1.7,0.7917,1900-03-06,2014
BR1_2014,67,297.15,302.55,291.75,0.000104166666666667,264.467592592593,0.0247806160710902,1.18,0.8157,1900-03-07,2014
BR1_2014,68,297.9,304.25,291.55,6.94444444444444e-06,310.300925925926,0.0218807061959513,1.17,0.6879,1900-03-08,2014
BR1_2014,69,297.95,305.45,290.45,0,300.231481481482,0.0229718114164275,1.4,0.72,1900-03-09,2014
BR1_2014,70,298.65,304.35,292.95,4.62962962962963e-06,239.12037037037,0.0247787763783307,1.71,0.7442,1900-03-10,2014
BR1_2014,71,297.45,301.65,293.25,0.000490740740740741,120.486111111111,0.0287407220196504,1.58,0.9288,1900-03-11,2014
BR1_2014,72,297.8,302.35,293.25,0,178.472222222222,0.0269131096419978,1.34,0.8513,1900-03-12,2014
BR1_2014,73,299.05,305.85,292.25,0,309.259259259259,0.0246238091745181,1.4,0.7218,1900-03-13,2014
BR1_2014,74,299.3,305.95,292.65,0,316.319444444444,0.0247641079734281,1.26,0.715,1900-03-14,2014
BR1_2014,75,299.8,306.15,293.45,0,313.888888888889,0.0228322528188204,1.29,0.6396,1900-03-15,2014
BR1_2014,76,299.2,305.85,292.55,0,290.740740740741,0.02317903042631,1.27,0.6733,1900-03-16,2014
BR1_2014,77,298.75,305.55,291.95,0,251.388888888889,0.0228361651335497,1.33,0.6817,1900-03-17,2014
BR1_2014,78,298.3,304.35,292.25,0,275,0.0240119819042317,1.36,0.7367,1900-03-18,2014
BR1_2014,79,298.75,304.95,292.55,5.32407407407407e-05,227.546296296296,0.02594820817434,2.02,0.7746,1900-03-19,2014
BR1_2014,80,298,302.85,293.15,0.000134259259259259,178.009259259259,0.0285081627698466,1.48,0.8908,1900-03-20,2014
BR1_2014,81,297.25,301.85,292.65,9.25925925925926e-06,167.12962962963,0.026253707519122,0.61,0.8589,1900-03-21,2014
BR1_2014,82,296.15,299.45,292.85,0,205.671296296296,0.0227683404357274,4.43,0.7971,1900-03-22,2014
BR1_2014,83,295.85,300.75,290.95,0,231.828703703704,0.0210989513462985,2.89,0.7525,1900-03-23,2014
BR1_2014,84,295.95,302.65,289.25,0,270.949074074074,0.0201664193450644,2.66,0.7148,1900-03-24,2014
BR1_2014,85,296.6,302.75,290.45,0,266.666666666667,0.02087525072656,3.13,0.7108,1900-03-25,2014
BR1_2014,86,296.9,303.15,290.65,0,257.986111111111,0.0215666552756663,2.45,0.7209,1900-03-26,2014
BR1_2014,87,297.65,304.35,290.95,0,282.523148148148,0.0221752052386294,2,0.7079,1900-03-27,2014
BR1_2014,88,297.8,304.35,291.25,0,244.791666666667,0.0222215726152475,1.49,0.7029,1900-03-28,2014
BR1_2014,89,296.4,299.85,292.95,0,114.930555555556,0.0238247354865889,1.76,0.8213,1900-03-29,2014
BR1_2014,90,298.3,303.25,293.35,4.39814814814815e-05,163.657407407407,0.028607732479088,0.63,0.8777,1900-03-30,2014
BR1_2014,91,298.75,304.05,293.45,2.31481481481481e-05,267.592592592593,0.0250202900663756,1.43,0.7469,1900-03-31,2014
BR1_2014,92,298.8,304.25,293.35,4.62962962962963e-06,261.805555555556,0.0263060327480533,1.98,0.7829,1900-04-01,2014
BR1_2014,93,297.75,304.05,291.45,0,231.134259259259,0.0235152840762939,1.95,0.7461,1900-04-02,2014
BR1_2014,94,298.15,303.45,292.85,0,236.921296296296,0.0231603384387653,3.79,0.7171,1900-04-03,2014
BR1_2014,95,297.7,304.35,291.05,0,273.263888888889,0.0201222253826265,2.34,0.6404,1900-04-04,2014
BR1_2014,96,297.3,304.95,289.65,0,278.009259259259,0.0208216095972143,1.33,0.6791,1900-04-05,2014
BR1_2014,97,298.2,305.75,290.65,0,264.930555555556,0.0206523684683158,1.14,0.6375,1900-04-06,2014
BR1_2014,98,297.95,306.05,289.85,0,265.046296296296,0.0204449121606204,1.22,0.6408,1900-04-07,2014
BR1_2014,99,298.05,305.85,290.25,0,197.685185185185,0.02237741595378,1.42,0.6971,1900-04-08,2014
BR1_2014,100,297.4,303.25,291.55,0,157.291666666667,0.0222515472353824,1.36,0.7213,1900-04-09,2014
BR1_2014,101,298.35,305.35,291.35,0,222.800925925926,0.0235523478547846,1.5,0.7204,1900-04-10,2014
BR1_2014,102,299.5,305.75,293.25,1.38888888888889e-05,206.25,0.0264082326744289,2.42,0.7533,1900-04-11,2014
BR1_2014,103,297.2,300.45,293.95,1.62037037037037e-05,122.685185185185,0.0270082106348537,1.14,0.8863,1900-04-12,2014
BR1_2014,104,295.15,297.45,292.85,1.15740740740741e-05,105.902777777778,0.0224268674546372,3.4,0.8354,1900-04-13,2014
BR1_2014,105,292.7,295.25,290.15,3.24074074074074e-05,78.125,0.0211864810568195,2.48,0.9204,1900-04-14,2014
BR1_2014,106,295.15,299.55,290.75,4.62962962962963e-06,168.981481481481,0.0235006940026207,1.45,0.8754,1900-04-15,2014
BR1_2014,107,295.9,302.25,289.55,0,232.986111111111,0.0223850485234072,1.26,0.7959,1900-04-16,2014
BR1_2014,108,296.4,303.75,289.05,2.31481481481481e-06,246.064814814815,0.0216781015817946,1.4,0.7473,1900-04-17,2014
BR1_2014,109,297.1,304.85,289.35,0,232.638888888889,0.0218183280033265,1.25,0.7204,1900-04-18,2014
BR1_2014,110,297.1,302.65,291.55,0,198.958333333333,0.0227148056669834,1.88,0.75,1900-04-19,2014
BR1_2014,111,296.3,302.25,290.35,0,236.689814814815,0.0219598060286793,1.62,0.7617,1900-04-20,2014
BR1_2014,112,293.85,296.55,291.15,0.000143518518518519,81.9444444444445,0.0223094972873267,2.27,0.9014,1900-04-21,2014
BR1_2014,113,293.35,297.05,289.65,2.31481481481481e-06,89.3518518518518,0.0209303376321794,0.89,0.8727,1900-04-22,2014
BR1_2014,114,294.4,298.65,290.15,3.24074074074074e-05,163.310185185185,0.0212757726863476,2,0.8305,1900-04-23,2014
BR1_2014,115,293.9,299.25,288.55,0,228.472222222222,0.0191694354844788,2.73,0.7721,1900-04-24,2014
BR1_2014,116,292.4,298.05,286.75,0,231.481481481481,0.0169774025756003,2.77,0.7517,1900-04-25,2014
BR1_2014,117,291.45,297.85,285.05,0,232.87037037037,0.0154839726892542,2.68,0.7283,1900-04-26,2014
BR1_2014,118,291.9,298.15,285.65,0,240.740740740741,0.0152519322039993,3.31,0.6971,1900-04-27,2014
BR1_2014,119,291.4,299.05,283.75,0,242.708333333333,0.0143198820904401,1.17,0.6757,1900-04-28,2014
BR1_2014,120,291.4,299.05,283.75,0,242.708333333333,0.0143198820904401,1.17,0.6757,1900-04-29,2014
BR2_2013,91,295.9,301.25,290.55,0.000293981481481481,133.912037037037,0.0208128356669447,1.5,0.74,2013-04-01,2013
BR2_2013,92,295.9,300.95,290.85,0.000115740740740741,244.212962962963,0.0227113037852134,1.74,0.8075,2013-04-02,2013
BR2_2013,93,296.95,302.05,291.85,0,222.222222222222,0.0238327043729721,0.95,0.7942,2013-04-03,2013
BR2_2013,94,295.1,297.75,292.45,0.000490740740740741,73.6111111111111,0.0243536198759916,1.55,0.91,2013-04-04,2013
BR2_2013,95,293.05,297.65,288.45,6.94444444444444e-06,228.472222222222,0.0187588023678029,1.9,0.7971,2013-04-05,2013
BR2_2013,96,291.55,299.25,283.85,2.31481481481481e-06,258.680555555556,0.0169396499678397,0.63,0.7917,2013-04-06,2013
BR2_2013,97,293.9,301.25,286.55,2.31481481481481e-06,245.486111111111,0.018124191042183,0.67,0.73,2013-04-07,2013
BR2_2013,98,295.6,302.75,288.45,0,241.087962962963,0.0192449495976723,1.09,0.6971,2013-04-08,2013
BR2_2013,99,294.85,301.65,288.05,2.31481481481481e-06,234.722222222222,0.0199694951846222,1.64,0.7579,2013-04-09,2013
BR2_2013,100,295.55,301.85,289.25,0,240.277777777778,0.0203659894277023,0.94,0.74,2013-04-10,2013
BR2_2013,101,297.3,302.95,291.65,0,224.189814814815,0.0203126437316366,2.54,0.6625,2013-04-11,2013
BR2_2013,102,294.1,297.65,290.55,0.000789351851851852,20.9490740740741,0.0220186272128508,1.9,0.8758,2013-04-12,2013
BR2_2013,103,290.3,295.25,285.35,2.5462962962963e-05,191.203703703704,0.0155528808843908,2.69,0.7875,2013-04-13,2013
BR2_2013,104,288.25,295.25,281.25,0,243.75,0.0108079239857463,0.68,0.625,2013-04-14,2013
BR2_2013,105,287.8,296.65,278.95,0,239.699074074074,0.0111041507410428,0.52,0.6613,2013-04-15,2013
BR2_2013,106,290.5,297.55,283.45,0,234.953703703704,0.013537608058753,0.95,0.6767,2013-04-16,2013
BR2_2013,107,289.75,297.15,282.35,0,240.625,0.0122147045846593,0.73,0.6408,2013-04-17,2013
BR2_2013,108,290.9,298.25,283.55,0,234.953703703704,0.0143329542191585,0.86,0.6983,2013-04-18,2013
BR2_2013,109,290.9,299.35,282.45,2.31481481481481e-06,229.62962962963,0.0139491274342548,0.43,0.6796,2013-04-19,2013
BR2_2013,110,292.3,299.35,285.25,0,227.430555555556,0.0145965971699245,0.6,0.6504,2013-04-20,2013
BR2_2013,111,291.75,298.05,285.45,0,225.347222222222,0.0144828138594137,0.75,0.6683,2013-04-21,2013
BR2_2013,112,291.75,296.75,286.75,0,224.884259259259,0.0156118795515811,1.24,0.7204,2013-04-22,2013
BR2_2013,113,292.2,298.05,286.35,0,220.486111111111,0.015516652063865,0.73,0.6958,2013-04-23,2013
BR2_2013,114,292,298.75,285.25,2.31481481481481e-06,218.865740740741,0.0159724117504804,0.73,0.7254,2013-04-24,2013
BR2_2013,115,293.35,299.65,287.05,0,210.87962962963,0.0160880835151437,0.65,0.6708,2013-04-25,2013
BR2_2013,116,293.15,299.45,286.85,0,198.958333333333,0.016696403742087,0.51,0.705,2013-04-26,2013
BR2_2013,117,295.55,302.35,288.75,0,201.388888888889,0.0186348803263476,0.45,0.6771,2013-04-27,2013
BR2_2013,118,296.85,302.45,291.25,0,189.236111111111,0.0219954916340178,0.94,0.7375,2013-04-28,2013
BR2_2013,119,291.95,294.75,289.15,0.000175925925925926,33.4490740740741,0.0199471071094362,1,0.9088,2013-04-29,2013
BR2_2013,120,291.7,295.75,287.65,6.94444444444444e-06,95.1388888888889,0.0198372907570089,0.03,0.9183,2013-04-30,2013
BR2_2013,121,296.1,301.95,290.25,2.31481481481481e-06,181.712962962963,0.0233501417299423,0.58,0.82,2013-05-01,2013
BR2_2013,122,297.75,303.05,292.45,0,196.643518518519,0.0240069586930882,0.92,0.7617,2013-05-02,2013
BR2_2013,123,297.2,302.95,291.45,2.31481481481481e-06,190.972222222222,0.0220411133388126,1.43,0.7233,2013-05-03,2013
BR2_2013,124,294,297.65,290.35,0,31.3657407407407,0.0208616155055238,0.99,0.835,2013-05-04,2013
BR2_2013,125,291.65,295.45,287.85,0,141.203703703704,0.0170286511064495,1.01,0.7908,2013-05-05,2013
BR2_2013,126,286.8,294.05,279.55,2.31481481481481e-06,199.074074074074,0.0117534300628592,0.7,0.7475,2013-05-06,2013
BR2_2013,127,285.8,291.85,279.75,2.31481481481481e-06,175.231481481481,0.0111422681800624,0.96,0.7571,2013-05-07,2013
BR2_2013,128,286.3,294.05,278.55,0,205.902777777778,0.00976211737298947,0.46,0.6417,2013-05-08,2013
BR2_2013,129,289.9,298.25,281.55,0,202.893518518519,0.0111960614694367,0.38,0.5817,2013-05-09,2013
BR2_2013,130,291.45,298.75,284.15,0,200.462962962963,0.00983294984042302,0.77,0.4625,2013-05-10,2013
BR2_2013,131,292.25,299.65,284.85,0,184.375,0.0140000033146631,0.84,0.6258,2013-05-11,2013
BR2_2013,132,288.8,291.75,285.85,2.08333333333333e-05,23.8425925925926,0.0147564108163383,0.33,0.8233,2013-05-12,2013
BR2_2013,133,291.3,295.45,287.15,3.47222222222222e-05,82.5231481481482,0.0185392005206667,0.72,0.8804,2013-05-13,2013
BR2_2013,134,291.1,293.95,288.25,4.62962962962963e-06,43.75,0.0186861229730878,0.23,0.8988,2013-05-14,2013
BR2_2013,135,291.5,292.75,290.25,0.000351851851851852,15.625,0.0198354073210738,1.63,0.93,2013-05-15,2013
BR2_2013,136,286.05,290.95,281.15,0.000196759259259259,165.972222222222,0.0113345713189859,3.23,0.7575,2013-05-16,2013
BR2_2013,137,283.7,291.25,276.15,0,183.680555555556,0.00882922057131892,0.23,0.6904,2013-05-17,2013
BR2_2013,138,287.4,291.65,283.15,6.94444444444444e-06,61.3425925925926,0.0137609426286251,0.12,0.8413,2013-05-18,2013
BR2_2013,139,291.45,294.15,288.75,3.7037037037037e-05,67.2453703703704,0.0188856418232384,0.54,0.8883,2013-05-19,2013
BR2_2013,140,290.05,292.15,287.95,9.25925925925926e-06,37.5,0.018373132367854,0.66,0.9454,2013-05-20,2013
BR2_2013,141,289.2,292.85,285.55,6.94444444444444e-06,95.3703703703704,0.0166328462993627,0.3,0.9042,2013-05-21,2013
BR2_2013,142,290.45,293.45,287.45,0.000381944444444444,77.7777777777778,0.0176897905592666,0.84,0.8871,2013-05-22,2013
BR2_2013,143,285.75,289.15,282.35,0,58.5648148148148,0.0135006611907486,0.85,0.9204,2013-05-23,2013
BR2_2013,144,288.1,291.45,284.75,2.31481481481481e-06,54.2824074074074,0.0158466590660067,0.28,0.9254,2013-05-24,2013
BR2_2013,145,288.55,292.65,284.45,0,137.384259259259,0.0145412056361404,0.47,0.8246,2013-05-25,2013
BR2_2013,146,288.75,294.45,283.05,2.31481481481481e-06,166.203703703704,0.0144190896093581,0.83,0.8071,2013-05-26,2013
BR2_2013,147,291,294.85,287.15,0,107.175925925926,0.0163978517447655,0.51,0.7938,2013-05-27,2013
BR2_2013,148,291.5,293.55,289.45,0.000145833333333333,44.5601851851852,0.0191251717686096,1.27,0.8967,2013-05-28,2013
BR2_2013,149,293.25,297.65,288.85,5.78703703703704e-05,73.4953703703704,0.0202887881271783,1.54,0.8513,2013-05-29,2013
BR2_2013,150,284.05,290.35,277.75,2.31481481481481e-06,166.203703703704,0.0105898991357546,0.8,0.8088,2013-05-30,2013
BR2_2013,151,285.2,292.05,278.35,2.31481481481481e-06,154.62962962963,0.0114543070527418,0.61,0.81,2013-05-31,2013
BR2_2013,152,288.8,290.25,287.35,0.000655092592592593,11.9212962962963,0.0161902901620289,0.68,0.9033,2013-06-01,2013
BR2_2013,153,291.05,295.35,286.75,2.31481481481481e-06,156.944444444444,0.0181497722451393,0.16,0.8758,2013-06-02,2013
BR2_2013,154,288.05,292.65,283.45,2.31481481481481e-06,128.240740740741,0.0139174582368019,0,0.8154,2013-06-03,2013
BR2_2013,155,288,294.95,281.05,0,170.949074074074,0.0121639820101581,0.02,0.715,2013-06-04,2013
BR2_2013,156,288.25,294.85,281.65,4.62962962962963e-06,159.722222222222,0.0153403349884088,0.06,0.8871,2013-06-05,2013
BR2_2013,157,288.95,295.75,282.15,2.31481481481481e-06,157.291666666667,0.0156032016189552,0.03,0.8621,2013-06-06,2013
BR2_2013,158,291.2,296.65,285.75,2.31481481481481e-06,153.125,0.0179586472389993,0.05,0.8583,2013-06-07,2013
BR2_2013,159,289.7,294.65,284.75,4.62962962962963e-06,152.314814814815,0.0161349478972562,0,0.8492,2013-06-08,2013
BR2_2013,160,290.65,295.85,285.45,3.93518518518519e-05,132.75462962963,0.0164197653350911,0.03,0.8129,2013-06-09,2013
BR2_2013,161,291.4,295.25,287.55,7.40740740740741e-05,95.1388888888889,0.0192937999928026,0,0.9104,2013-06-10,2013
BR2_2013,162,289.75,293.55,285.95,4.62962962962963e-06,110.416666666667,0.0179103252617757,0,0.9396,2013-06-11,2013
BR2_2013,163,288.55,292.05,285.05,4.62962962962963e-06,89.0046296296296,0.0168548197271683,0,0.9558,2013-06-12,2013
BR2_2013,164,287.1,291.75,282.45,4.62962962962963e-06,119.907407407407,0.0145667824474936,0.02,0.9083,2013-06-13,2013
BR2_2013,165,285.5,290.05,280.95,4.62962962962963e-06,88.4259259259259,0.0134714722129952,0.14,0.9338,2013-06-14,2013
BR2_2013,166,289.15,291.95,286.35,7.17592592592593e-05,65.3935185185185,0.0156310529668363,2.08,0.8525,2013-06-15,2013
BR2_2013,167,288.1,289.15,287.05,3.7037037037037e-05,28.8194444444444,0.0159476913639204,0.13,0.9313,2013-06-16,2013
BR2_2013,168,289.85,291.75,287.95,4.62962962962963e-06,68.0555555555556,0.0178268241311175,0.05,0.9292,2013-06-17,2013
BR2_2013,169,291.1,294.75,287.45,6.94444444444444e-06,121.759259259259,0.0179834183040954,0.27,0.865,2013-06-18,2013
BR2_2013,170,290.85,293.75,287.95,0.000365740740740741,78.0092592592593,0.0185427370418475,1.5,0.9063,2013-06-19,2013
BR2_2013,171,287.35,289.35,285.35,0.000173611111111111,25.9259259259259,0.0149173770989506,3.73,0.915,2013-06-20,2013
BR2_2013,172,286.3,289.25,283.35,0.000166666666666667,39.3518518518518,0.0143320722722353,3.14,0.9421,2013-06-21,2013
BR2_2013,173,283.05,286.75,279.35,3.24074074074074e-05,83.1018518518518,0.0108012069670615,1.13,0.8825,2013-06-22,2013
BR2_2013,174,282.95,287.45,278.45,4.62962962962963e-06,115.972222222222,0.0106274159087435,1.17,0.8742,2013-06-23,2013
BR2_2013,175,287.35,289.35,285.35,0.000266203703703704,31.8287037037037,0.0154407080332416,1.93,0.9471,2013-06-24,2013
BR2_2013,176,287.9,289.55,286.25,8.7962962962963e-05,33.1018518518518,0.0159568536293454,0.33,0.9441,2013-06-25,2013
BR2_2013,177,285.95,287.35,284.55,2.77777777777778e-05,36.2268518518518,0.0139233472037852,0.07,0.9367,2013-06-26,2013
BR2_2013,178,286.65,291.75,281.55,0,98.6111111111111,0.0141287221330189,0.33,0.9075,2013-06-27,2013
BR2_2013,179,290.7,294.75,286.65,2.31481481481481e-06,96.412037037037,0.0182030830378912,0.98,0.8983,2013-06-28,2013
BR2_2013,180,289.85,294.05,285.65,0.000162037037037037,112.615740740741,0.0165797905877224,1,0.8642,2013-06-29,2013
BR2_2013,181,286.6,290.75,282.45,0,151.388888888889,0.0121548886287162,1.55,0.7833,2013-06-30,2013
BR2_2013,182,285.85,291.05,280.65,0,158.680555555556,0.0109386257229913,0,0.7408,2013-07-01,2013
BR2_2013,183,285.2,291.15,279.25,0,156.365740740741,0.0106822019106681,0,0.7554,2013-07-02,2013
BR2_2013,184,289.1,294.65,283.55,0,165.625,0.0133653614684478,0,0.7313,2013-07-03,2013
BR2_2013,185,294.4,299.05,289.75,0,125.347222222222,0.0187114080314368,0.28,0.7304,2013-07-04,2013
BR2_2013,186,294.6,299.55,289.65,0,154.861111111111,0.0171958940987161,0.31,0.6629,2013-07-05,2013
BR2_2013,187,294.1,299.85,288.35,0,156.25,0.0189916316471654,0.02,0.7554,2013-07-06,2013
BR2_2013,188,291.9,295.55,288.25,0.000145833333333333,61.9212962962963,0.0187897853633548,0.04,0.8588,2013-07-07,2013
BR2_2013,189,287.4,291.25,283.55,0.000233796296296296,86.9212962962963,0.0145575168661314,1.8,0.89,2013-07-08,2013
BR2_2013,190,289.35,294.05,284.65,0,102.777777777778,0.0154022127717804,0,0.8292,2013-07-09,2013
BR2_2013,191,292.05,296.55,287.55,0,163.310185185185,0.0168604468366935,0,0.7633,2013-07-10,2013
BR2_2013,192,292.8,297.95,287.65,0,154.513888888889,0.0180987309848842,0,0.7813,2013-07-11,2013
BR2_2013,193,291.7,297.15,286.25,4.62962962962963e-06,144.097222222222,0.0178930936883703,0.03,0.8283,2013-07-12,2013
BR2_2013,194,290.05,292.05,288.05,6.94444444444444e-06,40.3935185185185,0.0174908177819638,0.05,0.9,2013-07-13,2013
BR2_2013,195,291.2,296.15,286.25,4.62962962962963e-06,106.25,0.0180988347451175,0.01,0.865,2013-07-14,2013
BR2_2013,196,286.85,291.85,281.85,2.31481481481481e-06,173.263888888889,0.0122528785913944,0.04,0.7767,2013-07-15,2013
BR2_2013,197,284.75,292.15,277.35,2.31481481481481e-06,177.083333333333,0.010434593751128,0,0.7604,2013-07-16,2013
BR2_2013,198,287.8,295.95,279.65,2.31481481481481e-06,177.314814814815,0.0122862650797233,0,0.7317,2013-07-17,2013
BR2_2013,199,292.05,297.15,286.95,1.85185185185185e-05,76.9675925925926,0.0158222691852791,0.59,0.7163,2013-07-18,2013
BR2_2013,200,285.25,288.25,282.25,0.000127314814814815,44.9074074074074,0.0122260845223792,0.78,0.8617,2013-07-19,2013
BR2_2013,201,283.75,286.25,281.25,0.000108796296296296,21.412037037037,0.0119976458801678,0.04,0.935,2013-07-20,2013
BR2_2013,202,281.45,283.75,279.15,0,69.9074074074074,0.00960864558615358,0,0.8754,2013-07-21,2013
BR2_2013,203,279,282.05,275.95,0,144.560185185185,0.00650316229020995,0.1,0.7017,2013-07-22,2013
BR2_2013,204,276.6,281.85,271.35,0,146.990740740741,0.00589474966756977,0.03,0.7529,2013-07-23,2013
BR2_2013,205,278,284.05,271.95,2.31481481481481e-06,193.75,0.00642782748186596,0.06,0.7438,2013-07-24,2013
BR2_2013,206,280.25,287.75,272.75,0,190.162037037037,0.00682226368630126,0,0.675,2013-07-25,2013
BR2_2013,207,284,291.65,276.35,0,191.203703703704,0.00904193720141531,0.56,0.6929,2013-07-26,2013
BR2_2013,208,287.3,293.25,281.35,0,184.259259259259,0.0107182924873468,0.24,0.6596,2013-07-27,2013
BR2_2013,209,288.3,296.15,280.45,0,183.333333333333,0.0127152240521624,0.11,0.7329,2013-07-28,2013
BR2_2013,210,290.25,297.85,282.65,0,184.953703703704,0.0141012516398466,0.27,0.7163,2013-07-29,2013
BR2_2013,211,291.85,299.45,284.25,0,182.986111111111,0.015502256239082,0.43,0.7108,2013-07-30,2013
BR2_2013,212,293.2,299.95,286.45,0,190.856481481481,0.0137105524710599,0.54,0.5771,2013-07-31,2013
BR2_2013,213,295,302.65,287.35,0,184.606481481481,0.014462918194138,0.85,0.5438,2013-08-01,2013
BR2_2013,214,296.1,302.35,289.85,2.31481481481481e-05,171.064814814815,0.0165045635935055,2.02,0.5796,2013-08-02,2013
BR2_2013,215,289,292.95,285.05,3.93518518518519e-05,111.342592592593,0.0158355275517026,1.04,0.8721,2013-08-03,2013
BR2_2013,216,286.75,290.65,282.85,0.000247685185185185,159.837962962963,0.0132427519865575,1.4,0.845,2013-08-04,2013
BR2_2013,217,289.4,298.25,280.55,0.000185185185185185,182.175925925926,0.0135029429738281,0.9,0.7246,2013-08-05,2013
BR2_2013,218,291.3,294.05,288.55,0.000502314814814815,97.4537037037037,0.0192593739166308,1.3,0.9146,2013-08-06,2013
BR2_2013,219,295,301.15,288.85,0,189.00462962963,0.0189283907296212,1.9,0.7117,2013-08-07,2013
BR2_2013,220,297.15,302.75,291.55,0,178.703703703704,0.0165204107140601,2.02,0.5438,2013-08-08,2013
BR2_2013,221,289.35,297.55,281.15,0.000444444444444444,21.6435185185185,0.0161600640514339,2.95,0.87,2013-08-09,2013
BR2_2013,222,280,281.55,278.45,0.000243055555555556,43.0555555555556,0.00914319347712566,2.5,0.9204,2013-08-10,2013
BR2_2013,223,280.6,283.75,277.45,4.62962962962963e-06,74.4212962962963,0.00925438187875268,0,0.8938,2013-08-11,2013
BR2_2013,224,283.7,291.25,276.15,2.31481481481481e-06,184.606481481481,0.0100556433013153,0.28,0.7863,2013-08-12,2013
BR2_2013,225,284.9,287.65,282.15,0.000180555555555556,17.1296296296296,0.0112036805756895,1.78,0.8083,2013-08-13,2013
BR2_2013,226,279.15,282.55,275.75,0,99.6527777777778,0.00748078493691499,2.48,0.7988,2013-08-14,2013
BR2_2013,227,280.95,289.05,272.85,2.31481481481481e-06,223.032407407407,0.00824214395918714,1.15,0.7771,2013-08-15,2013
BR2_2013,228,285.4,291.65,279.15,0,220.833333333333,0.0100974891037325,0.9,0.7046,2013-08-16,2013
BR2_2013,229,285.7,292.35,279.05,0,213.888888888889,0.0105202762957362,1.32,0.7196,2013-08-17,2013
BR2_2013,230,288.25,294.25,282.25,0,222.222222222222,0.0121187090067376,1.2,0.7008,2013-08-18,2013
BR2_2013,231,290.05,296.35,283.75,0,222.337962962963,0.0124301411703823,1.32,0.6396,2013-08-19,2013
BR2_2013,232,292.8,298.45,287.15,0,216.435185185185,0.0144873241494261,1.17,0.6254,2013-08-20,2013
BR2_2013,233,295,301.95,288.05,0,203.472222222222,0.0144283433621182,1.36,0.5425,2013-08-21,2013
BR2_2013,234,295.05,302.95,287.15,3.00925925925926e-05,146.875,0.0157406140160834,1.47,0.59,2013-08-22,2013
BR2_2013,235,285.55,290.55,280.55,0.000381944444444444,9.9537037037037,0.0134497697577489,1.57,0.9292,2013-08-23,2013
BR2_2013,236,281.75,283.85,279.65,0.000340277777777778,34.7222222222222,0.0106156083504128,0.12,0.9475,2013-08-24,2013
BR2_2013,237,283.15,284.55,281.75,0.000604166666666667,22.6851851851852,0.0117728451682072,0.26,0.9554,2013-08-25,2013
BR2_2013,238,280.3,283.55,277.05,0.000277777777777778,50.3472222222222,0.00939453896431158,1.42,0.9263,2013-08-26,2013
BR2_2013,239,279.25,282.35,276.15,1.38888888888889e-05,119.560185185185,0.00765088863421054,0.19,0.8113,2013-08-27,2013
BR2_2013,240,281.05,289.35,272.75,0,243.171296296296,0.00844098107496421,0.13,0.7904,2013-08-28,2013
BR2_2013,241,286.95,295.95,277.95,2.31481481481481e-06,243.865740740741,0.0110571324823313,0.41,0.6963,2013-08-29,2013
BR2_2013,242,291.9,300.05,283.75,0,244.097222222222,0.0128167865228845,0.81,0.5858,2013-08-30,2013
BR2_2013,243,295.6,302.05,289.15,0,199.305555555556,0.0135054215222798,0.89,0.4892,2013-08-31,2013
BR2_2013,244,294.6,299.55,289.65,9.25925925925926e-06,105.555555555556,0.015574618821646,0.47,0.6004,2013-09-01,2013
BR2_2013,245,290.4,291.75,289.05,0,29.7453703703704,0.014941649120163,0.07,0.7517,2013-09-02,2013
BR2_2013,246,290.75,296.05,285.45,0,175.925925925926,0.0167551920229559,0.16,0.8242,2013-09-03,2013
BR2_2013,247,286.8,292.55,281.05,0,250.231481481481,0.0112691415733127,0.13,0.7167,2013-09-04,2013
BR2_2013,248,290.7,298.85,282.55,0,217.12962962963,0.0139476589724818,0.17,0.6883,2013-09-05,2013
BR2_2013,249,293.9,300.35,287.45,0,242.824074074074,0.0167164627790436,0.35,0.6733,2013-09-06,2013
BR2_2013,250,294.8,301.65,287.95,0,242.939814814815,0.0165819729001233,0.94,0.6313,2013-09-07,2013
BR2_2013,251,292.4,296.15,288.65,0.000196759259259259,56.4814814814815,0.018163133100037,0.25,0.8042,2013-09-08,2013
BR2_2013,252,294.65,302.05,287.25,0,245.601851851852,0.0187693521455248,0.19,0.7213,2013-09-09,2013
BR2_2013,253,298,304.35,291.65,0,248.032407407407,0.0195761598184948,0.86,0.6117,2013-09-10,2013
BR2_2013,254,298.2,304.45,291.95,0,256.944444444444,0.0169138848271493,1.15,0.5221,2013-09-11,2013
BR2_2013,255,297.8,305.15,290.45,0,253.125,0.0157280301267401,1.25,0.4975,2013-09-12,2013
BR2_2013,256,298.2,306.05,290.35,0,249.074074074074,0.0146850488261765,0.94,0.4533,2013-09-13,2013
BR2_2013,257,296.7,305.05,288.35,0,235.300925925926,0.0150351471632178,0.78,0.5088,2013-09-14,2013
BR2_2013,258,292.95,295.85,290.05,5.09259259259259e-05,67.4768518518518,0.018883888867651,0.1,0.8075,2013-09-15,2013
BR2_2013,259,287.6,290.05,285.15,0.000354166666666667,38.1944444444444,0.0157657094155938,0,0.9513,2013-09-16,2013
BR2_2013,260,282.95,285.95,279.95,1.85185185185185e-05,107.523148148148,0.0103636148046258,0.08,0.8525,2013-09-17,2013
BR2_2013,261,281.75,289.65,273.85,0,276.851851851852,0.00806674196548522,0.22,0.72,2013-09-18,2013
BR2_2013,262,286.9,295.25,278.55,2.31481481481481e-06,247.337962962963,0.0101692483322194,0.06,0.6425,2013-09-19,2013
BR2_2013,263,293.1,298.55,287.65,0.000284722222222222,102.199074074074,0.0202841849663982,0.19,0.8592,2013-09-20,2013
BR2_2013,264,288.7,291.95,285.45,0.000342592592592593,51.1574074074074,0.0158556126382689,1.9,0.8904,2013-09-21,2013
BR2_2013,265,288.85,291.35,286.35,0.00031712962962963,58.1018518518518,0.0160937517127354,0.23,0.895,2013-09-22,2013
BR2_2013,266,288.1,291.25,284.95,0,84.1435185185185,0.0149407932084405,0.06,0.8725,2013-09-23,2013
BR2_2013,267,282.5,286.25,278.75,6.94444444444444e-06,189.814814814815,0.00893183320201894,0.16,0.7575,2013-09-24,2013
BR2_2013,268,285.55,291.15,279.95,0,261.342592592593,0.0105548559054568,0.03,0.7292,2013-09-25,2013
BR2_2013,269,287.9,295.45,280.35,0,292.939814814815,0.0106835368913348,0,0.6321,2013-09-26,2013
BR2_2013,270,289.7,295.65,283.75,0,195.25462962963,0.010909900003067,0.03,0.5742,2013-09-27,2013
BR2_2013,271,288.75,291.75,285.75,0.000247685185185185,75,0.014731732489006,0.08,0.8246,2013-09-28,2013
BR2_2013,272,290.9,297.05,284.75,2.31481481481481e-06,258.217592592593,0.016403976817917,0.01,0.7992,2013-09-29,2013
BR2_2013,273,291.7,296.75,286.65,2.31481481481481e-06,189.236111111111,0.0175604199677366,0.13,0.8129,2013-09-30,2013
BR2_2013,274,289.25,293.75,284.75,2.31481481481481e-06,126.388888888889,0.0159246640196305,0.12,0.8629,2013-10-01,2013
BR2_2013,275,290.7,297.95,283.45,2.31481481481481e-06,298.263888888889,0.0142191955557033,0.11,0.7017,2013-10-02,2013
BR2_2013,276,293.8,299.35,288.25,3.93518518518519e-05,154.861111111111,0.0186275259565758,0.07,0.755,2013-10-03,2013
BR2_2013,277,292.85,296.45,289.25,0,246.990740740741,0.0176029832056424,0.03,0.7575,2013-10-04,2013
BR2_2013,278,286.45,293.15,279.75,0,272.800925925926,0.0108581232599668,0.02,0.7067,2013-10-05,2013
BR2_2013,279,288.9,295.45,282.35,0,311.342592592593,0.011958960505574,0.13,0.6629,2013-10-06,2013
BR2_2013,280,291.4,298.55,284.25,0,286.921296296296,0.0131924324423546,0,0.6225,2013-10-07,2013
BR2_2013,281,290.7,296.55,284.85,0,317.939814814815,0.0101907274404491,0.03,0.5029,2013-10-08,2013
BR2_2013,282,293.4,300.55,286.25,0,308.680555555556,0.0136439179139762,0.07,0.5671,2013-10-09,2013
BR2_2013,283,293.25,297.55,288.95,0,195.486111111111,0.0148954452948272,0.01,0.625,2013-10-10,2013
BR2_2013,284,293.15,296.85,289.45,0,115.509259259259,0.0177218708087996,0.01,0.7483,2013-10-11,2013
BR2_2013,285,291.7,293.15,290.25,0.00025462962962963,47.1064814814815,0.018984004265773,0,0.8788,2013-10-12,2013
BR2_2013,286,294.5,299.45,289.55,4.62962962962963e-06,206.365740740741,0.0216644760220185,0.27,0.8404,2013-10-13,2013
BR2_2013,287,295.35,301.05,289.65,2.31481481481481e-06,243.75,0.02073696722582,0.05,0.7629,2013-10-14,2013
BR2_2013,288,295.45,301.05,289.85,0,253.819444444444,0.0175403341849314,0.02,0.6413,2013-10-15,2013
BR2_2013,289,292.25,295.25,289.25,6.94444444444444e-05,77.4305555555556,0.0178970959599401,0.03,0.8,2013-10-16,2013
BR2_2013,290,294.4,299.45,289.35,2.31481481481481e-06,223.611111111111,0.0203458382510503,0.22,0.7942,2013-10-17,2013
BR2_2013,291,292.55,299.65,285.45,0,275.347222222222,0.0162070508028932,0.32,0.7108,2013-10-18,2013
BR2_2013,292,292.4,301.45,283.35,2.31481481481481e-06,309.953703703704,0.0159881645380704,0.03,0.7079,2013-10-19,2013
BR2_2013,293,295.8,304.55,287.05,0,311.342592592593,0.0165390405459188,0.57,0.5917,2013-10-20,2013
BR2_2013,294,294.25,298.45,290.05,0.000893518518518519,15.0462962962963,0.0187903120023258,1.17,0.7404,2013-10-21,2013
BR2_2013,295,294,300.35,287.65,2.31481481481481e-06,312.384259259259,0.0201320835620971,1.41,0.8058,2013-10-22,2013
BR2_2013,296,298.8,304.05,293.55,0,166.898148148148,0.0250594446589579,1.64,0.7458,2013-10-23,2013
BR2_2013,297,295.2,299.25,291.15,0.000747685185185185,63.5416666666667,0.0243818240130526,1.25,0.9054,2013-10-24,2013
BR2_2013,298,294.4,300.15,288.65,0,267.12962962963,0.0206763108189658,1.49,0.8071,2013-10-25,2013
BR2_2013,299,297.05,302.85,291.25,9.72222222222222e-05,218.402777777778,0.0227840140321952,2.11,0.7546,2013-10-26,2013
BR2_2013,300,292.95,297.15,288.75,2.31481481481481e-06,265.046296296296,0.0169148195888198,1.69,0.7233,2013-10-27,2013
BR2_2013,301,291.3,298.25,284.35,0,349.421296296296,0.0117670436744077,1.35,0.5588,2013-10-28,2013
BR2_2013,302,293.85,301.35,286.35,0,307.175925925926,0.0137683307532059,0.77,0.5563,2013-10-29,2013
BR2_2013,303,296.45,302.85,290.05,0,256.365740740741,0.0206713766102004,0.64,0.7104,2013-10-30,2013
BR2_2013,304,296.7,301.65,291.75,0,245.25462962963,0.0209451892871242,1.23,0.7088,2013-10-31,2013
BR2_2013,305,296.65,301.75,291.55,0,279.166666666667,0.0185092881372273,1.69,0.6283,2013-11-01,2013
BR2_2013,306,296.25,300.05,292.45,0.000141203703703704,140.162037037037,0.0204780157877702,1.59,0.7125,2013-11-02,2013
BR2_2013,307,294.3,297.45,291.15,3.00925925925926e-05,208.217592592593,0.0210564638243614,1.32,0.8271,2013-11-03,2013
BR2_2013,308,292.55,298.75,286.35,0,348.37962962963,0.0146018504982735,1.65,0.6404,2013-11-04,2013
BR2_2013,309,293.25,300.95,285.55,0,350.347222222222,0.0133272528141878,1.39,0.5592,2013-11-05,2013
BR2_2013,310,294.35,300.15,288.55,0,346.064814814815,0.0151516922426002,1.06,0.5933,2013-11-06,2013
BR2_2013,311,294.35,301.25,287.45,0,345.138888888889,0.0153866417936401,0.49,0.6025,2013-11-07,2013
BR2_2013,312,296.15,303.15,289.15,0,347.916666666667,0.0171155307854571,0.36,0.5992,2013-11-08,2013
BR2_2013,313,298.3,305.95,290.65,0,315.856481481481,0.0196639455447577,1.17,0.6033,2013-11-09,2013
BR2_2013,314,301.15,307.25,295.05,0,282.175925925926,0.0221941473787152,1.95,0.5733,2013-11-10,2013
BR2_2013,315,299.25,305.25,293.25,0.000231481481481481,171.643518518519,0.0234219843189697,3.33,0.6783,2013-11-11,2013
BR2_2013,316,293.3,298.25,288.35,2.5462962962963e-05,296.412037037037,0.0176823304173308,1.89,0.7396,2013-11-12,2013
BR2_2013,317,294.35,303.15,285.55,0,359.953703703704,0.014909081293157,1.39,0.5838,2013-11-13,2013
BR2_2013,318,296.6,302.95,290.25,0,367.12962962963,0.0137181058165112,1.4,0.4671,2013-11-14,2013
BR2_2013,319,298.95,306.55,291.35,0.000138888888888889,275.694444444444,0.0187783277469507,2.57,0.5538,2013-11-15,2013
BR2_2013,320,294.6,299.75,289.45,0.000127314814814815,279.050925925926,0.0188923965486423,0.77,0.7283,2013-11-16,2013
BR2_2013,321,294,302.35,285.65,0,362.384259259259,0.0154475890623537,0.63,0.6183,2013-11-17,2013
BR2_2013,322,297.8,304.25,291.35,0,346.875,0.0204827954153064,1.03,0.6479,2013-11-18,2013
BR2_2013,323,298.7,303.05,294.35,0,166.666666666667,0.0231008538407237,0.91,0.6917,2013-11-19,2013
BR2_2013,324,295.2,298.65,291.75,0.00037962962962963,145.486111111111,0.0233154221675513,0.96,0.8658,2013-11-20,2013
BR2_2013,325,296.75,299.95,293.55,7.87037037037037e-05,144.791666666667,0.0254678522890924,0.52,0.8592,2013-11-21,2013
BR2_2013,326,295.35,299.75,290.95,1.85185185185185e-05,279.62962962963,0.0201715865490641,3.02,0.7421,2013-11-22,2013
BR2_2013,327,294.95,301.25,288.65,0,362.268518518519,0.0160299245887664,1.51,0.6046,2013-11-23,2013
BR2_2013,328,296.4,302.95,289.85,0,349.652777777778,0.0179621042411979,1.5,0.6192,2013-11-24,2013
BR2_2013,329,297.45,303.35,291.55,0,312.5,0.0192625963148496,1.54,0.6225,2013-11-25,2013
BR2_2013,330,298.45,303.65,293.25,3.24074074074074e-05,311.226851851852,0.0222291927091246,1.06,0.6758,2013-11-26,2013
BR2_2013,331,298.95,304.95,292.95,0.000354166666666667,315.162037037037,0.0243731707918168,1.35,0.7188,2013-11-27,2013
BR2_2013,332,296.8,301.75,291.85,0.000106481481481481,145.023148148148,0.0260904879712245,0.27,0.8775,2013-11-28,2013
BR2_2013,333,296.05,301.45,290.65,2.5462962962963e-05,275.231481481482,0.0230878285441397,0.7,0.8133,2013-11-29,2013
BR2_2013,334,296.8,301.75,291.85,0,294.791666666667,0.0231915448633107,0.93,0.78,2013-11-30,2013
BR2_2013,335,295.35,298.05,292.65,0.000196759259259259,111.458333333333,0.0228897628796212,0.83,0.8421,2013-12-01,2013
BR2_2013,336,294.95,299.85,290.05,4.62962962962963e-06,207.523148148148,0.0218734498606223,0.45,0.825,2013-12-02,2013
BR2_2013,337,295.35,301.25,289.45,2.31481481481481e-06,275.694444444444,0.0206798855228783,0.64,0.7608,2013-12-03,2013
BR2_2013,338,296.9,304.35,289.45,0,344.097222222222,0.0218897512348523,1.34,0.7317,2013-12-04,2013
BR2_2013,339,295.05,298.55,291.55,0.000726851851851852,16.2037037037037,0.0233894852676277,1.07,0.8767,2013-12-05,2013
BR2_2013,340,294,297.75,290.25,2.31481481481481e-06,165.625,0.0220808332739903,0.28,0.8838,2013-12-06,2013
BR2_2013,341,297.6,304.15,291.05,2.31481481481481e-06,346.759259259259,0.0211330663004934,0.53,0.6767,2013-12-07,2013
BR2_2013,342,298.2,304.35,292.05,0,358.680555555556,0.0231630485566208,0.81,0.715,2013-12-08,2013
BR2_2013,343,298.25,303.55,292.95,0.000571759259259259,168.75,0.025956837889968,1.51,0.7988,2013-12-09,2013
BR2_2013,344,295.65,300.15,291.15,2.31481481481481e-06,184.259259259259,0.0229851442045789,1.2,0.83,2013-12-10,2013
BR2_2013,345,295.9,301.95,289.85,0,345.25462962963,0.0195359400733241,2.1,0.6946,2013-12-11,2013
BR2_2013,346,296.95,303.55,290.35,0,302.083333333333,0.0207058247511342,0.77,0.69,2013-12-12,2013
BR2_2013,347,297.7,303.45,291.95,1.15740740740741e-05,300,0.0233177755409855,1.43,0.7421,2013-12-13,2013
BR2_2013,348,297.6,303.35,291.85,0,285.648148148148,0.024046787426304,0.96,0.77,2013-12-14,2013
BR2_2013,349,298.55,305.45,291.65,2.31481481481481e-06,347.916666666667,0.024102330758906,0.73,0.7283,2013-12-15,2013
BR2_2013,350,298.95,304.75,293.15,0,359.143518518519,0.0207958620570691,0.91,0.6133,2013-12-16,2013
BR2_2013,351,298.6,304.45,292.75,0,365.393518518519,0.0199301407637666,1.76,0.6004,2013-12-17,2013
BR2_2013,352,298.65,304.05,293.25,0,333.680555555556,0.019421473073744,1.07,0.5833,2013-12-18,2013
BR2_2013,353,298.8,304.55,293.05,0,344.328703703704,0.0210710347889951,1.38,0.6271,2013-12-19,2013
BR2_2013,354,298.8,304.65,292.95,0,339.00462962963,0.0212793594831296,0.93,0.6333,2013-12-20,2013
BR2_2013,355,298.9,304.95,292.85,0,365.625,0.0199891341857106,1.52,0.5913,2013-12-21,2013
BR2_2013,356,298.65,304.65,292.65,0,377.662037037037,0.018119605086116,1.68,0.5442,2013-12-22,2013
BR2_2013,357,297.75,304.25,291.25,0,377.777777777778,0.0177822319740585,2.24,0.5642,2013-12-23,2013
BR2_2013,358,299.6,305.95,293.25,0,336.226851851852,0.0207206784865777,1.29,0.5875,2013-12-24,2013
BR2_2013,359,300.2,308.55,291.85,0,357.87037037037,0.0199444882534246,0.7,0.5454,2013-12-25,2013
BR2_2013,360,299.6,306.65,292.55,2.5462962962963e-05,199.768518518519,0.0260392798751323,0.97,0.7383,2013-12-26,2013
BR2_2013,361,300.5,307.35,293.65,0.000282407407407407,253.819444444444,0.0274600985523532,0.73,0.7375,2013-12-27,2013
BR2_2013,362,300.15,306.65,293.65,0.000456018518518519,254.74537037037,0.0284377649633164,2.25,0.78,2013-12-28,2013
BR2_2013,363,298.2,302.65,293.75,0.000152777777777778,249.537037037037,0.0270926678432196,1.43,0.8363,2013-12-29,2013
BR2_2013,364,299.6,305.05,294.15,1.62037037037037e-05,292.708333333333,0.0266282761827508,1.65,0.755,2013-12-30,2013
BR2_2013,365,298.6,301.95,295.25,2.31481481481481e-05,213.425925925926,0.0274686733544584,1.81,0.8275,2013-12-31,2013
BR2_2014,1,297.75,300.35,295.15,0.000518518518518519,116.898148148148,0.0283122633504019,0.79,0.8983,2014-01-01,2014
BR2_2014,2,297.1,299.55,294.65,0.000347222222222222,78.125,0.0276363468948299,2.26,0.9125,2014-01-02,2014
BR2_2014,3,294.35,296.45,292.25,0.00103472222222222,71.9907407407407,0.0235792304864198,1.08,0.9233,2014-01-03,2014
BR2_2014,4,295.45,300.65,290.25,6.94444444444444e-06,338.657407407407,0.0217223349597265,2.14,0.7942,2014-01-04,2014
BR2_2014,5,297.55,304.05,291.05,2.31481481481481e-06,307.986111111111,0.0243375360357247,0.35,0.7817,2014-01-05,2014
BR2_2014,6,298.75,305.05,292.45,2.31481481481481e-06,343.865740740741,0.0256969668093677,0.38,0.7671,2014-01-06,2014
BR2_2014,7,298,303.15,292.85,0,330.439814814815,0.0227348437715525,1.61,0.7104,2014-01-07,2014
BR2_2014,8,298.8,303.65,293.95,2.31481481481481e-06,258.449074074074,0.0258154616941236,1.2,0.7683,2014-01-08,2014
BR2_2014,9,298.15,304.25,292.05,0,316.319444444444,0.024830104855282,1.36,0.7688,2014-01-09,2014
BR2_2014,10,299.85,305.35,294.35,4.62962962962963e-06,314.351851851852,0.0269293491606751,1.49,0.7521,2014-01-10,2014
BR2_2014,11,298.2,303.55,292.85,0.000141203703703704,140.046296296296,0.0273485952328661,1.23,0.8442,2014-01-11,2014
BR2_2014,12,296.05,299.25,292.85,2.5462962962963e-05,135.300925925926,0.0254071148985676,0.43,0.895,2014-01-12,2014
BR2_2014,13,296.8,301.65,291.95,0.000219907407407407,229.861111111111,0.0244314005310031,0.5,0.8217,2014-01-13,2014
BR2_2014,14,296.15,300.95,291.35,2.31481481481481e-06,295.601851851852,0.0233510454224152,1.03,0.8175,2014-01-14,2014
BR2_2014,15,295.45,299.85,291.05,0.000270833333333333,195.486111111111,0.0229750206071143,1.03,0.84,2014-01-15,2014
BR2_2014,16,296.35,302.15,290.55,1.62037037037037e-05,199.074074074074,0.0240144680626517,0.27,0.8304,2014-01-16,2014
BR2_2014,17,297.6,304.35,290.85,2.31481481481481e-06,315.162037037037,0.0238781476183793,0.33,0.7646,2014-01-17,2014
BR2_2014,18,299.55,305.95,293.15,0,349.189814814815,0.0243643324109534,0.79,0.6929,2014-01-18,2014
BR2_2014,19,299.7,305.55,293.85,2.31481481481481e-05,289.00462962963,0.0253099509949133,0.45,0.7133,2014-01-19,2014
BR2_2014,20,299.85,306.85,292.85,0,329.282407407407,0.0254219357852404,0.47,0.71,2014-01-20,2014
BR2_2014,21,300.05,307.05,293.05,2.31481481481481e-06,323.958333333333,0.0245995732264143,1.01,0.6788,2014-01-21,2014
BR2_2014,22,300.95,307.85,294.05,0,320.601851851852,0.0252772182011052,0.85,0.6608,2014-01-22,2014
BR2_2014,23,301.35,307.45,295.25,0,311.921296296296,0.0265433788319328,1.39,0.6775,2014-01-23,2014
BR2_2014,24,300.9,306.75,295.05,0,311.111111111111,0.0255525146590577,1.95,0.67,2014-01-24,2014
BR2_2014,25,296.5,299.75,293.25,4.62962962962963e-06,105.787037037037,0.0246406139374411,3.4,0.8442,2014-01-25,2014
BR2_2014,26,298.7,305.65,291.75,0.000118055555555556,246.064814814815,0.0261600387645496,1.65,0.7833,2014-01-26,2014
BR2_2014,27,299.35,305.75,292.95,0,304.513888888889,0.0255478649479879,1.21,0.7354,2014-01-27,2014
BR2_2014,28,300.75,307.35,294.15,2.31481481481481e-06,316.203703703704,0.025905927755319,1.03,0.6854,2014-01-28,2014
BR2_2014,29,299.95,306.85,293.05,0,332.986111111111,0.0241347986108772,0.89,0.67,2014-01-29,2014
BR2_2014,30,299.15,306.55,291.75,6.01851851851852e-05,317.592592592593,0.0241969212313566,1.29,0.705,2014-01-30,2014
BR2_2014,31,299.4,306.75,292.05,4.16666666666667e-05,242.708333333333,0.0273989021851552,0.73,0.7863,2014-01-31,2014
BR2_2014,32,301,307.45,294.55,4.62962962962963e-06,318.981481481481,0.0262814778278657,1.18,0.685,2014-02-01,2014
BR2_2014,33,301.4,308.35,294.45,2.31481481481481e-06,324.074074074074,0.0237738106704184,1.9,0.605,2014-02-02,2014
BR2_2014,34,301.2,308.65,293.75,0,337.384259259259,0.021468482900086,1.2,0.5529,2014-02-03,2014
BR2_2014,35,301.4,308.75,294.05,0,321.296296296296,0.0215300344897888,1.31,0.5479,2014-02-04,2014
BR2_2014,36,301,308.85,293.15,0,330.439814814815,0.0211978343064172,0.7,0.5525,2014-02-05,2014
BR2_2014,37,302.4,309.65,295.15,0,301.50462962963,0.0241719757565892,0.84,0.5796,2014-02-06,2014
BR2_2014,38,302.8,309.85,295.75,1.15740740740741e-05,241.435185185185,0.0293421593761182,1.13,0.6871,2014-02-07,2014
BR2_2014,39,301.7,309.25,294.15,6.94444444444444e-06,302.199074074074,0.0252551123687888,0.91,0.6313,2014-02-08,2014
BR2_2014,40,302.6,309.65,295.55,0,300.462962962963,0.0229282576420241,1.21,0.5433,2014-02-09,2014
BR2_2014,41,301.35,309.65,293.05,0,304.398148148148,0.0235383940992254,1.07,0.6008,2014-02-10,2014
BR2_2014,42,301.55,309.15,293.95,0,310.069444444444,0.0235910553056721,1.55,0.595,2014-02-11,2014
BR2_2014,43,300.3,308.35,292.25,6.94444444444444e-06,304.74537037037,0.0243581251869256,1.98,0.6621,2014-02-12,2014
BR2_2014,44,299,304.35,293.65,4.62962962962963e-06,170.833333333333,0.0275354311465529,1.51,0.8096,2014-02-13,2014
BR2_2014,45,294.45,296.75,292.15,2.31481481481481e-06,220.601851851852,0.0216405265339544,3.81,0.8421,2014-02-14,2014
BR2_2014,46,294.5,299.95,289.05,2.31481481481481e-06,297.800925925926,0.0166273048955282,4.27,0.645,2014-02-15,2014
BR2_2014,47,295.1,302.15,288.05,0,336.689814814815,0.0170502101351584,1.49,0.6371,2014-02-16,2014
BR2_2014,48,296.75,303.95,289.55,0,338.194444444444,0.0182531464613863,1.48,0.6158,2014-02-17,2014
BR2_2014,49,298.45,305.05,291.85,0,334.606481481481,0.0198872002248249,2.39,0.6046,2014-02-18,2014
BR2_2014,50,298,304.45,291.55,0,306.712962962963,0.0195089537769404,1.56,0.6096,2014-02-19,2014
BR2_2014,51,295.95,298.75,293.15,6.94444444444444e-06,60.8796296296296,0.0234165193850076,1.1,0.83,2014-02-20,2014
BR2_2014,52,297.55,302.35,292.75,6.94444444444444e-06,211.342592592593,0.0259596233166013,1.1,0.8338,2014-02-21,2014
BR2_2014,53,298.7,304.25,293.15,4.62962962962963e-06,221.759259259259,0.0266776956020966,0.75,0.7988,2014-02-22,2014
BR2_2014,54,297.45,302.15,292.75,2.31481481481481e-06,168.287037037037,0.0273730003214715,1.56,0.8846,2014-02-23,2014
BR2_2014,55,298.4,304.05,292.75,3.93518518518519e-05,232.75462962963,0.0275724861816433,1.28,0.8408,2014-02-24,2014
BR2_2014,56,297.9,301.95,293.85,0,200.231481481481,0.0251410236622763,1.7,0.7904,2014-02-25,2014
BR2_2014,57,298.55,303.05,294.05,5.32407407407407e-05,215.625,0.0268756045713409,1.18,0.8121,2014-02-26,2014
BR2_2014,58,293.65,296.75,290.55,3.47222222222222e-05,188.194444444444,0.0207648083833536,1.86,0.8496,2014-02-27,2014
BR2_2014,59,292,298.55,285.45,0,303.125,0.0161375524840461,0.93,0.7329,2014-02-28,2014
BR2_2014,60,293.3,300.75,285.85,0,295.138888888889,0.0175317102420614,0.47,0.7333,2014-03-01,2014
BR2_2014,61,295.7,303.15,288.25,0,283.564814814815,0.0182063365645219,1.95,0.6554,2014-03-02,2014
BR2_2014,62,295.2,298.95,291.45,0.000199074074074074,96.6435185185185,0.0224967702457523,2.01,0.8354,2014-03-03,2014
BR2_2014,63,295,298.15,291.85,0.000421296296296296,119.791666666667,0.0243034473074721,0.96,0.9138,2014-03-04,2014
BR2_2014,64,296.15,301.45,290.85,0.000393518518518519,217.939814814815,0.0233510454224152,1.4,0.8175,2014-03-05,2014
BR2_2014,65,294.95,302.05,287.85,0,286.921296296296,0.0192671951681385,1.23,0.7267,2014-03-06,2014
BR2_2014,66,296.05,302.25,289.85,0,250.115740740741,0.0199311009723847,1.99,0.7021,2014-03-07,2014
BR2_2014,67,295.8,301.85,289.75,0,273.842592592593,0.0199966699451586,2.09,0.7154,2014-03-08,2014
BR2_2014,68,295.2,302.25,288.15,0,301.388888888889,0.0189636408990409,1.62,0.7042,2014-03-09,2014
BR2_2014,69,294.05,297.15,290.95,0.000363425925925926,99.1898148148148,0.0212830368330395,1.14,0.8492,2014-03-10,2014
BR2_2014,70,295.4,300.65,290.15,2.31481481481481e-06,190.277777777778,0.0229391986476361,0.71,0.8413,2014-03-11,2014
BR2_2014,71,296.15,302.45,289.85,0,296.527777777778,0.0201033220407289,2.19,0.7038,2014-03-12,2014
BR2_2014,72,295.7,303.15,288.25,0,287.152777777778,0.0204397657067061,1.15,0.7358,2014-03-13,2014
BR2_2014,73,298.7,304.75,292.65,0,272.685185185185,0.023738740653443,2.03,0.7108,2014-03-14,2014
BR2_2014,74,296.2,300.05,292.35,0.000143518518518519,136.458333333333,0.02374710951125,1.58,0.8288,2014-03-15,2014
BR2_2014,75,299.45,305.65,293.25,0,265.509259259259,0.026433364701457,1.87,0.7563,2014-03-16,2014
BR2_2014,76,296.3,300.05,292.55,5.32407407407407e-05,140.046296296296,0.0230293987865419,1.43,0.7988,2014-03-17,2014
BR2_2014,77,295.95,300.05,291.85,4.16666666666667e-05,149.768518518519,0.0248271530828996,0.55,0.88,2014-03-18,2014
BR2_2014,78,292.25,293.95,290.55,0.000652777777777778,25.8101851851852,0.0209731593280548,1.35,0.9375,2014-03-19,2014
BR2_2014,79,293.05,295.05,291.05,9.72222222222222e-05,74.6527777777778,0.0221311977752877,0.85,0.9404,2014-03-20,2014
BR2_2014,80,294.8,297.85,291.75,8.10185185185185e-05,171.875,0.0231695838669392,1.11,0.8821,2014-03-21,2014
BR2_2014,81,290.15,293.05,287.25,0,145.601851851852,0.0160879989612275,1.78,0.8225,2014-03-22,2014
BR2_2014,82,289.7,298.25,281.15,0,287.384259259259,0.0130550196658086,1.79,0.6871,2014-03-23,2014
BR2_2014,83,293.75,301.75,285.75,4.62962962962963e-06,277.546296296296,0.018517444580817,0.75,0.7529,2014-03-24,2014
BR2_2014,84,295.65,301.95,289.35,0,225.694444444444,0.0191995186470296,0.94,0.6933,2014-03-25,2014
BR2_2014,85,293.75,299.55,287.95,0,231.018518518519,0.0168671317486045,1.11,0.6858,2014-03-26,2014
BR2_2014,86,296.15,302.35,289.95,0,268.287037037037,0.018840794569572,1.64,0.6596,2014-03-27,2014
BR2_2014,87,297.65,303.35,291.95,0,237.384259259259,0.0218118313429265,1.29,0.6963,2014-03-28,2014
BR2_2014,88,297.85,303.55,292.15,0,235.99537037037,0.0230157866412675,1.31,0.7258,2014-03-29,2014
BR2_2014,89,296.7,300.05,293.35,1.62037037037037e-05,143.055555555556,0.0233446663894302,2.46,0.79,2014-03-30,2014
BR2_2014,90,296.45,301.55,291.35,0.000266203703703704,218.055555555556,0.0236917720101705,0.65,0.8142,2014-03-31,2014
BR2_2014,91,296.3,300.95,291.65,0,189.236111111111,0.022885248819175,1.88,0.7938,2014-04-01,2014
BR2_2014,92,296.7,302.05,291.35,0,235.300925925926,0.0218051004161525,3.45,0.7379,2014-04-02,2014
BR2_2014,93,296.35,301.65,291.05,0,253.703703703704,0.019905055837576,2.85,0.6883,2014-04-03,2014
BR2_2014,94,296.35,301.75,290.95,0,249.537037037037,0.0204256006655238,1.83,0.7063,2014-04-04,2014
BR2_2014,95,297.4,302.25,292.55,0,228.125,0.0208355677287915,1.55,0.6754,2014-04-05,2014
BR2_2014,96,298.35,304.05,292.65,0,226.851851851852,0.0237975485889752,0.58,0.7279,2014-04-06,2014
BR2_2014,97,299.55,304.85,294.25,0,238.425925925926,0.025697004078402,0.92,0.7308,2014-04-07,2014
BR2_2014,98,299.15,305.15,293.15,0,213.888888888889,0.0252128487043327,1.91,0.7346,2014-04-08,2014
BR2_2014,99,295.6,298.75,292.45,0.00158564814814815,39.3518518518518,0.0251335563243736,1.8,0.9104,2014-04-09,2014
BR2_2014,100,294.95,299.15,290.75,0,152.893518518519,0.0227563418368148,1.34,0.8583,2014-04-10,2014
BR2_2014,101,294.45,295.85,293.05,0.000486111111111111,12.3842592592593,0.0233314737444212,0.87,0.9079,2014-04-11,2014
BR2_2014,102,293.1,296.45,289.75,0.000844907407407407,158.796296296296,0.0200575460282262,2.75,0.8496,2014-04-12,2014
BR2_2014,103,287.75,292.45,283.05,0,247.569444444444,0.0117222506613232,1.97,0.7004,2014-04-13,2014
BR2_2014,104,287.55,293.65,281.45,0,248.37962962963,0.0117000932871213,2.64,0.7083,2014-04-14,2014
BR2_2014,105,290.45,297.65,283.25,0,237.962962962963,0.014798324398638,1.94,0.7421,2014-04-15,2014
BR2_2014,106,293.15,299.75,286.55,0,233.101851851852,0.0176934513981748,1.19,0.7471,2014-04-16,2014
BR2_2014,107,295.1,299.55,290.65,0,136.226851851852,0.0212866695047952,1.26,0.7954,2014-04-17,2014
BR2_2014,108,293,296.15,289.85,8.10185185185185e-05,105.902777777778,0.0197647236074917,1.81,0.8425,2014-04-18,2014
BR2_2014,109,291.5,293.85,289.15,6.25e-05,47.4537037037037,0.0199057910244712,0.7,0.9333,2014-04-19,2014
BR2_2014,110,292.5,295.35,289.65,0,107.986111111111,0.0201447168960882,1.48,0.8863,2014-04-20,2014
BR2_2014,111,293.95,299.55,288.35,2.31481481481481e-06,180.208333333333,0.0212644913376397,1.37,0.8538,2014-04-21,2014
BR2_2014,112,293.3,296.55,290.05,2.31481481481481e-06,120.601851851852,0.0202619997683718,2.82,0.8475,2014-04-22,2014
BR2_2014,113,292.15,298.25,286.05,0,157.291666666667,0.0178393564929751,1.85,0.8025,2014-04-23,2014
BR2_2014,114,290.7,296.65,284.75,0,173.958333333333,0.016490781449667,1.68,0.8138,2014-04-24,2014
BR2_2014,115,288.05,291.65,284.45,2.31481481481481e-06,93.287037037037,0.015190750344314,1.91,0.89,2014-04-25,2014
BR2_2014,116,290.05,297.65,282.45,0,219.560185185185,0.014997404535935,1.88,0.7717,2014-04-26,2014
BR2_2014,117,291.85,297.75,285.95,0,185.185185185185,0.0172753758680035,1.84,0.7921,2014-04-27,2014
BR2_2014,118,291.4,296.35,286.45,0,212.268518518519,0.0153116986981545,1.99,0.7225,2014-04-28,2014
BR2_2014,119,292.55,296.95,288.15,0,165.972222222222,0.0165034656318713,1.65,0.7238,2014-04-29,2014
BR2_2014,120,292.55,296.95,288.15,0,165.972222222222,0.0165034656318713,1.65,0.7238,2014-04-30,2014
BR3_2013,274,293.54,297.49,289.59,0.000207175925925926,101.041666666667,0.0221847278606736,1.081,0.914,2013-10-01,2013
BR3_2013,275,294.14,296.69,291.59,5.20833333333333e-05,98.9583333333333,0.0241204969716377,1.466,0.957,2013-10-02,2013
BR3_2013,276,293.96,297.02,290.9,0.000333333333333333,125.231481481481,0.0235257459090015,2.929,0.944,2013-10-03,2013
BR3_2013,277,293.76,296.82,290.7,0.000114583333333333,90.2777777777778,0.022124648473365,2.705,0.899,2013-10-04,2013
BR3_2013,278,293.67,299.24,288.1,0,275.925925925926,0.0132414996454958,2.742,0.5411,2013-10-05,2013
BR3_2013,279,291.375,297.65,285.1,0,263.194444444444,0.0129428686369301,2.955,0.6117,2013-10-06,2013
BR3_2013,280,291.695,297.71,285.68,0,281.134259259259,0.013764848515436,6.643,0.6374,2013-10-07,2013
BR3_2013,281,290.685,297.61,283.76,0,264.583333333333,0.0140901209815495,5.174,0.696,2013-10-08,2013
BR3_2013,282,292.215,299.76,284.67,0,274.884259259259,0.0151341152029728,4.404,0.678,2013-10-09,2013
BR3_2013,283,292.93,299.45,286.41,0,218.171296296296,0.0156812738176498,3.344,0.6714,2013-10-10,2013
BR3_2013,284,294.25,300.08,288.42,0,210.99537037037,0.0160418101251622,3.246,0.6321,2013-10-11,2013
BR3_2013,285,292.18,294.16,290.2,1.04166666666667e-05,65.162037037037,0.0171272726852133,3.25,0.769,2013-10-12,2013
BR3_2013,286,296.7,303.63,289.77,0,193.171296296296,0.0193376578294217,2.551,0.6544,2013-10-13,2013
BR3_2013,287,298.865,304.75,292.98,0,216.435185185185,0.0190426456935214,2.198,0.5645,2013-10-14,2013
BR3_2013,288,295.85,300.46,291.24,0,139.814814814815,0.0211970860037231,3.202,0.756,2013-10-15,2013
BR3_2013,289,290.715,291.63,289.8,0.00022337962962963,30.8564814814815,0.0200806039243526,3.388,0.99,2013-10-16,2013
BR3_2013,290,293.37,297.6,289.14,0,133.217592592593,0.0214201962490871,2.023,0.892,2013-10-17,2013
BR3_2013,291,296.315,301.77,290.86,0,232.523148148148,0.0200756178897784,1.952,0.6957,2013-10-18,2013
BR3_2013,292,296.295,302.54,290.05,0,270.601851851852,0.0144018989687709,1.856,0.4997,2013-10-19,2013
BR3_2013,293,297.52,305.63,289.41,0,302.430555555556,0.0136956114219454,1.881,0.4407,2013-10-20,2013
BR3_2013,294,298.425,305.59,291.26,0.000362268518518519,203.935185185185,0.0211903816261261,3.367,0.6452,2013-10-21,2013
BR3_2013,295,296.44,301.71,291.17,0,246.296296296296,0.0236713404325127,2.39,0.814,2013-10-22,2013
BR3_2013,296,297.54,304.6,290.48,0,249.537037037037,0.0242386222805128,2.78,0.779,2013-10-23,2013
BR3_2013,297,298.705,304.62,292.79,0.000204861111111111,189.236111111111,0.0270933740672163,2.575,0.811,2013-10-24,2013
BR3_2013,298,296.345,300.85,291.84,0,220.486111111111,0.0242556827226644,4.801,0.839,2013-10-25,2013
BR3_2013,299,296.15,302.02,290.28,0,207.407407407407,0.0206803142334295,3.726,0.724,2013-10-26,2013
BR3_2013,300,299.285,305.5,293.07,0,259.606481481481,0.0212708807514587,3.37,0.6147,2013-10-27,2013
BR3_2013,301,294.91,300.91,288.91,0,313.541666666667,0.0178518844363107,4.499,0.675,2013-10-28,2013
BR3_2013,302,293.46,301.57,285.35,0,293.75,0.0145577383623977,4.775,0.6028,2013-10-29,2013
BR3_2013,303,295.69,302.99,288.39,0,304.62962962963,0.0159935415751949,3.328,0.5761,2013-10-30,2013
BR3_2013,304,295.515,302.78,288.25,0,304.513888888889,0.0175426379189248,5.762,0.6388,2013-10-31,2013
BR3_2013,305,295.69,302.23,289.15,0,284.027777777778,0.0195442688230119,5.645,0.704,2013-11-01,2013
BR3_2013,306,295.85,303.39,288.31,0,259.259259259259,0.0198792777468779,3.48,0.709,2013-11-02,2013
BR3_2013,307,297.675,301.79,293.56,0.000116898148148148,146.180555555556,0.0282359741760058,1.817,0.9,2013-11-03,2013
BR3_2013,308,295.845,300.25,291.44,2.31481481481481e-06,188.078703703704,0.0246942438788691,2.587,0.881,2013-11-04,2013
BR3_2013,309,294.06,299.56,288.56,0,287.037037037037,0.0177804284039521,6.077,0.709,2013-11-05,2013
BR3_2013,310,292.36,295.95,288.77,0,143.981481481481,0.0166933265218181,6.654,0.741,2013-11-06,2013
BR3_2013,311,293.005,298.72,287.29,0,253.009259259259,0.0178818717034696,4.985,0.762,2013-11-07,2013
BR3_2013,312,295.175,302.07,288.28,0,299.652777777778,0.0186733497269778,2.415,0.6945,2013-11-08,2013
BR3_2013,313,297.77,305.21,290.33,0,305.324074074074,0.0195458997618356,2.028,0.6194,2013-11-09,2013
BR3_2013,314,300.585,305.92,295.25,1.73611111111111e-05,224.421296296296,0.0225482804756341,1.957,0.6025,2013-11-10,2013
BR3_2013,315,301.045,308.33,293.76,3.47222222222222e-06,270.601851851852,0.024559622712846,3.852,0.6384,2013-11-11,2013
BR3_2013,316,297.81,302.15,293.47,0,303.587962962963,0.0208939055546916,4.713,0.6605,2013-11-12,2013
BR3_2013,317,297.025,303.47,290.58,0,334.837962962963,0.0177024002208926,4.656,0.5872,2013-11-13,2013
BR3_2013,318,295.745,304.11,287.38,0,343.287037037037,0.0160927549605671,4.3,0.5777,2013-11-14,2013
BR3_2013,319,297.615,305.7,289.53,0,292.708333333333,0.0183298607884556,2.887,0.5864,2013-11-15,2013
BR3_2013,320,296.185,299.91,292.46,0.000200231481481481,93.8657407407407,0.0250189891773385,1.578,0.874,2013-11-16,2013
BR3_2013,321,294.85,298.68,291.02,5.55555555555556e-05,182.638888888889,0.0232129901803036,3.194,0.881,2013-11-17,2013
BR3_2013,322,295.18,301.11,289.25,0,259.375,0.0210594437773736,3.46,0.783,2013-11-18,2013
BR3_2013,323,298.145,304.91,291.38,8.10185185185185e-05,260.763888888889,0.0263142086218365,2.71,0.815,2013-11-19,2013
BR3_2013,324,295.245,298.18,292.31,3.47222222222222e-05,124.652777777778,0.0239262939242344,2.046,0.886,2013-11-20,2013
BR3_2013,325,297.41,301.26,293.56,2.5462962962963e-05,168.981481481481,0.0268552876053563,1.723,0.87,2013-11-21,2013
BR3_2013,326,293.35,296.62,290.08,7.52314814814815e-05,164.00462962963,0.022328571485687,3.135,0.931,2013-11-22,2013
BR3_2013,327,293.855,298.13,289.58,0,276.388888888889,0.0196080220667685,5.836,0.792,2013-11-23,2013
BR3_2013,328,294.35,299.03,289.67,0,147.685185185185,0.0211965355829398,4.58,0.83,2013-11-24,2013
BR3_2013,329,295.22,298.89,291.55,0.000114583333333333,171.990740740741,0.0242126616506275,3.134,0.898,2013-11-25,2013
BR3_2013,330,296.115,301.58,290.65,0,294.328703703704,0.0220322108791895,2.401,0.773,2013-11-26,2013
BR3_2013,331,296.6,302.31,290.89,0,245.25462962963,0.0218796592449173,2.046,0.745,2013-11-27,2013
BR3_2013,332,299.385,305.52,293.25,0,303.819444444444,0.0218003680424154,1.334,0.6262,2013-11-28,2013
BR3_2013,333,298.255,304.31,292.2,0.000313657407407407,214.814814814815,0.0248985971819525,3.63,0.766,2013-11-29,2013
BR3_2013,334,296.535,301.55,291.52,0,239.930555555556,0.0240152369357596,4.152,0.821,2013-11-30,2013
BR3_2013,335,297.225,302.46,291.99,0,289.814814814815,0.0240495981941072,4.094,0.788,2013-12-01,2013
BR3_2013,336,296.255,300.92,291.59,6.59722222222222e-05,206.25,0.0241212127921082,3.027,0.839,2013-12-02,2013
BR3_2013,337,300.27,304.79,295.75,0,313.657407407407,0.0263303029927212,2.901,0.717,2013-12-03,2013
BR3_2013,338,299.96,305.75,294.17,0,320.37037037037,0.0233419686486537,1.949,0.6476,2013-12-04,2013
BR3_2013,339,298.565,305.86,291.27,0.000106481481481481,206.25,0.0240812748499973,3.124,0.727,2013-12-05,2013
BR3_2013,340,296.015,301.91,290.12,0,258.796296296296,0.021556406088501,1.604,0.761,2013-12-06,2013
BR3_2013,341,293.675,295.75,291.6,0.000111111111111111,100.694444444444,0.0230593512264052,2.508,0.942,2013-12-07,2013
BR3_2013,342,297.21,302.48,291.94,0,244.328703703704,0.0259789317379061,1.996,0.852,2013-12-08,2013
BR3_2013,343,298.635,303.48,293.79,4.97685185185185e-05,231.944444444444,0.0293401729647408,2.179,0.882,2013-12-09,2013
BR3_2013,344,296.605,299.76,293.45,0,173.263888888889,0.0260874184733812,2.451,0.888,2013-12-10,2013
BR3_2013,345,297.34,301.64,293.04,6.94444444444444e-06,253.819444444444,0.0255722885063668,3.036,0.832,2013-12-11,2013
BR3_2013,346,295.76,300.61,290.91,0,312.037037037037,0.021469535140527,4.058,0.77,2013-12-12,2013
BR3_2013,347,295.385,301.77,289,0,312.962962962963,0.0208393379870691,3.1,0.765,2013-12-13,2013
BR3_2013,348,296.585,301.19,291.98,0,204.513888888889,0.0232091461946478,2.488,0.791,2013-12-14,2013
BR3_2013,349,297.695,302.49,292.9,0,240.509259259259,0.0238729123320932,1.882,0.76,2013-12-15,2013
BR3_2013,350,297.995,303.75,292.24,0,292.013888888889,0.0239948299955051,2.881,0.75,2013-12-16,2013
BR3_2013,351,296.75,302.33,291.17,0,324.884259259259,0.0198271024164035,3.8,0.6689,2013-12-17,2013
BR3_2013,352,296.13,302.89,289.37,0,323.148148148148,0.0177990346233385,3.127,0.6239,2013-12-18,2013
BR3_2013,353,295.71,302.7,288.72,0,340.393518518519,0.0182231906167463,3.417,0.6556,2013-12-19,2013
BR3_2013,354,297.745,303.71,291.78,0,293.518518518519,0.0215167895436148,3.413,0.6829,2013-12-20,2013
BR3_2013,355,296.875,303.11,290.64,0,333.333333333333,0.0197771339098087,3.768,0.6621,2013-12-21,2013
BR3_2013,356,296.95,302.81,291.09,0,309.837962962963,0.0209308880636465,4.196,0.6975,2013-12-22,2013
BR3_2013,357,296.82,302.16,291.48,0,278.703703703704,0.0216423377559555,3.551,0.727,2013-12-23,2013
BR3_2013,358,297.71,303.78,291.64,0,309.953703703704,0.0215619434688867,2.299,0.6858,2013-12-24,2013
BR3_2013,359,297.52,300.35,294.69,0.000209490740740741,150.231481481481,0.0275963307072555,1.727,0.888,2013-12-25,2013
BR3_2013,360,300.22,305.87,294.57,0,270.25462962963,0.0292168435963844,1.374,0.798,2013-12-26,2013
BR3_2013,361,300.465,304.35,296.58,0,179.050925925926,0.0280898163379701,1.438,0.756,2013-12-27,2013
BR3_2013,362,297.63,302.04,293.22,0.000222222222222222,119.444444444444,0.0290969172681947,2.11,0.93,2013-12-28,2013
BR3_2013,363,297.255,301.45,293.06,0.000265046296296296,193.171296296296,0.028710906525409,1.879,0.939,2013-12-29,2013
BR3_2013,364,297.145,300.65,293.64,0.000133101851851852,148.032407407407,0.029125063222813,1.405,0.959,2013-12-30,2013
BR3_2013,365,297.585,301.31,293.86,0.000555555555555556,167.592592592593,0.0286424467365192,1.687,0.918,2013-12-31,2013
BR3_2014,1,297.67,301.05,294.29,0.000100694444444444,196.296296296296,0.0296387018405451,2.434,0.945,2014-01-01,2014
BR3_2014,2,297.73,302.63,292.83,1.15740740740741e-06,214.351851851852,0.0275441829727415,1.929,0.875,2014-01-02,2014
BR3_2014,3,298.58,302.77,294.39,0.00028587962962963,170.023148148148,0.0291095754384998,1.81,0.878,2014-01-03,2014
BR3_2014,4,297.72,303.42,292.02,0.000103009259259259,233.333333333333,0.0274014973809127,2.062,0.871,2014-01-04,2014
BR3_2014,5,295.73,299.78,291.68,1.50462962962963e-05,200,0.0252424434466842,3.243,0.907,2014-01-05,2014
BR3_2014,6,297.805,302.86,292.75,0,300,0.0262161286194647,2.887,0.829,2014-01-06,2014
BR3_2014,7,297.43,302.67,292.19,0,273.37962962963,0.0244466598961706,2.48,0.791,2014-01-07,2014
BR3_2014,8,298.705,303.58,293.83,1.27314814814815e-05,265.740740740741,0.0268261151368369,1.646,0.803,2014-01-08,2014
BR3_2014,9,296.545,300.33,292.76,3.24074074074074e-05,182.407407407407,0.0241471286385337,1.369,0.825,2014-01-09,2014
BR3_2014,10,299.085,304.62,293.55,0,304.513888888889,0.0239650312408011,1.361,0.701,2014-01-10,2014
BR3_2014,11,299.4,304.67,294.13,0,277.199074074074,0.0253325726676941,1.304,0.727,2014-01-11,2014
BR3_2014,12,297.36,301.51,293.21,2.77777777777778e-05,201.157407407407,0.0268653965623222,1.759,0.873,2014-01-12,2014
BR3_2014,13,294.55,296.99,292.11,1.27314814814815e-05,112.5,0.0247475159333862,1.481,0.957,2014-01-13,2014
BR3_2014,14,295.335,299.28,291.39,0,214.236111111111,0.0223225825000907,1.824,0.822,2014-01-14,2014
BR3_2014,15,296.99,300.6,293.38,4.51388888888889e-05,167.824074074074,0.0253594150505781,1.585,0.843,2014-01-15,2014
BR3_2014,16,296.44,300.13,292.75,5.78703703703704e-06,131.712962962963,0.0259686818258402,1.373,0.893,2014-01-16,2014
BR3_2014,17,297.245,302.62,291.87,1.15740740740741e-06,193.171296296296,0.0259736921067759,1.404,0.85,2014-01-17,2014
BR3_2014,18,297.21,302.07,292.35,0,205.208333333333,0.0253386059556337,1.948,0.831,2014-01-18,2014
BR3_2014,19,297,302.42,291.58,0,266.203703703704,0.0221542208087625,2.061,0.736,2014-01-19,2014
BR3_2014,20,298.25,303.8,292.7,0,277.546296296296,0.0209168960312624,1.722,0.6437,2014-01-20,2014
BR3_2014,21,298.235,304.48,291.99,0,258.564814814815,0.0233423969259738,1.956,0.719,2014-01-21,2014
BR3_2014,22,299.29,303.69,294.89,1.15740740740741e-06,214.699074074074,0.0278643942937205,1.575,0.805,2014-01-22,2014
BR3_2014,23,299.02,303.27,294.77,0,218.171296296296,0.027276003751311,1.478,0.801,2014-01-23,2014
BR3_2014,24,299.575,304.94,294.21,2.43055555555556e-05,228.240740740741,0.0294053638908593,1.99,0.835,2014-01-24,2014
BR3_2014,25,297.735,302.22,293.25,9.25925925925926e-06,192.24537037037,0.0266394373798635,1.495,0.846,2014-01-25,2014
BR3_2014,26,298.6,303.97,293.23,0,243.171296296296,0.0274520759687456,2.461,0.827,2014-01-26,2014
BR3_2014,27,298.89,304.68,293.1,0,251.273148148148,0.0273319741499008,1.976,0.809,2014-01-27,2014
BR3_2014,28,297.78,303.94,291.62,1.96759259259259e-05,281.712962962963,0.023018531092651,1.748,0.729,2014-01-28,2014
BR3_2014,29,300.03,305.96,294.1,0,288.078703703704,0.02209051679405,1.67,0.6103,2014-01-29,2014
BR3_2014,30,300.11,306.35,293.87,0,280.787037037037,0.0194475637371562,1.603,0.5347,2014-01-30,2014
BR3_2014,31,301.39,307.33,295.45,0,284.953703703704,0.0212933341262851,1.483,0.5422,2014-01-31,2014
BR3_2014,32,301.31,307.1,295.52,0,276.50462962963,0.0216765042858847,1.688,0.5546,2014-02-01,2014
BR3_2014,33,300.405,306.92,293.89,0,230.555555555556,0.0200178716215303,1.36,0.5407,2014-02-02,2014
BR3_2014,34,300.92,307.4,294.44,0,290.856481481481,0.0184313163784876,1.76,0.4827,2014-02-03,2014
BR3_2014,35,301.495,308.18,294.81,0,276.967592592593,0.0182735721490068,1.548,0.4624,2014-02-04,2014
BR3_2014,36,302.185,308.65,295.72,0,259.259259259259,0.0216667301469353,1.876,0.5262,2014-02-05,2014
BR3_2014,37,301.81,307.83,295.79,0,239.699074074074,0.0245150804372397,2.069,0.6088,2014-02-06,2014
BR3_2014,38,302.43,308.11,296.75,0,277.199074074074,0.0210732452440765,1.557,0.5044,2014-02-07,2014
BR3_2014,39,302.9,308.8,297,0,263.078703703704,0.0188025395770319,1.535,0.4377,2014-02-08,2014
BR3_2014,40,301.15,307.18,295.12,3.24074074074074e-05,235.99537037037,0.0201694588946635,1.497,0.521,2014-02-09,2014
BR3_2014,41,302.29,309.42,295.16,0,267.013888888889,0.0224941478446225,1.881,0.5429,2014-02-10,2014
BR3_2014,42,301.22,307.61,294.83,0,253.935185185185,0.0226526471204948,2.248,0.5827,2014-02-11,2014
BR3_2014,43,299.915,306.04,293.79,8.10185185185185e-06,231.25,0.0251587208229872,1.854,0.6999,2014-02-12,2014
BR3_2014,44,297.79,302.22,293.36,9.375e-05,137.962962962963,0.0252758435429643,1.179,0.8,2014-02-13,2014
BR3_2014,45,298.215,303.41,293.02,6.36574074074074e-05,197.916666666667,0.0276265423251124,2.316,0.852,2014-02-14,2014
BR3_2014,46,294.49,297.72,291.26,1.62037037037037e-05,127.546296296296,0.0228514732537217,4.906,0.887,2014-02-15,2014
BR3_2014,47,297.135,302.98,291.29,0,186.574074074074,0.02318861874485,5.671,0.764,2014-02-16,2014
BR3_2014,48,297.435,303.77,291.1,0,250,0.0223519005371316,5.591,0.723,2014-02-17,2014
BR3_2014,49,297.87,303.67,292.07,0,214.12037037037,0.0223200469613436,6.029,0.703,2014-02-18,2014
BR3_2014,50,297.63,304.18,291.08,0,232.291666666667,0.0205461780322833,4.416,0.6567,2014-02-19,2014
BR3_2014,51,297.34,303.97,290.71,0,214.00462962963,0.0210387397627501,3.071,0.6845,2014-02-20,2014
BR3_2014,52,296.14,299.1,293.18,0.000216435185185185,97.9166666666667,0.0254633112234949,1.432,0.892,2014-02-21,2014
BR3_2014,53,295.43,299.59,291.27,0.000251157407407407,129.166666666667,0.0251865040970785,2.292,0.922,2014-02-22,2014
BR3_2014,54,295.98,299.35,292.61,0.000550925925925926,125.578703703704,0.0258908515268324,1.715,0.916,2014-02-23,2014
BR3_2014,55,293.7,294.54,292.86,0.000246527777777778,51.8634259259259,0.0242234371763794,1.374,0.988,2014-02-24,2014
BR3_2014,56,297.09,302.21,291.97,1.15740740740741e-06,218.171296296296,0.0243655833652476,1.634,0.805,2014-02-25,2014
BR3_2014,57,299.125,304.28,293.97,1.15740740740741e-06,183.912037037037,0.0253254656023458,1.54,0.739,2014-02-26,2014
BR3_2014,58,298.81,304.12,293.5,3.47222222222222e-05,209.143518518519,0.0273003915670685,2.648,0.812,2014-02-27,2014
BR3_2014,59,297.31,301.94,292.68,1.04166666666667e-05,220.833333333333,0.0251264377960992,3.217,0.819,2014-02-28,2014
BR3_2014,60,296.84,302.88,290.8,1.15740740740741e-06,221.180555555556,0.020923844443128,1.915,0.702,2014-03-01,2014
BR3_2014,61,297.555,303.11,292,0,181.597222222222,0.0219874163958861,2.303,0.706,2014-03-02,2014
BR3_2014,62,296.905,300.99,292.82,0,134.027777777778,0.0236710673987135,4.752,0.791,2014-03-03,2014
BR3_2014,63,297.77,302.87,292.67,0.000222222222222222,138.310185185185,0.0282743399848316,2.798,0.896,2014-03-04,2014
BR3_2014,64,296.285,299.36,293.21,4.28240740740741e-05,98.2638888888889,0.0265566353854487,1.506,0.922,2014-03-05,2014
BR3_2014,65,297.725,302.22,293.23,0.000375,108.101851851852,0.0267490226949415,1.577,0.85,2014-03-06,2014
BR3_2014,66,295.105,297.9,292.31,7.63888888888889e-05,42.8935185185185,0.0238525632891935,2.245,0.891,2014-03-07,2014
BR3_2014,67,295.585,301.01,290.16,0,179.976851851852,0.0226719664583658,1.937,0.822,2014-03-08,2014
BR3_2014,68,297.53,303.04,292.02,0,204.513888888889,0.0212820977674161,1.154,0.6844,2014-03-09,2014
BR3_2014,69,299.16,305.45,292.87,2.31481481481481e-05,189.930555555556,0.023421706530174,1.894,0.682,2014-03-10,2014
BR3_2014,70,297.74,302.9,292.58,4.62962962962963e-06,178.356481481481,0.02488368046386,1.27,0.79,2014-03-11,2014
BR3_2014,71,294.5,295.76,293.24,9.9537037037037e-05,58.2291666666667,0.0249796254942121,1.491,0.969,2014-03-12,2014
BR3_2014,72,297.165,301.57,292.76,0.00015162037037037,133.449074074074,0.0276100733399727,2.111,0.908,2014-03-13,2014
BR3_2014,73,298.165,304.17,292.16,0,220.37037037037,0.0248916278765166,2.033,0.77,2014-03-14,2014
BR3_2014,74,299.685,305.26,294.11,0,183.912037037037,0.0265171803784221,1.903,0.748,2014-03-15,2014
BR3_2014,75,300.045,305.53,294.56,1.15740740740741e-05,200.925925925926,0.0265919997025708,1.574,0.734,2014-03-16,2014
BR3_2014,76,299.955,305.47,294.44,5.78703703703704e-05,191.550925925926,0.0264121488271138,1.577,0.733,2014-03-17,2014
BR3_2014,77,298.88,305.16,292.6,5.20833333333333e-05,206.018518518519,0.0262349267621829,1.736,0.777,2014-03-18,2014
BR3_2014,78,298.635,304.76,292.51,2.31481481481481e-06,196.064814814815,0.0258805607330706,2.152,0.778,2014-03-19,2014
BR3_2014,79,294.805,296.84,292.77,0.000295138888888889,62.4884259259259,0.0260381163706839,1.674,0.991,2014-03-20,2014
BR3_2014,80,295.15,297.58,292.72,0.000527777777777778,52.974537037037,0.0265235157351945,2.151,0.988,2014-03-21,2014
BR3_2014,81,296.005,299.33,292.68,2.31481481481481e-06,109.953703703704,0.0259592563321015,1.478,0.917,2014-03-22,2014
BR3_2014,82,293.68,297.43,289.93,0,184.027777777778,0.0209362470192598,4.228,0.855,2014-03-23,2014
BR3_2014,83,294.04,299.86,288.22,0,225.462962962963,0.0204381403422145,3.685,0.816,2014-03-24,2014
BR3_2014,84,295.49,301.79,289.19,0,224.189814814815,0.0210854100251342,3.913,0.769,2014-03-25,2014
BR3_2014,85,295.455,301.25,289.66,0,228.587962962963,0.0206839424589661,3.907,0.756,2014-03-26,2014
BR3_2014,86,296.05,302.03,290.07,0,207.060185185185,0.0218870230020063,3.772,0.771,2014-03-27,2014
BR3_2014,87,296.5,302.08,290.92,0,208.333333333333,0.0223581026724471,3.211,0.766,2014-03-28,2014
BR3_2014,88,296.7,301.69,291.71,4.51388888888889e-05,167.939814814815,0.0242016224973966,3.185,0.819,2014-03-29,2014
BR3_2014,89,294.61,296.57,292.65,0.00053587962962963,58.5185185185185,0.0258008780217898,1.926,0.994,2014-03-30,2014
BR3_2014,90,297.185,300.81,293.56,0.000112268518518519,123.148148148148,0.0289835801806552,1.386,0.952,2014-03-31,2014
BR3_2014,91,297.37,301.77,292.97,5.78703703703704e-06,179.513888888889,0.0268202925903836,1.425,0.871,2014-04-01,2014
BR3_2014,92,297.49,302.46,292.52,0,192.824074074074,0.0257154793353804,3.026,0.829,2014-04-02,2014
BR3_2014,93,296.595,301.94,291.25,0,217.824074074074,0.0236932127215496,3.657,0.807,2014-04-03,2014
BR3_2014,94,297.66,302.03,293.29,0,211.458333333333,0.0248875453206776,5.679,0.794,2014-04-04,2014
BR3_2014,95,297.04,302.36,291.72,0,218.402777777778,0.0235968087692126,3.277,0.782,2014-04-05,2014
BR3_2014,96,296.94,302.73,291.15,0,219.328703703704,0.0230023235907018,2.361,0.767,2014-04-06,2014
BR3_2014,97,298.67,303.82,293.52,0,207.638888888889,0.0243022116242068,1.405,0.729,2014-04-07,2014
BR3_2014,98,299.44,304.33,294.55,0,215.740740740741,0.0250097132715402,1.445,0.716,2014-04-08,2014
BR3_2014,99,297.15,302.79,291.51,8.68055555555556e-05,101.388888888889,0.0267947816289096,2.511,0.882,2014-04-09,2014
BR3_2014,100,295.52,300.12,290.92,0,141.319444444444,0.0226630722463195,1.606,0.825,2014-04-10,2014
BR3_2014,101,296.755,301.12,292.39,6.94444444444444e-06,177.893518518519,0.0254104641768348,2.366,0.857,2014-04-11,2014
BR3_2014,102,297.45,301.94,292.96,0.000181712962962963,130.902777777778,0.0293967333318991,2.084,0.95,2014-04-12,2014
BR3_2014,103,294.89,297.1,292.68,1.15740740740741e-06,67.0833333333333,0.0249086594640754,1.729,0.943,2014-04-13,2014
BR3_2014,104,293.96,296.37,291.55,0,106.828703703704,0.0220304654486836,4.231,0.884,2014-04-14,2014
BR3_2014,105,290.495,291.6,289.39,6.71296296296296e-05,49.0740740740741,0.0193589400037717,4.509,0.968,2014-04-15,2014
BR3_2014,106,293.36,297.4,289.32,0,139.00462962963,0.0216706872392329,2.727,0.903,2014-04-16,2014
BR3_2014,107,295.105,300.14,290.07,0,204.513888888889,0.0229155939119524,2.482,0.856,2014-04-17,2014
BR3_2014,108,295.655,299.82,291.49,0,162.615740740741,0.0240726352980496,1.8,0.869,2014-04-18,2014
BR3_2014,109,295.82,300.96,290.68,0.000327546296296296,125.810185185185,0.0252997061619242,2.714,0.904,2014-04-19,2014
BR3_2014,110,294.74,300.02,289.46,1.15740740740741e-06,152.083333333333,0.0233943833796528,1.131,0.894,2014-04-20,2014
BR3_2014,111,295.095,299.1,291.09,0,170.717592592593,0.0230083436495734,2.372,0.86,2014-04-21,2014
BR3_2014,112,295.43,300.68,290.18,0.000342592592592593,85.5324074074074,0.0249406488510116,2.109,0.913,2014-04-22,2014
BR3_2014,113,294.29,298.63,289.95,0,163.310185185185,0.021524142093781,1.137,0.846,2014-04-23,2014
BR3_2014,114,293.905,297.1,290.71,1.27314814814815e-05,124.421296296296,0.0227492756703562,1.699,0.916,2014-04-24,2014
BR3_2014,115,293.555,297.64,289.47,0,171.180555555556,0.0205779115273311,1.99,0.847,2014-04-25,2014
BR3_2014,116,292.495,297.04,287.95,0,191.319444444444,0.0187227651353731,2.477,0.824,2014-04-26,2014
BR3_2014,117,291.175,296.26,286.09,0,194.560185185185,0.016649393409867,4.518,0.797,2014-04-27,2014
BR3_2014,118,291.305,296.75,285.86,0,184.953703703704,0.017062189449188,4.887,0.81,2014-04-28,2014
BR3_2014,119,291.07,296.6,285.54,0,184.490740740741,0.0164549074290458,3.058,0.793,2014-04-29,2014
BR3_2014,120,293.95,298.73,289.17,0,157.060185185185,0.0181811649993874,2.136,0.73,2014-04-30,2014
CH1_2014,1,278.65,280.35,277.85,1.15740740740741e-06,46.3376098405703,NA,NA,NA,1899-12-31,2014
CH1_2014,2,279.25,284.95,277.05,0,84.5729949274506,NA,NA,NA,1900-01-01,2014
CH1_2014,3,281.95,288.65,277.55,0,111.408658012648,NA,NA,NA,1900-01-02,2014
CH1_2014,4,280.45,287.85,276.05,0,124.462523478439,NA,NA,NA,1900-01-03,2014
CH1_2014,5,280.35,285.15,278.15,0,67.8350737079939,NA,NA,NA,1900-01-04,2014
CH1_2014,6,280.45,285.25,275.65,0,87.8721620098267,NA,NA,NA,1900-01-05,2014
CH1_2014,7,280.05,282.05,278.95,1.85185185185185e-05,47.2498750550436,NA,NA,NA,1900-01-06,2014
CH1_2014,8,278.25,279.85,276.55,2.89351851851852e-05,47.4361375821682,NA,NA,NA,1900-01-07,2014
CH1_2014,9,278.85,282.85,275.55,0,81.7240635367706,NA,NA,NA,1900-01-08,2014
CH1_2014,10,278.75,280.55,277.65,0,47.8372057229496,NA,NA,NA,1900-01-09,2014
CH1_2014,11,279.65,283.35,277.55,0,65.7965754040224,NA,NA,NA,1900-01-10,2014
CH1_2014,12,278.95,281.75,277.25,1.27314814814815e-05,48.2755333009988,NA,NA,NA,1900-01-11,2014
CH1_2014,13,278.95,285.35,275.15,1.15740740740741e-06,119.967833263172,NA,NA,NA,1900-01-12,2014
CH1_2014,14,278.15,279.45,277.35,8.10185185185185e-06,48.7502359033957,NA,NA,NA,1900-01-13,2014
CH1_2014,15,278.65,280.25,277.35,1.15740740740741e-06,49.000938241934,NA,NA,NA,1900-01-14,2014
CH1_2014,16,280.65,286.75,277.95,0,128.729451935696,NA,NA,NA,1900-01-15,2014
CH1_2014,17,280.75,285.75,275.95,0,93.0420375196637,NA,NA,NA,1900-01-16,2014
CH1_2014,18,280.55,282.45,280.15,0,49.8046593567324,NA,NA,NA,1900-01-17,2014
CH1_2014,19,280.25,283.05,278.55,4.74537037037037e-05,59.8364056233006,NA,NA,NA,1900-01-18,2014
CH1_2014,20,282.75,290.85,278.75,0,145.807986729127,NA,NA,NA,1900-01-19,2014
CH1_2014,21,280.25,287.55,275.15,0,113.339065092019,NA,NA,NA,1900-01-20,2014
CH1_2014,22,280.75,288.25,276.55,0,145.995204277026,NA,NA,NA,1900-01-21,2014
CH1_2014,23,280.85,288.65,276.75,0,131.855060302506,NA,NA,NA,1900-01-22,2014
CH1_2014,24,281.65,290.05,276.75,0,83.9929928631626,NA,NA,NA,1900-01-23,2014
CH1_2014,25,285.65,290.35,280.95,0,51.9625331507348,NA,NA,NA,1900-01-24,2014
CH1_2014,26,284.85,291.35,281.45,0,108.818663054014,NA,NA,NA,1900-01-25,2014
CH1_2014,27,280.95,284.45,277.85,0,52.6459458291531,NA,NA,NA,1900-01-26,2014
CH1_2014,28,285.05,290.15,281.95,0,89.7590090112378,NA,NA,NA,1900-01-27,2014
CH1_2014,29,284.55,289.15,281.95,0,87.7435600063627,NA,NA,NA,1900-01-28,2014
CH1_2014,30,283.15,284.55,282.55,0,53.721612637598,NA,NA,NA,1900-01-29,2014
CH1_2014,31,284.15,291.05,280.95,0,129.953879627476,NA,NA,NA,1900-01-30,2014
CH1_2014,32,284.35,289.65,280.35,0,104.857872287863,NA,NA,NA,1900-01-31,2014
CH1_2014,33,287.15,292.45,283.85,0,141.837710572939,NA,NA,NA,1900-02-01,2014
CH1_2014,34,285.35,288.15,283.75,0,55.2423669505081,NA,NA,NA,1900-02-02,2014
CH1_2014,35,284.95,288.65,283.05,6.94444444444444e-06,79.2353753855957,NA,NA,NA,1900-02-03,2014
CH1_2014,36,283.05,285.35,282.35,5.6712962962963e-05,56.0364445197453,NA,NA,NA,1900-02-04,2014
CH1_2014,37,279.25,282.35,278.15,2.89351851851852e-05,56.4412155380138,NA,NA,NA,1900-02-05,2014
CH1_2014,38,278.65,281.35,276.55,2.08333333333333e-05,56.8508703765574,NA,NA,NA,1900-02-06,2014
CH1_2014,39,277.65,279.45,276.75,0,57.2652228983124,NA,NA,NA,1900-02-07,2014
CH1_2014,40,276.05,277.45,275.45,1.73611111111111e-05,57.6840550102344,NA,NA,NA,1900-02-08,2014
CH1_2014,41,275.15,276.45,274.65,3.35648148148148e-05,58.1071977106502,NA,NA,NA,1900-02-09,2014
CH1_2014,42,275.05,277.95,272.55,4.62962962962963e-06,58.5343838383168,NA,NA,NA,1900-02-10,2014
CH1_2014,43,275.85,278.25,274.75,3.24074074074074e-05,58.9655133566532,NA,NA,NA,1900-02-11,2014
CH1_2014,44,276.85,282.25,272.55,1.15740740740741e-06,129.314368796773,NA,NA,NA,1900-02-12,2014
CH1_2014,45,278.45,280.75,276.95,0,59.8385275865962,NA,NA,NA,1900-02-13,2014
CH1_2014,46,277.65,278.75,276.95,3.47222222222222e-06,60.2800785792118,NA,NA,NA,1900-02-14,2014
CH1_2014,47,278.05,280.75,276.65,5.78703703703704e-06,60.724673867851,NA,NA,NA,1900-02-15,2014
CH1_2014,48,277.45,278.35,276.55,4.62962962962963e-05,61.1721140866645,NA,NA,NA,1900-02-16,2014
CH1_2014,49,279.25,285.15,275.25,1.15740740740741e-06,131.87263619281,NA,NA,NA,1900-02-17,2014
CH1_2014,50,279.45,282.15,277.25,0,62.0748426054058,NA,NA,NA,1900-02-18,2014
CH1_2014,51,279.55,281.45,278.55,0,62.5296771116816,NA,NA,NA,1900-02-19,2014
CH1_2014,52,280.35,283.55,278.15,0,62.9865548681251,NA,NA,NA,1900-02-20,2014
CH1_2014,53,282.55,286.05,280.25,0,63.4452878593339,NA,NA,NA,1900-02-21,2014
CH1_2014,54,282.95,286.95,280.65,0,63.9057021592325,NA,NA,NA,1900-02-22,2014
CH1_2014,55,282.35,285.45,279.45,0,64.3675630959271,NA,NA,NA,1900-02-23,2014
CH1_2014,56,283.45,287.05,281.75,4.62962962962963e-06,64.8306749022948,NA,NA,NA,1900-02-24,2014
CH1_2014,57,282.05,282.95,281.65,5.09259259259259e-05,65.2948429299915,NA,NA,NA,1900-02-25,2014
CH1_2014,58,281.75,283.35,280.85,5.6712962962963e-05,65.7598737918279,NA,NA,NA,1900-02-26,2014
CH1_2014,59,281.75,284.55,280.25,1.04166666666667e-05,66.2255754993843,NA,NA,NA,1900-02-27,2014
CH1_2014,60,281.75,284.15,280.65,6.94444444444444e-06,66.6917575959081,NA,NA,NA,1900-02-28,2014
CH1_2014,61,280.75,281.95,279.65,6.94444444444444e-06,67.1582442040322,NA,NA,NA,1900-03-01,2014
CH1_2014,62,280.75,283.55,278.95,0,67.6248421173424,NA,NA,NA,1900-03-02,2014
CH1_2014,63,283.95,289.65,280.15,2.31481481481481e-06,98.0724597599326,NA,NA,NA,1900-03-03,2014
CH1_2014,64,282.95,286.05,280.45,3.47222222222222e-06,68.5576061115724,NA,NA,NA,1900-03-04,2014
CH1_2014,65,281.65,282.85,281.15,6.13425925925926e-05,69.0234084004195,NA,NA,NA,1900-03-05,2014
CH1_2014,66,282.15,285.55,279.95,1.15740740740741e-06,69.4885853363285,NA,NA,NA,1900-03-06,2014
CH1_2014,67,283.65,290.35,278.55,3.47222222222222e-05,187.340539180878,NA,NA,NA,1900-03-07,2014
CH1_2014,68,283.35,285.75,282.05,3.00925925925926e-05,70.4163604951594,NA,NA,NA,1900-03-08,2014
CH1_2014,69,283.85,289.75,279.65,0,138.501407627443,NA,NA,NA,1900-03-09,2014
CH1_2014,70,285.75,290.35,282.65,0,89.8551369781922,NA,NA,NA,1900-03-10,2014
CH1_2014,71,287.25,292.15,284.65,0,71.7990071836249,NA,NA,NA,1900-03-11,2014
CH1_2014,72,283.55,286.55,282.05,4.05092592592593e-05,72.2568184966418,NA,NA,NA,1900-03-12,2014
CH1_2014,73,285.45,292.75,280.35,4.16666666666667e-05,203.818883106349,NA,NA,NA,1900-03-13,2014
CH1_2014,74,286.15,291.85,283.45,0,151.495633128849,NA,NA,NA,1900-03-14,2014
CH1_2014,75,286.35,295.35,279.55,0,211.979851548902,NA,NA,NA,1900-03-15,2014
CH1_2014,76,286.75,291.95,281.95,0,74.0684528202682,NA,NA,NA,1900-03-16,2014
CH1_2014,77,291.95,299.75,287.05,0,182.190765108411,NA,NA,NA,1900-03-17,2014
CH1_2014,78,289.75,297.05,285.35,9.25925925925926e-06,178.239896438522,NA,NA,NA,1900-03-18,2014
CH1_2014,79,283.45,290.35,282.05,0.000300925925925926,75.4023490255948,NA,NA,NA,1900-03-19,2014
CH1_2014,80,282.55,285.25,281.15,0,75.8414821839143,NA,NA,NA,1900-03-20,2014
CH1_2014,81,283.05,285.95,280.85,0,76.2776376264402,NA,NA,NA,1900-03-21,2014
CH1_2014,82,285.05,289.65,282.15,0,96.029012797889,NA,NA,NA,1900-03-22,2014
CH1_2014,83,285.35,288.65,283.25,0,77.1404910050596,NA,NA,NA,1900-03-23,2014
CH1_2014,84,285.95,293.35,280.25,0,160.175570054642,NA,NA,NA,1900-03-24,2014
CH1_2014,85,287.05,293.45,281.25,0,149.471918566804,NA,NA,NA,1900-03-25,2014
CH1_2014,86,289.05,293.55,286.35,0,91.4437167630447,NA,NA,NA,1900-03-26,2014
CH1_2014,87,292.05,299.85,286.25,0,198.101518766546,NA,NA,NA,1900-03-27,2014
CH1_2014,88,289.55,294.35,287.95,1.15740740740741e-06,79.2366989384902,NA,NA,NA,1900-03-28,2014
CH1_2014,89,290.65,296.45,287.55,4.62962962962963e-06,119.073289103929,NA,NA,NA,1900-03-29,2014
CH1_2014,90,286.95,290.65,286.05,0.000255787037037037,80.0484047933357,NA,NA,NA,1900-03-30,2014
CH1_2014,91,287.55,294.45,283.55,4.97685185185185e-05,106.870417743719,NA,NA,NA,1900-03-31,2014
CH1_2014,92,288.45,296.15,281.95,0,186.796029128449,NA,NA,NA,1900-04-01,2014
CH1_2014,93,287.25,291.15,286.15,0.000290509259259259,81.2346733724109,NA,NA,NA,1900-04-02,2014
CH1_2014,94,287.95,291.95,284.85,3.35648148148148e-05,81.6213753087158,NA,NA,NA,1900-04-03,2014
CH1_2014,95,287.35,289.65,285.55,3.81944444444444e-05,82.0035701360699,NA,NA,NA,1900-04-04,2014
CH1_2014,96,289.85,295.85,285.55,0,212.713150372973,NA,NA,NA,1900-04-05,2014
CH1_2014,97,289.85,295.75,286.75,1.27314814814815e-05,146.385742129262,NA,NA,NA,1900-04-06,2014
CH1_2014,98,291.25,297.75,286.35,0,180.44666319671,NA,NA,NA,1900-04-07,2014
CH1_2014,99,292.55,298.85,287.95,8.10185185185185e-06,160.829692819484,NA,NA,NA,1900-04-08,2014
CH1_2014,100,290.05,293.45,289.45,3.7037037037037e-05,83.8441670810123,NA,NA,NA,1900-04-09,2014
CH1_2014,101,290.95,295.15,288.85,3.47222222222222e-06,84.1977057470668,NA,NA,NA,1900-04-10,2014
CH1_2014,102,293.45,299.45,289.25,1.38888888888889e-05,152.183209731981,NA,NA,NA,1900-04-11,2014
CH1_2014,103,295.85,302.15,291.55,1.15740740740741e-06,210.237934263225,NA,NA,NA,1900-04-12,2014
CH1_2014,104,294.05,298.65,291.75,2.31481481481481e-06,100.498885002382,NA,NA,NA,1900-04-13,2014
CH1_2014,105,292.85,294.85,291.15,4.62962962962963e-06,85.5611649315417,NA,NA,NA,1900-04-14,2014
CH1_2014,106,294.15,299.15,291.15,0,155.679029993285,NA,NA,NA,1900-04-15,2014
CH1_2014,107,295.05,299.65,292.25,0,122.011641645336,NA,NA,NA,1900-04-16,2014
CH1_2014,108,293.85,298.25,291.45,3.24074074074074e-05,86.5290988148358,NA,NA,NA,1900-04-17,2014
CH1_2014,109,293.25,298.35,289.25,0.000159722222222222,124.452021683108,NA,NA,NA,1900-04-18,2014
CH1_2014,110,291.65,293.75,290.45,0,87.147740777346,NA,NA,NA,1900-04-19,2014
CH1_2014,111,288.65,290.85,287.15,0.000194444444444444,87.4489454162531,NA,NA,NA,1900-04-20,2014
CH1_2014,112,291.45,297.25,287.25,0,166.685183600603,NA,NA,NA,1900-04-21,2014
CH1_2014,113,290.75,296.75,286.95,8.10185185185185e-06,112.088038558314,NA,NA,NA,1900-04-22,2014
CH1_2014,114,292.95,299.35,288.95,2.66203703703704e-05,124.438999187441,NA,NA,NA,1900-04-23,2014
CH1_2014,115,288.55,293.45,285.75,0.000418981481481481,88.5990749619951,NA,NA,NA,1900-04-24,2014
CH1_2014,116,290.95,297.45,285.85,1.15740740740741e-06,206.068090441571,NA,NA,NA,1900-04-25,2014
CH1_2014,117,289.75,292.85,287.75,3.47222222222222e-06,89.1410057586664,NA,NA,NA,1900-04-26,2014
CH1_2014,118,289.15,292.65,287.15,6.94444444444444e-06,89.403676814641,NA,NA,NA,1900-04-27,2014
CH1_2014,119,290.05,297.55,284.95,9.25925925925926e-05,169.150609362508,NA,NA,NA,1900-04-28,2014
CH1_2014,120,292.05,298.65,287.15,0,221.346295683915,NA,NA,NA,1900-04-29,2014
CH1_2014,121,291.95,294.35,289.85,0,90.158200709031,NA,NA,NA,1900-04-30,2014
CH1_2014,122,289.75,293.05,287.55,0.00012037037037037,90.398552424652,NA,NA,NA,1900-05-01,2014
CH1_2014,123,289.75,294.35,287.15,6.94444444444444e-06,106.230065715509,NA,NA,NA,1900-05-02,2014
CH1_2014,124,290.35,294.85,287.05,1.62037037037037e-05,90.8625230564783,NA,NA,NA,1900-05-03,2014
CH1_2014,125,291.55,298.35,286.35,0,216.003821751949,NA,NA,NA,1900-05-04,2014
CH1_2014,126,290.75,297.45,286.05,0,146.85156904629,NA,NA,NA,1900-05-05,2014
CH1_2014,127,293.15,299.55,287.75,0,239.13360378367,NA,NA,NA,1900-05-06,2014
CH1_2014,128,292.65,296.15,289.95,2.31481481481481e-06,91.7236539171177,NA,NA,NA,1900-05-07,2014
CH1_2014,129,291.55,294.95,289.55,2.66203703703704e-05,91.9250597494158,NA,NA,NA,1900-05-08,2014
CH1_2014,130,290.55,293.75,288.95,0.000162037037037037,92.1209619827578,NA,NA,NA,1900-05-09,2014
CH1_2014,131,292.75,297.95,289.05,1.96759259259259e-05,196.66677187175,NA,NA,NA,1900-05-10,2014
CH1_2014,132,293.25,298.25,290.25,0,113.373195236378,NA,NA,NA,1900-05-11,2014
CH1_2014,133,293.05,297.55,290.75,0,92.6756929158169,NA,NA,NA,1900-05-12,2014
CH1_2014,134,293.05,296.95,290.25,3.58796296296296e-05,92.8496916437973,NA,NA,NA,1900-05-13,2014
CH1_2014,135,289.55,293.15,287.35,0.000107638888888889,93.0182487914039,NA,NA,NA,1900-05-14,2014
CH1_2014,136,291.95,297.95,288.35,0,173.273548735152,NA,NA,NA,1900-05-15,2014
CH1_2014,137,294.65,300.75,289.45,0,260.50876486154,NA,NA,NA,1900-05-16,2014
CH1_2014,138,295.25,301.05,290.55,1.62037037037037e-05,191.016596417347,NA,NA,NA,1900-05-17,2014
CH1_2014,139,293.55,298.45,291.25,0.000273148148148148,112.796687009034,NA,NA,NA,1900-05-18,2014
CH1_2014,140,294.65,298.45,292.65,0,93.7803909342789,NA,NA,NA,1900-05-19,2014
CH1_2014,141,293.05,299.15,289.55,0.000165509259259259,167.070804261863,NA,NA,NA,1900-05-20,2014
CH1_2014,142,294.55,297.75,292.65,0,94.0481076027954,NA,NA,NA,1900-05-21,2014
CH1_2014,143,295.75,301.55,292.25,0,184.743741585614,NA,NA,NA,1900-05-22,2014
CH1_2014,144,296.65,302.95,293.15,0.000112268518518519,132.611274971113,NA,NA,NA,1900-05-23,2014
CH1_2014,145,292.35,295.65,291.15,0.000238425925925926,94.4105545696405,NA,NA,NA,1900-05-24,2014
CH1_2014,146,294.95,300.75,290.75,0,171.143214907002,NA,NA,NA,1900-05-25,2014
CH1_2014,147,296.05,302.05,292.65,0,94.6264065921402,NA,NA,NA,1900-05-26,2014
CH1_2014,148,295.55,301.45,292.55,5.78703703703704e-06,223.565348150243,NA,NA,NA,1900-05-27,2014
CH1_2014,149,295.95,300.65,292.65,0,94.8219006734731,NA,NA,NA,1900-05-28,2014
CH1_2014,150,297.75,303.55,293.65,0,192.386576107877,NA,NA,NA,1900-05-29,2014
CH1_2014,151,298.65,304.45,294.05,0,235.966479422469,NA,NA,NA,1900-05-30,2014
CH1_2014,152,299.85,305.75,295.45,0,244.724990192254,NA,NA,NA,1900-05-31,2014
CH1_2014,153,298.75,302.85,296.95,0,95.1527815984293,NA,NA,NA,1900-06-01,2014
CH1_2014,154,296.75,299.65,295.95,2.08333333333333e-05,95.2231213848434,NA,NA,NA,1900-06-02,2014
CH1_2014,155,294.85,295.95,293.75,0.000541666666666667,95.2885590079365,NA,NA,NA,1900-06-03,2014
CH1_2014,156,296.75,302.45,293.25,1.15740740740741e-06,144.036857930356,NA,NA,NA,1900-06-04,2014
CH1_2014,157,296.65,302.15,293.05,2.43055555555556e-05,118.005514397966,NA,NA,NA,1900-06-05,2014
CH1_2014,158,298.75,304.15,295.25,0,239.723227777183,NA,NA,NA,1900-06-06,2014
CH1_2014,159,295.45,298.85,293.35,4.39814814814815e-05,95.501975197176,NA,NA,NA,1900-06-07,2014
CH1_2014,160,294.85,296.55,291.95,1.96759259259259e-05,95.5433338286733,NA,NA,NA,1900-06-08,2014
CH1_2014,161,294.05,297.35,291.15,4.97685185185185e-05,95.5799588093454,NA,NA,NA,1900-06-09,2014
CH1_2014,162,293.55,295.25,292.45,2.31481481481481e-06,95.6118699412896,NA,NA,NA,1900-06-10,2014
CH1_2014,163,291.75,292.95,290.65,1.96759259259259e-05,95.6390618570714,NA,NA,NA,1900-06-11,2014
CH1_2014,164,291.25,294.25,289.75,6.71296296296296e-05,95.6615484026432,NA,NA,NA,1900-06-12,2014
CH1_2014,165,292.85,296.25,290.15,6.13425925925926e-05,95.6794149781362,NA,NA,NA,1900-06-13,2014
CH1_2014,166,294.45,297.25,291.85,0,95.692582763671,NA,NA,NA,1900-06-14,2014
CH1_2014,167,296.85,303.05,292.65,1.04166666666667e-05,151.217441535931,NA,NA,NA,1900-06-15,2014
CH1_2014,168,298.15,303.95,293.05,0,204.979911580479,NA,NA,NA,1900-06-16,2014
CH1_2014,169,299.25,304.75,294.85,0,163.336722017669,NA,NA,NA,1900-06-17,2014
CH1_2014,170,296.05,300.95,294.35,0.000659722222222222,95.6992262336397,NA,NA,NA,1900-06-18,2014
CH1_2014,171,295.05,300.45,291.85,6.59722222222222e-05,95.6894180158778,NA,NA,NA,1900-06-19,2014
CH1_2014,172,296.65,304.55,291.05,9.72222222222222e-05,213.52625783824,NA,NA,NA,1900-06-20,2014
CH1_2014,173,296.95,303.05,293.75,2.77777777777778e-05,107.785454148884,NA,NA,NA,1900-06-21,2014
CH1_2014,174,293.75,296.35,291.85,0.000193287037037037,95.6326358558637,NA,NA,NA,1900-06-22,2014
CH1_2014,175,293.25,296.55,291.65,3.24074074074074e-05,95.6046187981854,NA,NA,NA,1900-06-23,2014
CH1_2014,176,295.15,299.75,292.05,8.21759259259259e-05,95.5720605210013,NA,NA,NA,1900-06-24,2014
CH1_2014,177,297.75,302.95,294.85,0,173.449699854339,NA,NA,NA,1900-06-25,2014
CH1_2014,178,297.55,301.85,295.35,1.38888888888889e-05,95.4934258975786,NA,NA,NA,1900-06-26,2014
CH1_2014,179,297.05,301.15,295.25,1.96759259259259e-05,95.4472929492592,NA,NA,NA,1900-06-27,2014
CH1_2014,180,295.55,299.25,293.15,0.000179398148148148,95.3966971892112,NA,NA,NA,1900-06-28,2014
CH1_2014,181,295.25,297.95,293.55,8.10185185185185e-06,95.3415349265495,NA,NA,NA,1900-06-29,2014
CH1_2014,182,295.35,300.55,291.35,6.36574074074074e-05,185.235033929732,NA,NA,NA,1900-06-30,2014
CH1_2014,183,298.25,303.55,294.55,0,198.991373243701,NA,NA,NA,1900-07-01,2014
CH1_2014,184,296.65,300.75,294.75,3.93518518518519e-05,95.1490247139869,NA,NA,NA,1900-07-02,2014
CH1_2014,185,299.45,305.35,294.55,0,269.699415929849,NA,NA,NA,1900-07-03,2014
CH1_2014,186,298.25,303.35,296.25,0,94.9980720068308,NA,NA,NA,1900-07-04,2014
CH1_2014,187,298.15,301.15,295.75,0,94.9157979580503,NA,NA,NA,1900-07-05,2014
CH1_2014,188,296.25,298.95,295.15,0.000101851851851852,94.8289793563004,NA,NA,NA,1900-07-06,2014
CH1_2014,189,298.85,305.25,294.95,0,162.117667887868,NA,NA,NA,1900-07-07,2014
CH1_2014,190,298.85,301.85,297.15,1.15740740740741e-06,94.6416765624729,NA,NA,NA,1900-07-08,2014
CH1_2014,191,295.25,298.55,294.55,0.000329861111111111,94.5412077248657,NA,NA,NA,1900-07-09,2014
CH1_2014,192,296.85,301.95,292.95,3.47222222222222e-05,94.4361550802312,NA,NA,NA,1900-07-10,2014
CH1_2014,193,296.85,301.95,293.15,0.000131944444444444,161.65384851113,NA,NA,NA,1900-07-11,2014
CH1_2014,194,299.55,305.55,295.25,0,253.002276610975,NA,NA,NA,1900-07-12,2014
CH1_2014,195,296.55,301.35,293.55,9.49074074074074e-05,130.33103835153,NA,NA,NA,1900-07-13,2014
CH1_2014,196,297.25,301.45,294.55,0,93.9699259754501,NA,NA,NA,1900-07-14,2014
CH1_2014,197,298.25,304.15,293.65,0,240.449779305733,NA,NA,NA,1900-07-15,2014
CH1_2014,198,299.65,306.15,294.65,0,228.210048741691,NA,NA,NA,1900-07-16,2014
CH1_2014,199,299.15,304.85,295.75,0,134.945792228389,NA,NA,NA,1900-07-17,2014
CH1_2014,200,296.45,300.55,295.45,6.59722222222222e-05,93.4295808531734,NA,NA,NA,1900-07-18,2014
CH1_2014,201,297.05,300.95,295.35,8.7962962962963e-05,93.2828094306675,NA,NA,NA,1900-07-19,2014
CH1_2014,202,299.65,305.95,296.15,4.39814814814815e-05,218.869250064139,NA,NA,NA,1900-07-20,2014
CH1_2014,203,300.75,308.15,296.15,2.66203703703704e-05,249.666995217821,NA,NA,NA,1900-07-21,2014
CH1_2014,204,301.45,308.35,297.25,0,235.682954735278,NA,NA,NA,1900-07-22,2014
CH1_2014,205,298.55,306.05,294.35,0.000234953703703704,176.962859330903,NA,NA,NA,1900-07-23,2014
CH1_2014,206,301.15,307.05,295.95,0,274.804141462193,NA,NA,NA,1900-07-24,2014
CH1_2014,207,301.15,307.85,296.85,0,231.5724943014,NA,NA,NA,1900-07-25,2014
CH1_2014,208,301.05,307.35,297.55,0,162.588037854588,NA,NA,NA,1900-07-26,2014
CH1_2014,209,301.55,307.55,298.25,0,167.525969932037,NA,NA,NA,1900-07-27,2014
CH1_2014,210,300.45,308.35,297.45,1.15740740740741e-05,177.603907740946,NA,NA,NA,1900-07-28,2014
CH1_2014,211,301.35,308.15,298.15,3.93518518518519e-05,119.014434118506,NA,NA,NA,1900-07-29,2014
CH1_2014,212,296.75,300.45,296.05,0.00132060185185185,91.3549663520778,NA,NA,NA,1900-07-30,2014
CH1_2014,213,297.05,303.25,295.15,0.000762731481481482,151.156300437773,NA,NA,NA,1900-07-31,2014
CH1_2014,214,300.65,307.45,296.05,0,221.164616188528,NA,NA,NA,1900-08-01,2014
CH1_2014,215,300.65,306.25,297.65,0,136.963495160138,NA,NA,NA,1900-08-02,2014
CH1_2014,216,297.65,301.75,295.75,0.00150231481481482,90.5095185166148,NA,NA,NA,1900-08-03,2014
CH1_2014,217,300.05,305.85,295.85,0.0001875,156.983181903117,NA,NA,NA,1900-08-04,2014
CH1_2014,218,301.05,306.25,297.95,0,158.41681091617,NA,NA,NA,1900-08-05,2014
CH1_2014,219,299.15,303.15,297.05,1.38888888888889e-05,122.270985651575,NA,NA,NA,1900-08-06,2014
CH1_2014,220,297.55,299.95,296.35,1.62037037037037e-05,89.5861080597042,NA,NA,NA,1900-08-07,2014
CH1_2014,221,295.65,297.35,294.55,0.000267361111111111,89.3430785105502,NA,NA,NA,1900-08-08,2014
CH1_2014,222,297.95,303.55,294.45,1.15740740740741e-06,145.312649022213,NA,NA,NA,1900-08-09,2014
CH1_2014,223,296.65,299.25,295.15,0.000184027777777778,88.8423057493809,NA,NA,NA,1900-08-10,2014
CH1_2014,224,296.65,298.95,295.45,2.31481481481481e-06,88.5846006545643,NA,NA,NA,1900-08-11,2014
CH1_2014,225,298.65,306.15,294.95,0,203.840954517334,NA,NA,NA,1900-08-12,2014
CH1_2014,226,299.05,305.85,295.65,0,218.730049531715,NA,NA,NA,1900-08-13,2014
CH1_2014,227,297.65,299.55,296.25,0,87.7822764156753,NA,NA,NA,1900-08-14,2014
CH1_2014,228,297.35,301.95,294.55,0,117.986579957329,NA,NA,NA,1900-08-15,2014
CH1_2014,229,294.95,297.15,294.05,5.32407407407407e-05,87.2231530772795,NA,NA,NA,1900-08-16,2014
CH1_2014,230,295.35,300.85,292.85,0.000341435185185185,93.6941425624266,NA,NA,NA,1900-08-17,2014
CH1_2014,231,299.05,305.05,295.05,0,216.570158682909,NA,NA,NA,1900-08-18,2014
CH1_2014,232,296.65,301.35,295.25,0.000171296296296296,103.199977307546,NA,NA,NA,1900-08-19,2014
CH1_2014,233,293.35,295.25,292.25,0.000892361111111111,86.0472550909161,NA,NA,NA,1900-08-20,2014
CH1_2014,234,293.15,297.15,290.75,0.000200231481481481,85.7414001612428,NA,NA,NA,1900-08-21,2014
CH1_2014,235,296.25,303.55,292.15,6.94444444444444e-06,172.693501285271,NA,NA,NA,1900-08-22,2014
CH1_2014,236,296.55,300.35,293.55,0,103.547368656156,NA,NA,NA,1900-08-23,2014
CH1_2014,237,295.45,298.95,293.85,1.50462962962963e-05,84.7956792579242,NA,NA,NA,1900-08-24,2014
CH1_2014,238,292.45,294.55,291.45,0.000342592592592593,84.4711712704099,NA,NA,NA,1900-08-25,2014
CH1_2014,239,294.45,300.55,291.35,0.000162037037037037,130.834107897905,NA,NA,NA,1900-08-26,2014
CH1_2014,240,295.95,301.75,293.05,5.78703703703704e-06,233.632944705914,NA,NA,NA,1900-08-27,2014
CH1_2014,241,294.85,298.95,292.25,0,83.4704299721864,NA,NA,NA,1900-08-28,2014
CH1_2014,242,295.65,300.05,293.25,5.78703703703704e-06,83.1278957797603,NA,NA,NA,1900-08-29,2014
CH1_2014,243,298.95,304.85,295.35,0,139.072012756432,NA,NA,NA,1900-08-30,2014
CH1_2014,244,294.55,298.15,293.95,0.000118055555555556,82.429686878836,NA,NA,NA,1900-08-31,2014
CH1_2014,245,295.15,299.05,293.25,5.78703703703704e-06,82.0741185138087,NA,NA,NA,1900-09-01,2014
CH1_2014,246,294.55,297.15,293.35,1.15740740740741e-06,81.7143164936843,NA,NA,NA,1900-09-02,2014
CH1_2014,247,295.25,301.85,290.55,1.15740740740741e-06,214.371396424651,NA,NA,NA,1900-09-03,2014
CH1_2014,248,295.75,301.05,293.65,0,97.3688892865064,NA,NA,NA,1900-09-04,2014
CH1_2014,249,295.45,298.95,293.45,0,90.420131748318,NA,NA,NA,1900-09-05,2014
CH1_2014,250,295.05,298.65,293.25,1.85185185185185e-05,80.2340227729104,NA,NA,NA,1900-09-06,2014
CH1_2014,251,297.55,302.85,294.15,1.15740740740741e-06,118.911721009515,NA,NA,NA,1900-09-07,2014
CH1_2014,252,295.95,298.05,295.05,7.06018518518518e-05,79.4701838837256,NA,NA,NA,1900-09-08,2014
CH1_2014,253,298.15,303.35,294.95,4.62962962962963e-06,111.471540765954,NA,NA,NA,1900-09-09,2014
CH1_2014,254,298.15,303.65,295.45,6.94444444444444e-06,143.304698316348,NA,NA,NA,1900-09-10,2014
CH1_2014,255,298.05,303.65,293.65,0.000295138888888889,142.741768946576,NA,NA,NA,1900-09-11,2014
CH1_2014,256,296.25,298.35,295.35,2.31481481481481e-06,77.8981997306936,NA,NA,NA,1900-09-12,2014
CH1_2014,257,293.45,295.45,292.25,6.13425925925926e-05,77.4964719742987,NA,NA,NA,1900-09-13,2014
CH1_2014,258,293.75,296.25,292.05,3.47222222222222e-06,77.091435136864,NA,NA,NA,1900-09-14,2014
CH1_2014,259,293.05,295.55,291.45,4.39814814814815e-05,76.6831865570046,NA,NA,NA,1900-09-15,2014
CH1_2014,260,291.95,294.95,290.55,4.74537037037037e-05,76.2718267400935,NA,NA,NA,1900-09-16,2014
CH1_2014,261,294.15,298.95,290.75,2.31481481481481e-05,128.132076696032,NA,NA,NA,1900-09-17,2014
CH1_2014,262,295.15,301.15,291.15,0,159.141620056921,NA,NA,NA,1900-09-18,2014
CH1_2014,263,294.45,297.75,292.95,1.62037037037037e-05,75.0201323439256,NA,NA,NA,1900-09-19,2014
CH1_2014,264,293.35,294.15,292.75,0.000275462962962963,74.597395806829,NA,NA,NA,1900-09-20,2014
CH1_2014,265,292.05,293.15,290.65,0.00034837962962963,74.1720978542418,NA,NA,NA,1900-09-21,2014
CH1_2014,266,289.65,290.75,288.95,0.000165509259259259,73.7443578221676,NA,NA,NA,1900-09-22,2014
CH1_2014,267,293.05,299.55,288.85,4.97685185185185e-05,172.771851986682,NA,NA,NA,1900-09-23,2014
CH1_2014,268,293.25,297.15,291.15,1.15740740740741e-06,83.7232373789749,NA,NA,NA,1900-09-24,2014
CH1_2014,269,293.85,298.65,291.95,0,98.6852783655155,NA,NA,NA,1900-09-25,2014
CH1_2014,270,293.05,297.15,290.65,4.39814814814815e-05,72.0114708320715,NA,NA,NA,1900-09-26,2014
CH1_2014,271,294.05,300.75,290.25,0,111.417322775001,NA,NA,NA,1900-09-27,2014
CH1_2014,272,296.25,301.95,293.65,0,159.693343233358,NA,NA,NA,1900-09-28,2014
CH1_2014,273,293.85,296.35,292.05,1.38888888888889e-05,70.6924630501162,NA,NA,NA,1900-09-29,2014
CH1_2014,274,293.75,296.65,291.45,1.15740740740741e-06,70.2498457242633,NA,NA,NA,1900-09-30,2014
CH1_2014,275,295.25,300.95,291.95,0,184.550566364113,NA,NA,NA,1900-10-01,2014
CH1_2014,276,293.55,296.85,292.25,1.04166666666667e-05,69.3610597201407,NA,NA,NA,1900-10-02,2014
CH1_2014,277,294.65,301.35,291.35,6.01851851851852e-05,142.321965641775,NA,NA,NA,1900-10-03,2014
CH1_2014,278,295.25,302.25,292.15,0,172.919982531175,NA,NA,NA,1900-10-04,2014
CH1_2014,279,294.75,300.55,291.15,0,140.843920469553,NA,NA,NA,1900-10-05,2014
CH1_2014,280,294.25,298.15,292.45,4.62962962962963e-06,67.5735336595047,NA,NA,NA,1900-10-06,2014
CH1_2014,281,292.15,293.35,291.35,3.58796296296296e-05,67.1254937881254,NA,NA,NA,1900-10-07,2014
CH1_2014,282,293.15,296.75,291.35,0,66.6773141035544,NA,NA,NA,1900-10-08,2014
CH1_2014,283,291.55,293.15,290.75,1.96759259259259e-05,66.2291603597441,NA,NA,NA,1900-10-09,2014
CH1_2014,284,289.25,290.75,288.05,0.000472222222222222,65.7812004549697,NA,NA,NA,1900-10-10,2014
CH1_2014,285,287.25,288.15,286.35,0.000149305555555556,65.3336134460558,NA,NA,NA,1900-10-11,2014
CH1_2014,286,286.85,290.25,284.85,3.47222222222222e-06,64.8865774418551,NA,NA,NA,1900-10-12,2014
CH1_2014,287,287.95,292.45,285.55,0,83.1173695104389,NA,NA,NA,1900-10-13,2014
CH1_2014,288,287.25,289.15,286.65,2.08333333333333e-05,63.9948178841538,NA,NA,NA,1900-10-14,2014
CH1_2014,289,288.45,292.85,286.25,7.52314814814815e-05,63.5504473027212,NA,NA,NA,1900-10-15,2014
CH1_2014,290,289.55,294.45,287.25,2.66203703703704e-05,75.8658804755873,NA,NA,NA,1900-10-16,2014
CH1_2014,291,290.15,294.95,288.05,4.62962962962963e-06,88.0675318063269,NA,NA,NA,1900-10-17,2014
CH1_2014,292,290.35,293.45,288.45,0.000112268518518519,62.2255223096307,NA,NA,NA,1900-10-18,2014
CH1_2014,293,292.15,298.45,287.55,0,127.511062640773,NA,NA,NA,1900-10-19,2014
CH1_2014,294,293.25,299.15,289.85,3.47222222222222e-05,153.219541623128,NA,NA,NA,1900-10-20,2014
CH1_2014,295,291.55,293.35,290.75,1.15740740740741e-06,60.9168443549132,NA,NA,NA,1900-10-21,2014
CH1_2014,296,291.75,297.95,288.45,1.15740740740741e-06,177.706829882021,NA,NA,NA,1900-10-22,2014
CH1_2014,297,290.95,293.45,289.25,1.15740740740741e-05,60.0558379505609,NA,NA,NA,1900-10-23,2014
CH1_2014,298,290.15,294.05,287.05,0,74.6578891513513,NA,NA,NA,1900-10-24,2014
CH1_2014,299,291.25,293.35,290.15,0,59.2058360039797,NA,NA,NA,1900-10-25,2014
CH1_2014,300,289.95,291.25,289.55,0.000173611111111111,58.7853881800435,NA,NA,NA,1900-10-26,2014
CH1_2014,301,290.75,293.95,288.95,0,66.450577609598,NA,NA,NA,1900-10-27,2014
CH1_2014,302,289.35,290.95,288.65,0.000144675925925926,57.9546906989828,NA,NA,NA,1900-10-28,2014
CH1_2014,303,289.15,291.35,287.85,6.8287037037037e-05,57.5447530433853,NA,NA,NA,1900-10-29,2014
CH1_2014,304,287.85,289.35,286.85,3.7037037037037e-05,57.1387648751669,NA,NA,NA,1900-10-30,2014
CH1_2014,305,285.95,287.35,284.45,3.93518518518519e-05,56.7368173652803,NA,NA,NA,1900-10-31,2014
CH1_2014,306,285.35,288.75,283.25,1.73611111111111e-05,56.3391663756888,NA,NA,NA,1900-11-01,2014
CH1_2014,307,286.85,292.65,283.05,0,144.986849569756,NA,NA,NA,1900-11-02,2014
CH1_2014,308,286.25,288.15,284.85,0,55.5574414387866,NA,NA,NA,1900-11-03,2014
CH1_2014,309,286.85,289.75,284.95,0,55.1737532059402,NA,NA,NA,1900-11-04,2014
CH1_2014,310,288.15,292.95,285.65,2.31481481481481e-06,72.8719216588661,NA,NA,NA,1900-11-05,2014
CH1_2014,311,286.35,288.15,285.45,0.000119212962962963,54.421681270667,NA,NA,NA,1900-11-06,2014
CH1_2014,312,285.55,286.95,284.65,9.25925925925926e-06,54.0537112591907,NA,NA,NA,1900-11-07,2014
CH1_2014,313,284.45,285.95,283.65,2.66203703703704e-05,53.6913131862783,NA,NA,NA,1900-11-08,2014
CH1_2014,314,284.05,284.65,283.65,5.55555555555556e-05,53.3346919624811,NA,NA,NA,1900-11-09,2014
CH1_2014,315,285.95,289.45,283.75,2.31481481481481e-06,52.9840841173344,NA,NA,NA,1900-11-10,2014
CH1_2014,316,285.55,287.65,284.45,0,52.6396145813513,NA,NA,NA,1900-11-11,2014
CH1_2014,317,285.65,291.25,282.25,3.7037037037037e-05,114.849667408249,NA,NA,NA,1900-11-12,2014
CH1_2014,318,284.55,286.85,283.65,8.10185185185185e-06,51.9698346205875,NA,NA,NA,1900-11-13,2014
CH1_2014,319,285.35,288.95,283.25,3.93518518518519e-05,51.6448946501316,NA,NA,NA,1900-11-14,2014
CH1_2014,320,284.65,286.55,283.35,1.85185185185185e-05,51.3268355492163,NA,NA,NA,1900-11-15,2014
CH1_2014,321,283.85,286.35,282.55,6.8287037037037e-05,51.0158075158467,NA,NA,NA,1900-11-16,2014
CH1_2014,322,283.85,285.65,283.05,3.47222222222222e-06,50.7119804057089,NA,NA,NA,1900-11-17,2014
CH1_2014,323,283.25,284.85,281.95,6.94444444444444e-06,50.4155199653662,NA,NA,NA,1900-11-18,2014
CH1_2014,324,283.15,284.15,282.75,1.04166666666667e-05,50.1265907101262,NA,NA,NA,1900-11-19,2014
CH1_2014,325,283.65,285.85,282.85,1.04166666666667e-05,49.8453774214532,NA,NA,NA,1900-11-20,2014
CH1_2014,326,284.75,289.15,282.35,1.85185185185185e-05,49.5720121377931,NA,NA,NA,1900-11-21,2014
CH1_2014,327,284.75,286.45,283.35,3.24074074074074e-05,49.3066429969571,NA,NA,NA,1900-11-22,2014
CH1_2014,328,284.85,287.45,283.55,0,49.0494119208559,NA,NA,NA,1900-11-23,2014
CH1_2014,329,284.55,287.55,282.85,0,48.8005028428199,NA,NA,NA,1900-11-24,2014
CH1_2014,330,283.35,284.25,282.55,1.27314814814815e-05,48.5600395681087,NA,NA,NA,1900-11-25,2014
CH1_2014,331,285.65,291.55,282.15,1.15740740740741e-05,111.125812329416,NA,NA,NA,1900-11-26,2014
CH1_2014,332,284.95,288.05,283.35,4.28240740740741e-05,48.1049734610877,NA,NA,NA,1900-11-27,2014
CH1_2014,333,285.25,288.45,283.15,5.78703703703704e-06,47.8906235170891,NA,NA,NA,1900-11-28,2014
CH1_2014,334,285.75,289.05,284.25,5.78703703703704e-06,47.6852802429391,NA,NA,NA,1900-11-29,2014
CH1_2014,335,282.55,286.25,281.25,4.05092592592593e-05,47.4890172405291,NA,NA,NA,1900-11-30,2014
CH1_2014,336,283.45,286.85,281.85,0,62.4787366694573,NA,NA,NA,1900-12-01,2014
CH1_2014,337,282.05,283.75,281.35,8.7962962962963e-05,47.1242123255403,NA,NA,NA,1900-12-02,2014
CH1_2014,338,281.85,283.95,280.55,0,46.9559180105161,NA,NA,NA,1900-12-03,2014
CH1_2014,339,283.55,289.05,280.45,0,98.9452424215846,NA,NA,NA,1900-12-04,2014
CH1_2014,340,282.25,284.25,281.35,1.50462962962963e-05,46.6480029744354,NA,NA,NA,1900-12-05,2014
CH1_2014,341,282.65,285.95,281.05,1.38888888888889e-05,46.5085772754768,NA,NA,NA,1900-12-06,2014
CH1_2014,342,280.35,282.65,278.35,0,46.3789562172249,NA,NA,NA,1900-12-07,2014
CH1_2014,343,280.85,282.45,280.05,2.31481481481481e-05,46.2592171332478,NA,NA,NA,1900-12-08,2014
CH1_2014,344,279.25,281.25,277.85,0.000123842592592593,46.1494502238335,NA,NA,NA,1900-12-09,2014
CH1_2014,345,278.15,280.85,276.35,8.10185185185185e-06,46.0497414380931,NA,NA,NA,1900-12-10,2014
CH1_2014,346,279.25,284.45,275.85,0,94.034025736228,NA,NA,NA,1900-12-11,2014
CH1_2014,347,280.15,283.55,278.05,0,45.880637544113,NA,NA,NA,1900-12-12,2014
CH1_2014,348,280.25,282.35,278.95,0,45.8113990191457,NA,NA,NA,1900-12-13,2014
CH1_2014,349,280.55,284.15,278.25,2.43055555555556e-05,45.7524014846084,NA,NA,NA,1900-12-14,2014
CH1_2014,350,278.85,282.05,276.95,1.62037037037037e-05,45.7037173838056,NA,NA,NA,1900-12-15,2014
CH1_2014,351,278.85,282.75,275.25,0,68.4600806598191,NA,NA,NA,1900-12-16,2014
CH1_2014,352,278.75,284.15,277.35,0,72.980678718273,NA,NA,NA,1900-12-17,2014
CH1_2014,353,277.85,285.55,273.55,0,107.128755853779,NA,NA,NA,1900-12-18,2014
CH1_2014,354,278.45,280.35,276.45,2.31481481481481e-06,45.6126508898458,NA,NA,NA,1900-12-19,2014
CH1_2014,355,280.05,285.35,276.55,0,115.101604979968,NA,NA,NA,1900-12-20,2014
CH1_2014,356,278.65,280.05,277.75,0,45.6296173800902,NA,NA,NA,1900-12-21,2014
CH1_2014,357,280.55,287.35,277.45,0,80.990715761159,NA,NA,NA,1900-12-22,2014
CH1_2014,358,278.25,281.35,275.25,0,45.6883360756637,NA,NA,NA,1900-12-23,2014
CH1_2014,359,282.35,286.35,279.55,0,45.7333227878896,NA,NA,NA,1900-12-24,2014
CH1_2014,360,279.95,282.85,279.45,2.31481481481481e-05,45.7886907073349,NA,NA,NA,1900-12-25,2014
CH1_2014,361,281.05,285.35,279.55,1.27314814814815e-05,56.1476607918292,NA,NA,NA,1900-12-26,2014
CH1_2014,362,282.55,290.35,278.75,0,119.216561395182,NA,NA,NA,1900-12-27,2014
CH1_2014,363,279.25,285.05,275.65,0,106.790853397887,NA,NA,NA,1900-12-28,2014
CH1_2014,364,280.35,285.45,277.85,0,75.9731081316972,NA,NA,NA,1900-12-29,2014
CH1_2014,365,282.85,289.05,277.25,0,110.641971884838,NA,NA,NA,1900-12-30,2014
CH1_2015,1,281.65,284.45,279.65,0,46.3376098405703,NA,NA,NA,1899-12-31,2015
CH1_2015,2,280.35,284.25,278.65,0,46.4647947930836,NA,NA,NA,1900-01-01,2015
CH1_2015,3,279.05,284.65,275.15,0,46.6020308541619,NA,NA,NA,1900-01-02,2015
CH1_2015,4,279.75,281.25,279.25,0,46.7492332415761,NA,NA,NA,1900-01-03,2015
CH1_2015,5,281.15,282.95,278.95,0,46.9063298637011,NA,NA,NA,1900-01-04,2015
CH1_2015,6,280.35,283.75,278.85,0,47.0732401161633,NA,NA,NA,1900-01-05,2015
CH1_2015,7,280.55,283.75,279.05,1.15740740740741e-06,47.2498750550436,NA,NA,NA,1900-01-06,2015
CH1_2015,8,279.65,280.65,279.25,3.125e-05,47.4361375821682,NA,NA,NA,1900-01-07,2015
CH1_2015,9,281.45,286.45,279.35,0,73.4949313477767,NA,NA,NA,1900-01-08,2015
CH1_2015,10,279.75,282.55,277.25,0,47.8372057229496,NA,NA,NA,1900-01-09,2015
CH1_2015,11,281.05,283.65,278.85,0,48.0517706004597,NA,NA,NA,1900-01-10,2015
CH1_2015,12,279.65,282.45,277.05,0,48.2755333009988,NA,NA,NA,1900-01-11,2015
CH1_2015,13,280.85,283.05,279.25,0,48.5084232239945,NA,NA,NA,1900-01-12,2015
CH1_2015,14,281.05,283.25,280.05,3.47222222222222e-06,48.7502359033957,NA,NA,NA,1900-01-13,2015
CH1_2015,15,280.25,281.45,279.65,1.96759259259259e-05,49.000938241934,NA,NA,NA,1900-01-14,2015
CH1_2015,16,282.45,287.55,279.65,2.31481481481481e-06,49.2603137613162,NA,NA,NA,1900-01-15,2015
CH1_2015,17,282.45,285.75,280.85,3.47222222222222e-06,49.5282618191733,NA,NA,NA,1900-01-16,2015
CH1_2015,18,281.95,285.55,280.15,4.51388888888889e-05,55.8720928369041,NA,NA,NA,1900-01-17,2015
CH1_2015,19,281.45,286.05,279.75,0,65.9283327664698,NA,NA,NA,1900-01-18,2015
CH1_2015,20,282.35,285.55,280.25,1.50462962962963e-05,50.3821081573671,NA,NA,NA,1900-01-19,2015
CH1_2015,21,283.75,289.95,280.15,0,134.224463994223,NA,NA,NA,1900-01-20,2015
CH1_2015,22,281.95,285.95,278.65,0,50.9914698925074,NA,NA,NA,1900-01-21,2015
CH1_2015,23,283.15,286.45,281.35,0,51.3077259297287,NA,NA,NA,1900-01-22,2015
CH1_2015,24,283.35,286.25,281.75,0,51.6314698069859,NA,NA,NA,1900-01-23,2015
CH1_2015,25,285.45,289.45,282.45,0,69.4662198386574,NA,NA,NA,1900-01-24,2015
CH1_2015,26,284.55,286.55,283.15,0,52.3007429910816,NA,NA,NA,1900-01-25,2015
CH1_2015,27,283.05,284.55,281.75,1.27314814814815e-05,52.6459458291531,NA,NA,NA,1900-01-26,2015
CH1_2015,28,280.05,281.85,279.25,2.08333333333333e-05,52.9979521381531,NA,NA,NA,1900-01-27,2015
CH1_2015,29,277.95,279.35,276.35,4.51388888888889e-05,53.3565707392593,NA,NA,NA,1900-01-28,2015
CH1_2015,30,277.35,278.35,276.65,2.31481481481481e-06,53.721612637598,NA,NA,NA,1900-01-29,2015
CH1_2015,31,276.85,279.05,275.45,3.47222222222222e-06,54.0928855284445,NA,NA,NA,1900-01-30,2015
CH1_2015,32,277.15,279.25,276.05,0,54.4702593759142,NA,NA,NA,1900-01-31,2015
CH1_2015,33,277.65,279.15,276.85,5.78703703703704e-06,54.8534905347557,NA,NA,NA,1900-02-01,2015
CH1_2015,34,278.55,280.55,277.45,8.10185185185185e-06,55.2423669505081,NA,NA,NA,1900-02-02,2015
CH1_2015,35,280.35,286.45,276.95,0,110.70016944661,NA,NA,NA,1900-02-03,2015
CH1_2015,36,280.15,284.15,278.35,9.25925925925926e-06,70.5289844237856,NA,NA,NA,1900-02-04,2015
CH1_2015,37,280.15,283.75,278.55,0,56.4412155380138,NA,NA,NA,1900-02-05,2015
CH1_2015,38,279.65,284.55,277.95,1.73611111111111e-05,66.1650983744232,NA,NA,NA,1900-02-06,2015
CH1_2015,39,280.65,284.05,278.05,0,57.2652228983124,NA,NA,NA,1900-02-07,2015
CH1_2015,40,279.75,282.05,278.35,0,57.6840550102344,NA,NA,NA,1900-02-08,2015
CH1_2015,41,280.05,282.75,278.35,0,58.1071977106502,NA,NA,NA,1900-02-09,2015
CH1_2015,42,282.65,291.05,278.05,0,160.333239049991,NA,NA,NA,1900-02-10,2015
CH1_2015,43,282.85,289.75,277.55,0,154.45107394174,NA,NA,NA,1900-02-11,2015
CH1_2015,44,286.35,292.15,282.05,0,159.473383772009,NA,NA,NA,1900-02-12,2015
CH1_2015,45,284.05,290.15,279.25,0,59.8385275865962,NA,NA,NA,1900-02-13,2015
CH1_2015,46,283.95,287.95,279.65,0,60.2800785792118,NA,NA,NA,1900-02-14,2015
CH1_2015,47,286.55,293.15,282.75,6.94444444444444e-06,146.986718773738,NA,NA,NA,1900-02-15,2015
CH1_2015,48,286.15,294.15,280.45,0,160.441708566198,NA,NA,NA,1900-02-16,2015
CH1_2015,49,286.75,289.55,284.95,0,61.622250238131,NA,NA,NA,1900-02-17,2015
CH1_2015,50,287.85,292.15,284.75,0,86.0763214756272,NA,NA,NA,1900-02-18,2015
CH1_2015,51,284.65,288.55,283.25,6.94444444444444e-06,62.5296771116816,NA,NA,NA,1900-02-19,2015
CH1_2015,52,284.95,289.45,283.65,1.62037037037037e-05,62.9865548681251,NA,NA,NA,1900-02-20,2015
CH1_2015,53,283.25,285.85,281.75,3.7037037037037e-05,63.4452878593339,NA,NA,NA,1900-02-21,2015
CH1_2015,54,282.65,283.85,282.15,1.85185185185185e-05,63.9057021592325,NA,NA,NA,1900-02-22,2015
CH1_2015,55,284.75,291.15,280.15,0,146.785421828001,NA,NA,NA,1900-02-23,2015
CH1_2015,56,285.05,288.95,282.55,1.27314814814815e-05,64.8306749022948,NA,NA,NA,1900-02-24,2015
CH1_2015,57,285.05,288.05,283.05,0,65.2948429299915,NA,NA,NA,1900-02-25,2015
CH1_2015,58,283.05,285.15,282.55,9.25925925925926e-06,65.7598737918279,NA,NA,NA,1900-02-26,2015
CH1_2015,59,281.25,282.65,280.25,4.16666666666667e-05,66.2255754993843,NA,NA,NA,1900-02-27,2015
CH1_2015,60,281.75,287.65,276.35,0,134.745114951891,NA,NA,NA,1900-02-28,2015
CH1_2015,61,280.55,283.35,279.35,4.62962962962963e-06,67.1582442040322,NA,NA,NA,1900-03-01,2015
CH1_2015,62,283.55,288.25,279.75,1.15740740740741e-06,78.0727384773358,NA,NA,NA,1900-03-02,2015
CH1_2015,63,280.75,283.45,280.15,0,68.0913570726886,NA,NA,NA,1900-03-03,2015
CH1_2015,64,279.45,280.15,278.85,2.43055555555556e-05,68.5576061115724,NA,NA,NA,1900-03-04,2015
CH1_2015,65,282.95,289.55,278.95,0,131.011208893933,NA,NA,NA,1900-03-05,2015
CH1_2015,66,282.05,283.75,281.15,4.62962962962963e-06,69.4885853363285,NA,NA,NA,1900-03-06,2015
CH1_2015,67,286.15,294.05,280.85,1.04166666666667e-05,149.227689008017,NA,NA,NA,1900-03-07,2015
CH1_2015,68,286.45,292.35,282.25,0,85.7236636028404,NA,NA,NA,1900-03-08,2015
CH1_2015,69,284.35,287.15,282.85,2.77777777777778e-05,70.8786135567436,NA,NA,NA,1900-03-09,2015
CH1_2015,70,284.05,289.05,281.65,3.35648148148148e-05,94.4840334416913,NA,NA,NA,1900-03-10,2015
CH1_2015,71,284.85,291.95,279.45,0,147.698986630197,NA,NA,NA,1900-03-11,2015
CH1_2015,72,288.05,294.45,284.15,0,139.118390197479,NA,NA,NA,1900-03-12,2015
CH1_2015,73,289.95,296.15,285.45,0,88.320688775442,NA,NA,NA,1900-03-13,2015
CH1_2015,74,289.55,294.45,286.35,0,132.69672956062,NA,NA,NA,1900-03-14,2015
CH1_2015,75,288.45,291.25,286.45,3.47222222222222e-06,73.618794780218,NA,NA,NA,1900-03-15,2015
CH1_2015,76,290.55,296.85,286.65,3.47222222222222e-05,111.938355651571,NA,NA,NA,1900-03-16,2015
CH1_2015,77,289.25,291.95,287.55,6.94444444444444e-06,74.5156940851549,NA,NA,NA,1900-03-17,2015
CH1_2015,78,287.65,292.45,285.65,3.35648148148148e-05,74.9603734523311,NA,NA,NA,1900-03-18,2015
CH1_2015,79,287.95,292.75,285.25,5.78703703703704e-06,97.7223701163011,NA,NA,NA,1900-03-19,2015
CH1_2015,80,289.65,297.25,283.75,0,194.20963525939,NA,NA,NA,1900-03-20,2015
CH1_2015,81,289.05,292.85,286.55,0,76.2776376264402,NA,NA,NA,1900-03-21,2015
CH1_2015,82,287.45,290.35,285.55,4.28240740740741e-05,76.7106834137081,NA,NA,NA,1900-03-22,2015
CH1_2015,83,288.45,295.45,283.85,9.49074074074074e-05,178.877080910796,NA,NA,NA,1900-03-23,2015
CH1_2015,84,288.95,295.55,285.65,1.27314814814815e-05,150.456907141423,NA,NA,NA,1900-03-24,2015
CH1_2015,85,290.65,296.15,287.55,2.31481481481481e-06,118.604680957504,NA,NA,NA,1900-03-25,2015
CH1_2015,86,289.55,292.45,288.55,3.47222222222222e-06,78.4092508591697,NA,NA,NA,1900-03-26,2015
CH1_2015,87,289.25,291.35,287.95,1.15740740740741e-05,78.8248893346395,NA,NA,NA,1900-03-27,2015
CH1_2015,88,291.85,299.25,285.85,3.93518518518519e-05,203.758522708561,NA,NA,NA,1900-03-28,2015
CH1_2015,89,293.35,298.55,290.35,0,110.858973060911,NA,NA,NA,1900-03-29,2015
CH1_2015,90,294.15,298.05,291.15,0,80.0484047933357,NA,NA,NA,1900-03-30,2015
CH1_2015,91,295.95,302.65,290.45,0,192.74296155722,NA,NA,NA,1900-03-31,2015
CH1_2015,92,295.15,302.35,291.25,1.50462962962963e-05,175.207476782653,NA,NA,NA,1900-04-01,2015
CH1_2015,93,294.85,302.15,290.15,6.94444444444444e-05,209.017468481372,NA,NA,NA,1900-04-02,2015
CH1_2015,94,293.95,296.95,292.25,0,91.6019113963724,NA,NA,NA,1900-04-03,2015
CH1_2015,95,288.35,293.15,286.45,6.59722222222222e-05,82.0035701360699,NA,NA,NA,1900-04-04,2015
CH1_2015,96,285.55,288.55,284.35,8.91203703703704e-05,82.3811751839521,NA,NA,NA,1900-04-05,2015
CH1_2015,97,285.35,289.65,282.45,4.39814814814815e-05,101.173793913026,NA,NA,NA,1900-04-06,2015
CH1_2015,98,285.55,290.55,282.45,3.47222222222222e-05,83.1223028620185,NA,NA,NA,1900-04-07,2015
CH1_2015,99,285.95,290.45,283.55,8.56481481481482e-05,83.4856776897821,NA,NA,NA,1900-04-08,2015
CH1_2015,100,287.15,291.45,284.35,1.62037037037037e-05,83.8441670810123,NA,NA,NA,1900-04-09,2015
CH1_2015,101,288.45,294.05,285.05,5.78703703703704e-06,114.579014640562,NA,NA,NA,1900-04-10,2015
CH1_2015,102,291.35,298.45,286.65,0,231.656658822099,NA,NA,NA,1900-04-11,2015
CH1_2015,103,290.75,298.35,284.35,0,196.686772356571,NA,NA,NA,1900-04-12,2015
CH1_2015,104,290.75,297.05,287.15,1.04166666666667e-05,85.2280150144693,NA,NA,NA,1900-04-13,2015
CH1_2015,105,293.25,301.65,287.75,4.62962962962963e-06,241.917858793636,NA,NA,NA,1900-04-14,2015
CH1_2015,106,294.55,302.05,289.35,0,215.255810120443,NA,NA,NA,1900-04-15,2015
CH1_2015,107,296.65,303.85,290.25,0,183.382906384784,NA,NA,NA,1900-04-16,2015
CH1_2015,108,292.75,298.05,289.25,1.15740740740741e-05,86.5290988148358,NA,NA,NA,1900-04-17,2015
CH1_2015,109,288.55,290.85,287.05,5.09259259259259e-05,86.841114027461,NA,NA,NA,1900-04-18,2015
CH1_2015,110,291.35,298.65,285.85,0,200.130088729755,NA,NA,NA,1900-04-19,2015
CH1_2015,111,287.55,292.15,285.75,0.000106481481481481,87.4489454162531,NA,NA,NA,1900-04-20,2015
CH1_2015,112,286.85,288.75,285.65,4.28240740740741e-05,87.744697078741,NA,NA,NA,1900-04-21,2015
CH1_2015,113,288.95,293.15,285.85,1.15740740740741e-06,88.0349675968101,NA,NA,NA,1900-04-22,2015
CH1_2015,114,292.15,299.35,286.15,1.15740740740741e-06,248.276317293999,NA,NA,NA,1900-04-23,2015
CH1_2015,115,292.85,300.45,288.05,0,176.408670792566,NA,NA,NA,1900-04-24,2015
CH1_2015,116,293.85,299.65,290.15,0,131.959318045136,NA,NA,NA,1900-04-25,2015
CH1_2015,117,295.65,302.75,290.65,0,220.246574807524,NA,NA,NA,1900-04-26,2015
CH1_2015,118,296.75,305.05,291.05,0,260.337067703647,NA,NA,NA,1900-04-27,2015
CH1_2015,119,297.05,304.95,292.05,0,162.238448930417,NA,NA,NA,1900-04-28,2015
CH1_2015,120,298.55,305.05,294.35,0,145.252901430559,NA,NA,NA,1900-04-29,2015
CH1_2015,121,294.75,300.65,290.75,3.93518518518519e-05,183.614303729725,NA,NA,NA,1900-04-30,2015
CH1_2015,122,294.65,301.45,289.65,0,130.231343600595,NA,NA,NA,1900-05-01,2015
CH1_2015,123,292.55,295.75,290.25,2.31481481481481e-06,90.6333093784389,NA,NA,NA,1900-05-02,2015
CH1_2015,124,292.35,297.35,287.75,9.25925925925926e-06,104.734592594048,NA,NA,NA,1900-05-03,2015
CH1_2015,125,293.85,299.65,290.05,0,195.184204192472,NA,NA,NA,1900-05-04,2015
CH1_2015,126,295.45,302.95,289.85,1.15740740740741e-06,214.549922351207,NA,NA,NA,1900-05-05,2015
CH1_2015,127,297.15,303.55,292.85,0,155.773455618633,NA,NA,NA,1900-05-06,2015
CH1_2015,128,296.35,303.75,290.45,6.13425925925926e-05,267.202655732732,NA,NA,NA,1900-05-07,2015
CH1_2015,129,296.25,304.35,290.75,0,257.043974908185,NA,NA,NA,1900-05-08,2015
CH1_2015,130,297.05,305.35,290.55,0,206.875614568004,NA,NA,NA,1900-05-09,2015
CH1_2015,131,293.75,298.15,290.45,0,92.3113641627743,NA,NA,NA,1900-05-10,2015
CH1_2015,132,294.75,301.25,289.55,0,219.497653969663,NA,NA,NA,1900-05-11,2015
CH1_2015,133,296.25,304.05,290.85,0,237.110235237429,NA,NA,NA,1900-05-12,2015
CH1_2015,134,297.95,305.65,291.35,0,199.023161122387,NA,NA,NA,1900-05-13,2015
CH1_2015,135,295.85,300.35,292.35,6.8287037037037e-05,93.0182487914039,NA,NA,NA,1900-05-14,2015
CH1_2015,136,296.35,302.35,293.35,0,115.816132044073,NA,NA,NA,1900-05-15,2015
CH1_2015,137,292.85,297.35,290.35,0.000239583333333333,93.3391495605244,NA,NA,NA,1900-05-16,2015
CH1_2015,138,296.95,304.85,290.55,3.47222222222222e-06,251.969751134882,NA,NA,NA,1900-05-17,2015
CH1_2015,139,298.95,305.25,293.95,0,236.453262677552,NA,NA,NA,1900-05-18,2015
CH1_2015,140,296.95,300.75,295.05,0,93.7803909342789,NA,NA,NA,1900-05-19,2015
CH1_2015,141,292.25,297.75,290.25,0.000233796296296296,93.9168708448667,NA,NA,NA,1900-05-20,2015
CH1_2015,142,291.25,294.15,288.65,0.000211805555555556,94.0481076027954,NA,NA,NA,1900-05-21,2015
CH1_2015,143,295.95,303.05,291.35,0,235.253722857911,NA,NA,NA,1900-05-22,2015
CH1_2015,144,295.15,301.35,292.75,5.6712962962963e-05,144.802839788744,NA,NA,NA,1900-05-23,2015
CH1_2015,145,292.45,295.45,291.05,1.96759259259259e-05,94.4105545696405,NA,NA,NA,1900-05-24,2015
CH1_2015,146,292.65,296.05,290.25,2.89351851851852e-05,94.5210185834357,NA,NA,NA,1900-05-25,2015
CH1_2015,147,296.15,302.45,292.65,0,167.758969379971,NA,NA,NA,1900-05-26,2015
CH1_2015,148,296.15,299.65,294.55,0,94.7266889705328,NA,NA,NA,1900-05-27,2015
CH1_2015,149,294.35,300.95,291.15,0.000208333333333333,105.267001253863,NA,NA,NA,1900-05-28,2015
CH1_2015,150,298.75,305.65,293.95,0,260.270582134168,NA,NA,NA,1900-05-29,2015
CH1_2015,151,297.15,300.85,294.25,0,94.997287547864,NA,NA,NA,1900-05-30,2015
CH1_2015,152,297.05,302.25,294.15,0,107.258111556878,NA,NA,NA,1900-05-31,2015
CH1_2015,153,296.35,299.05,295.25,0,95.1527815984293,NA,NA,NA,1900-06-01,2015
CH1_2015,154,296.15,303.95,292.55,2.08333333333333e-05,183.937256494227,NA,NA,NA,1900-06-02,2015
CH1_2015,155,294.55,300.35,292.85,0.000171296296296296,121.376184821688,NA,NA,NA,1900-06-03,2015
CH1_2015,156,296.05,303.65,290.35,3.58796296296296e-05,234.456873090534,NA,NA,NA,1900-06-04,2015
CH1_2015,157,295.25,301.25,291.95,5.78703703703704e-06,95.4049101277722,NA,NA,NA,1900-06-05,2015
CH1_2015,158,296.15,302.35,292.55,0.000104166666666667,109.361131362819,NA,NA,NA,1900-06-06,2015
CH1_2015,159,293.95,296.45,291.75,0.000246527777777778,95.501975197176,NA,NA,NA,1900-06-07,2015
CH1_2015,160,296.75,302.95,291.75,0,244.963913362244,NA,NA,NA,1900-06-08,2015
CH1_2015,161,298.55,305.85,293.55,0,217.175952674212,NA,NA,NA,1900-06-09,2015
CH1_2015,162,296.85,302.95,291.95,6.48148148148148e-05,161.607228424802,NA,NA,NA,1900-06-10,2015
CH1_2015,163,294.45,298.15,290.95,8.44907407407407e-05,95.6390618570714,NA,NA,NA,1900-06-11,2015
CH1_2015,164,295.95,303.05,290.65,6.94444444444444e-05,198.084571554022,NA,NA,NA,1900-06-12,2015
CH1_2015,165,297.65,303.65,294.25,0,173.782121138623,NA,NA,NA,1900-06-13,2015
CH1_2015,166,295.75,298.65,293.95,0,95.692582763671,NA,NA,NA,1900-06-14,2015
CH1_2015,167,296.55,302.45,294.35,0.000148148148148148,123.459307381145,NA,NA,NA,1900-06-15,2015
CH1_2015,168,298.05,304.85,293.55,0.000106481481481481,130.395526092172,NA,NA,NA,1900-06-16,2015
CH1_2015,169,299.85,306.35,296.25,0,175.475847945952,NA,NA,NA,1900-06-17,2015
CH1_2015,170,297.35,301.85,295.45,6.94444444444444e-06,95.6992262336397,NA,NA,NA,1900-06-18,2015
CH1_2015,171,296.55,301.45,293.05,0.000428240740740741,137.292303518176,NA,NA,NA,1900-06-19,2015
CH1_2015,172,297.85,304.05,293.25,2.5462962962963e-05,211.793151724222,NA,NA,NA,1900-06-20,2015
CH1_2015,173,295.75,298.75,294.15,5.09259259259259e-05,95.6561117485134,NA,NA,NA,1900-06-21,2015
CH1_2015,174,296.55,301.25,293.95,1.62037037037037e-05,95.6326358558637,NA,NA,NA,1900-06-22,2015
CH1_2015,175,297.15,300.05,294.85,6.59722222222222e-05,95.6046187981854,NA,NA,NA,1900-06-23,2015
CH1_2015,176,298.75,304.25,295.45,8.10185185185185e-06,138.866109800616,NA,NA,NA,1900-06-24,2015
CH1_2015,177,300.85,306.25,297.15,0,208.07845242029,NA,NA,NA,1900-06-25,2015
CH1_2015,178,300.65,306.75,297.35,0,159.544766403153,NA,NA,NA,1900-06-26,2015
CH1_2015,179,299.45,305.75,296.95,5.09259259259259e-05,159.486897808798,NA,NA,NA,1900-06-27,2015
CH1_2015,180,298.05,299.45,296.35,5.55555555555556e-05,95.3966971892112,NA,NA,NA,1900-06-28,2015
CH1_2015,181,295.65,297.65,294.85,0.00055787037037037,95.3415349265495,NA,NA,NA,1900-06-29,2015
CH1_2015,182,298.85,304.95,294.95,6.94444444444444e-06,95.281902104697,NA,NA,NA,1900-06-30,2015
CH1_2015,183,298.45,303.35,297.15,0,109.054216540261,NA,NA,NA,1900-07-01,2015
CH1_2015,184,293.65,297.65,292.15,0.000167824074074074,95.1490247139869,NA,NA,NA,1900-07-02,2015
CH1_2015,185,293.35,295.85,290.95,9.60648148148148e-05,95.0758060015324,NA,NA,NA,1900-07-03,2015
CH1_2015,186,296.15,303.45,291.45,4.74537037037037e-05,177.972714577179,NA,NA,NA,1900-07-04,2015
CH1_2015,187,297.55,303.75,291.65,0,269.476885503774,NA,NA,NA,1900-07-05,2015
CH1_2015,188,298.25,304.15,293.55,0,186.413676951861,NA,NA,NA,1900-07-06,2015
CH1_2015,189,298.55,303.45,295.75,0,120.653015680339,NA,NA,NA,1900-07-07,2015
CH1_2015,190,294.95,298.75,293.05,0.00105092592592593,94.6416765624729,NA,NA,NA,1900-07-08,2015
CH1_2015,191,299.25,305.75,293.85,0,279.334053931657,NA,NA,NA,1900-07-09,2015
CH1_2015,192,299.55,306.25,294.55,0,270.558994103301,NA,NA,NA,1900-07-10,2015
CH1_2015,193,299.65,304.65,297.15,0,135.75871341422,NA,NA,NA,1900-07-11,2015
CH1_2015,194,297.35,301.35,295.35,0.000158564814814815,106.294104244649,NA,NA,NA,1900-07-12,2015
CH1_2015,195,295.25,298.45,294.25,0.000392361111111111,94.0934112167083,NA,NA,NA,1900-07-13,2015
CH1_2015,196,296.75,300.95,293.25,4.16666666666667e-05,175.054727740319,NA,NA,NA,1900-07-14,2015
CH1_2015,197,299.35,306.45,294.55,0,243.899378085574,NA,NA,NA,1900-07-15,2015
CH1_2015,198,298.95,306.85,295.55,5.78703703703704e-06,233.383162999277,NA,NA,NA,1900-07-16,2015
CH1_2015,199,298.95,306.55,294.45,0,245.276846991982,NA,NA,NA,1900-07-17,2015
CH1_2015,200,299.65,306.45,294.65,2.66203703703704e-05,265.774836914573,NA,NA,NA,1900-07-18,2015
CH1_2015,201,299.25,306.95,295.75,0.000311342592592593,191.491415393474,NA,NA,NA,1900-07-19,2015
CH1_2015,202,295.45,296.75,294.25,0.000498842592592593,93.1313264881193,NA,NA,NA,1900-07-20,2015
CH1_2015,203,299.15,306.25,294.65,1.15740740740741e-06,182.513336201308,NA,NA,NA,1900-07-21,2015
CH1_2015,204,299.65,304.35,295.35,4.62962962962963e-06,184.043644250626,NA,NA,NA,1900-07-22,2015
CH1_2015,205,300.05,307.35,297.15,0,189.00776271348,NA,NA,NA,1900-07-23,2015
CH1_2015,206,301.15,310.15,295.05,0,273.084084612187,NA,NA,NA,1900-07-24,2015
CH1_2015,207,300.65,307.15,295.75,0,245.327513931764,NA,NA,NA,1900-07-25,2015
CH1_2015,208,299.15,306.75,296.45,0,190.086607357124,NA,NA,NA,1900-07-26,2015
CH1_2015,209,300.45,307.85,295.35,0,258.574885899342,NA,NA,NA,1900-07-27,2015
CH1_2015,210,300.85,308.45,295.85,0,256.590776091171,NA,NA,NA,1900-07-28,2015
CH1_2015,211,300.05,308.25,296.85,6.48148148148148e-05,227.139052941902,NA,NA,NA,1900-07-29,2015
CH1_2015,212,300.65,307.85,295.75,4.05092592592593e-05,266.323303567242,NA,NA,NA,1900-07-30,2015
CH1_2015,213,302.55,308.95,297.65,0,254.022726616088,NA,NA,NA,1900-07-31,2015
CH1_2015,214,302.65,309.35,298.55,0,257.147188420712,NA,NA,NA,1900-08-01,2015
CH1_2015,215,299.95,307.35,294.55,0.00135763888888889,140.388333521812,NA,NA,NA,1900-08-02,2015
CH1_2015,216,296.15,301.05,293.95,0.00066087962962963,90.5095185166148,NA,NA,NA,1900-08-03,2015
CH1_2015,217,299.25,306.65,293.35,1.04166666666667e-05,235.65164919924,NA,NA,NA,1900-08-04,2015
CH1_2015,218,300.55,306.65,296.05,0,247.283822711946,NA,NA,NA,1900-08-05,2015
CH1_2015,219,295.75,301.35,292.55,0.000103009259259259,89.8243094481008,NA,NA,NA,1900-08-06,2015
CH1_2015,220,295.35,299.45,292.55,5.55555555555556e-05,89.5861080597042,NA,NA,NA,1900-08-07,2015
CH1_2015,221,293.95,295.75,292.55,0.000211805555555556,89.3430785105502,NA,NA,NA,1900-08-08,2015
CH1_2015,222,297.45,303.45,292.85,0,210.047989019994,NA,NA,NA,1900-08-09,2015
CH1_2015,223,299.25,305.75,295.15,0,255.642794630498,NA,NA,NA,1900-08-10,2015
CH1_2015,224,299.75,305.15,296.25,4.86111111111111e-05,166.805846707984,NA,NA,NA,1900-08-11,2015
CH1_2015,225,299.45,306.35,295.25,0.000237268518518519,193.648105977359,NA,NA,NA,1900-08-12,2015
CH1_2015,226,296.35,301.25,294.95,0.000315972222222222,88.0545822296407,NA,NA,NA,1900-08-13,2015
CH1_2015,227,299.15,305.45,294.45,8.10185185185185e-06,214.928782450123,NA,NA,NA,1900-08-14,2015
CH1_2015,228,296.65,300.85,294.85,7.63888888888889e-05,87.5051086731984,NA,NA,NA,1900-08-15,2015
CH1_2015,229,294.65,296.65,293.45,0.000263888888888889,87.2231530772795,NA,NA,NA,1900-08-16,2015
CH1_2015,230,296.15,301.85,293.15,3.7037037037037e-05,86.9363623280449,NA,NA,NA,1900-08-17,2015
CH1_2015,231,295.75,302.25,292.15,0.000155092592592593,105.205529132504,NA,NA,NA,1900-08-18,2015
CH1_2015,232,298.55,304.75,295.75,0,200.939317754283,NA,NA,NA,1900-08-19,2015
CH1_2015,233,298.65,304.05,295.75,0,99.5104486624157,NA,NA,NA,1900-08-20,2015
CH1_2015,234,297.65,302.25,295.05,0,134.477503418146,NA,NA,NA,1900-08-21,2015
CH1_2015,235,298.75,304.85,295.05,0,216.324836299041,NA,NA,NA,1900-08-22,2015
CH1_2015,236,294.75,299.45,293.05,0.000515046296296296,85.1155797415792,NA,NA,NA,1900-08-23,2015
CH1_2015,237,295.75,301.65,292.95,9.83796296296296e-05,113.237037650094,NA,NA,NA,1900-08-24,2015
CH1_2015,238,294.55,297.25,293.75,3.00925925925926e-05,84.4711712704099,NA,NA,NA,1900-08-25,2015
CH1_2015,239,293.85,294.75,293.25,0.000168981481481481,84.1421127138813,NA,NA,NA,1900-08-26,2015
CH1_2015,240,297.05,304.25,292.55,2.31481481481481e-06,142.073572660282,NA,NA,NA,1900-08-27,2015
CH1_2015,241,298.15,304.75,295.35,0,153.264870680808,NA,NA,NA,1900-08-28,2015
CH1_2015,242,297.75,304.35,294.55,0,162.747430497592,NA,NA,NA,1900-08-29,2015
CH1_2015,243,296.05,299.55,293.85,0.000119212962962963,82.7809641591261,NA,NA,NA,1900-08-30,2015
CH1_2015,244,296.95,299.85,294.75,0,82.429686878836,NA,NA,NA,1900-08-31,2015
CH1_2015,245,294.15,296.85,292.95,3.125e-05,82.0741185138087,NA,NA,NA,1900-09-01,2015
CH1_2015,246,295.45,301.05,292.25,0.00018287037037037,119.56579841235,NA,NA,NA,1900-09-02,2015
CH1_2015,247,296.25,298.95,294.65,8.10185185185185e-06,81.3503411475241,NA,NA,NA,1900-09-03,2015
CH1_2015,248,295.35,297.15,293.85,0.000207175925925926,80.9822557449057,NA,NA,NA,1900-09-04,2015
CH1_2015,249,296.15,299.65,292.75,1.38888888888889e-05,80.6101265334614,NA,NA,NA,1900-09-05,2015
CH1_2015,250,298.15,302.85,295.25,0,80.2340227729104,NA,NA,NA,1900-09-06,2015
CH1_2015,251,294.55,297.75,293.45,8.10185185185185e-06,79.8540167656173,NA,NA,NA,1900-09-07,2015
CH1_2015,252,294.45,296.05,293.75,0.000164351851851852,79.4701838837256,NA,NA,NA,1900-09-08,2015
CH1_2015,253,294.95,298.65,293.15,3.35648148148148e-05,79.082602592896,NA,NA,NA,1900-09-09,2015
CH1_2015,254,294.65,298.65,292.35,6.01851851851852e-05,78.6913544726815,NA,NA,NA,1900-09-10,2015
CH1_2015,255,295.05,301.15,291.95,1.15740740740741e-06,128.241588886148,NA,NA,NA,1900-09-11,2015
CH1_2015,256,293.55,300.15,289.25,4.28240740740741e-05,138.958119817899,NA,NA,NA,1900-09-12,2015
CH1_2015,257,294.15,299.95,291.05,2.31481481481481e-06,133.582602167294,NA,NA,NA,1900-09-13,2015
CH1_2015,258,294.45,297.85,292.45,1.15740740740741e-06,77.091435136864,NA,NA,NA,1900-09-14,2015
CH1_2015,259,292.75,296.55,290.95,0.000107638888888889,76.6831865570046,NA,NA,NA,1900-09-15,2015
CH1_2015,260,292.85,296.35,290.85,0.000226851851851852,76.2718267400935,NA,NA,NA,1900-09-16,2015
CH1_2015,261,293.25,297.55,291.05,7.87037037037037e-05,75.8574593556246,NA,NA,NA,1900-09-17,2015
CH1_2015,262,293.75,298.15,291.45,0.000119212962962963,75.4401912313131,NA,NA,NA,1900-09-18,2015
CH1_2015,263,293.45,298.75,291.25,4.97685185185185e-05,114.379697947589,NA,NA,NA,1900-09-19,2015
CH1_2015,264,293.05,296.05,291.35,0.000165509259259259,74.597395806829,NA,NA,NA,1900-09-20,2015
CH1_2015,265,292.15,293.05,291.75,0.000255787037037037,74.1720978542418,NA,NA,NA,1900-09-21,2015
CH1_2015,266,293.65,296.95,291.25,0,73.7443578221676,NA,NA,NA,1900-09-22,2015
CH1_2015,267,292.55,296.05,290.55,7.87037037037037e-05,73.3142981259872,NA,NA,NA,1900-09-23,2015
CH1_2015,268,292.85,296.85,290.05,8.10185185185185e-06,72.8820442346803,NA,NA,NA,1900-09-24,2015
CH1_2015,269,292.85,295.25,291.45,0,72.4477246416439,NA,NA,NA,1900-09-25,2015
CH1_2015,270,291.85,294.55,290.55,8.10185185185185e-06,72.0114708320715,NA,NA,NA,1900-09-26,2015
CH1_2015,271,293.25,296.75,291.05,5.90277777777778e-05,71.5734172468486,NA,NA,NA,1900-09-27,2015
CH1_2015,272,294.15,299.15,291.95,0,71.1337012429257,NA,NA,NA,1900-09-28,2015
CH1_2015,273,294.05,297.45,292.55,2.66203703703704e-05,70.6924630501162,NA,NA,NA,1900-09-29,2015
CH1_2015,274,292.05,295.65,290.35,9.72222222222222e-05,86.9209816478916,NA,NA,NA,1900-09-30,2015
CH1_2015,275,291.65,297.05,288.65,0,169.45259646051,NA,NA,NA,1900-10-01,2015
CH1_2015,276,291.75,294.85,290.65,1.15740740740741e-06,69.3610597201407,NA,NA,NA,1900-10-02,2015
CH1_2015,277,291.75,295.45,289.25,0,68.9151908103214,NA,NA,NA,1900-10-03,2015
CH1_2015,278,290.85,292.75,289.65,4.62962962962963e-06,68.4685421843661,NA,NA,NA,1900-10-04,2015
CH1_2015,279,291.05,293.65,289.75,6.94444444444444e-06,68.0212701947619,NA,NA,NA,1900-10-05,2015
CH1_2015,280,295.15,302.55,290.45,0,100.136598429973,NA,NA,NA,1900-10-06,2015
CH1_2015,281,293.95,297.55,292.25,0,67.1254937881254,NA,NA,NA,1900-10-07,2015
CH1_2015,282,290.15,293.45,289.05,8.56481481481482e-05,66.6773141035544,NA,NA,NA,1900-10-08,2015
CH1_2015,283,292.05,297.25,289.35,3.47222222222222e-06,129.084510443829,NA,NA,NA,1900-10-09,2015
CH1_2015,284,292.35,299.05,289.15,0,138.558242499727,NA,NA,NA,1900-10-10,2015
CH1_2015,285,292.75,298.75,288.55,0,176.929184260198,NA,NA,NA,1900-10-11,2015
CH1_2015,286,293.55,299.75,290.15,0,119.721045720807,NA,NA,NA,1900-10-12,2015
CH1_2015,287,294.35,299.75,289.65,0,117.598198698592,NA,NA,NA,1900-10-13,2015
CH1_2015,288,294.35,298.95,291.35,0,96.8931655265227,NA,NA,NA,1900-10-14,2015
CH1_2015,289,293.65,296.25,291.55,0,63.5504473027212,NA,NA,NA,1900-10-15,2015
CH1_2015,290,292.15,294.05,291.15,0.000252314814814815,63.1073207964601,NA,NA,NA,1900-10-16,2015
CH1_2015,291,293.75,301.05,290.55,0,168.506923568249,NA,NA,NA,1900-10-17,2015
CH1_2015,292,293.65,300.15,289.35,0,150.728114160559,NA,NA,NA,1900-10-18,2015
CH1_2015,293,293.75,298.25,291.05,0,61.7872517859097,NA,NA,NA,1900-10-19,2015
CH1_2015,294,293.95,297.55,291.85,3.47222222222222e-06,61.350967598187,NA,NA,NA,1900-10-20,2015
CH1_2015,295,291.65,293.95,290.85,0.000207175925925926,60.9168443549132,NA,NA,NA,1900-10-21,2015
CH1_2015,296,290.25,292.35,289.55,4.97685185185185e-05,60.4850675738822,NA,NA,NA,1900-10-22,2015
CH1_2015,297,290.65,294.45,288.85,3.58796296296296e-05,71.0370333794447,NA,NA,NA,1900-10-23,2015
CH1_2015,298,290.95,294.65,287.85,0,59.6293816332013,NA,NA,NA,1900-10-24,2015
CH1_2015,299,289.75,291.95,286.75,6.71296296296296e-05,59.2058360039797,NA,NA,NA,1900-10-25,2015
CH1_2015,300,288.45,291.15,286.65,0,58.7853881800435,NA,NA,NA,1900-10-26,2015
CH1_2015,301,289.15,294.95,285.65,0,156.702758227306,NA,NA,NA,1900-10-27,2015
CH1_2015,302,289.55,292.85,287.75,0,57.9546906989828,NA,NA,NA,1900-10-28,2015
CH1_2015,303,288.45,289.85,287.25,0,57.5447530433853,NA,NA,NA,1900-10-29,2015
CH1_2015,304,286.35,288.05,285.65,9.25925925925926e-06,57.1387648751669,NA,NA,NA,1900-10-30,2015
CH1_2015,305,287.65,292.25,284.85,0,56.7368173652803,NA,NA,NA,1900-10-31,2015
CH1_2015,306,286.85,289.45,285.85,1.04166666666667e-05,56.3391663756888,NA,NA,NA,1900-11-01,2015
CH1_2015,307,286.65,288.25,285.85,1.15740740740741e-05,55.9459716034671,NA,NA,NA,1900-11-02,2015
CH1_2015,308,286.85,288.95,285.85,2.89351851851852e-05,55.5574414387866,NA,NA,NA,1900-11-03,2015
CH1_2015,309,287.15,289.75,285.25,2.19907407407407e-05,55.1737532059402,NA,NA,NA,1900-11-04,2015
CH1_2015,310,290.25,296.85,286.45,0,133.558325670787,NA,NA,NA,1900-11-05,2015
CH1_2015,311,289.55,291.35,288.35,0,54.421681270667,NA,NA,NA,1900-11-06,2015
CH1_2015,312,289.35,295.55,286.45,2.31481481481481e-06,132.093619287235,NA,NA,NA,1900-11-07,2015
CH1_2015,313,287.75,290.15,286.75,0,53.6913131862783,NA,NA,NA,1900-11-08,2015
CH1_2015,314,288.85,294.55,285.85,1.15740740740741e-06,81.2253547610503,NA,NA,NA,1900-11-09,2015
CH1_2015,315,287.15,289.35,286.55,2.31481481481481e-05,52.9840841173344,NA,NA,NA,1900-11-10,2015
CH1_2015,316,286.55,288.05,285.85,3.00925925925926e-05,52.6396145813513,NA,NA,NA,1900-11-11,2015
CH1_2015,317,286.55,288.25,285.15,3.47222222222222e-06,52.3014701063042,NA,NA,NA,1900-11-12,2015
CH1_2015,318,286.55,287.85,285.75,1.62037037037037e-05,51.9698346205875,NA,NA,NA,1900-11-13,2015
CH1_2015,319,287.65,291.65,285.35,2.08333333333333e-05,51.6448946501316,NA,NA,NA,1900-11-14,2015
CH1_2015,320,288.35,291.55,286.55,9.25925925925926e-06,51.3268355492163,NA,NA,NA,1900-11-15,2015
CH1_2015,321,287.25,289.85,285.75,7.75462962962963e-05,51.0158075158467,NA,NA,NA,1900-11-16,2015
CH1_2015,322,288.35,291.75,286.65,0,50.7119804057089,NA,NA,NA,1900-11-17,2015
CH1_2015,323,288.55,291.35,286.85,0,50.4155199653662,NA,NA,NA,1900-11-18,2015
CH1_2015,324,288.75,291.55,287.45,1.62037037037037e-05,50.1265907101262,NA,NA,NA,1900-11-19,2015
CH1_2015,325,288.45,290.05,287.45,2.31481481481481e-05,49.8453774214532,NA,NA,NA,1900-11-20,2015
CH1_2015,326,289.45,293.65,287.15,2.5462962962963e-05,49.5720121377931,NA,NA,NA,1900-11-21,2015
CH1_2015,327,288.65,289.95,287.75,1.85185185185185e-05,49.3066429969571,NA,NA,NA,1900-11-22,2015
CH1_2015,328,286.55,288.15,285.45,0.000105324074074074,49.0494119208559,NA,NA,NA,1900-11-23,2015
CH1_2015,329,285.65,290.15,282.85,1.38888888888889e-05,90.5498540735714,NA,NA,NA,1900-11-24,2015
CH1_2015,330,285.05,286.85,284.05,0,48.5600395681087,NA,NA,NA,1900-11-25,2015
CH1_2015,331,283.45,285.15,282.75,2.66203703703704e-05,48.3281240558918,NA,NA,NA,1900-11-26,2015
CH1_2015,332,283.15,284.55,282.25,1.50462962962963e-05,48.1049734610877,NA,NA,NA,1900-11-27,2015
CH1_2015,333,285.05,291.55,281.05,0,127.957243996924,NA,NA,NA,1900-11-28,2015
CH1_2015,334,283.55,285.35,282.95,3.47222222222222e-06,47.6852802429391,NA,NA,NA,1900-11-29,2015
CH1_2015,335,283.65,286.85,282.75,4.62962962962963e-06,58.0246742240133,NA,NA,NA,1900-11-30,2015
CH1_2015,336,287.05,292.85,283.55,0,104.506779747094,NA,NA,NA,1900-12-01,2015
CH1_2015,337,284.45,286.95,283.55,5.90277777777778e-05,47.1242123255403,NA,NA,NA,1900-12-02,2015
CH1_2015,338,282.35,283.65,281.25,7.87037037037037e-05,46.9559180105161,NA,NA,NA,1900-12-03,2015
CH1_2015,339,282.75,285.25,281.05,3.35648148148148e-05,46.7971477516942,NA,NA,NA,1900-12-04,2015
CH1_2015,340,283.55,287.75,281.85,1.15740740740741e-06,55.8984398634535,NA,NA,NA,1900-12-05,2015
CH1_2015,341,283.35,284.05,282.85,1.38888888888889e-05,46.5085772754768,NA,NA,NA,1900-12-06,2015
CH1_2015,342,282.85,283.55,282.35,2.31481481481481e-06,46.3789562172249,NA,NA,NA,1900-12-07,2015
CH1_2015,343,283.85,287.45,282.15,0,46.2592171332478,NA,NA,NA,1900-12-08,2015
CH1_2015,344,283.65,285.55,282.55,8.10185185185185e-06,46.1494502238335,NA,NA,NA,1900-12-09,2015
CH1_2015,345,283.75,285.55,282.75,3.00925925925926e-05,46.0497414380931,NA,NA,NA,1900-12-10,2015
CH1_2015,346,282.75,283.55,282.25,9.25925925925926e-05,45.9601110938098,NA,NA,NA,1900-12-11,2015
CH1_2015,347,281.05,282.25,280.15,5.55555555555556e-05,45.880637544113,NA,NA,NA,1900-12-12,2015
CH1_2015,348,279.35,280.95,276.65,2.31481481481481e-05,45.8113990191457,NA,NA,NA,1900-12-13,2015
CH1_2015,349,279.35,284.25,276.65,1.50462962962963e-05,54.8815637586531,NA,NA,NA,1900-12-14,2015
CH1_2015,350,280.15,285.85,276.25,0,125.528136009441,NA,NA,NA,1900-12-15,2015
CH1_2015,351,277.45,282.45,273.95,0,45.6653862710627,NA,NA,NA,1900-12-16,2015
CH1_2015,352,278.05,280.35,276.55,1.38888888888889e-05,45.6374083465416,NA,NA,NA,1900-12-17,2015
CH1_2015,353,277.95,279.45,277.15,1.15740740740741e-06,45.6198198889046,NA,NA,NA,1900-12-18,2015
CH1_2015,354,278.15,280.45,276.85,2.31481481481481e-06,45.6126508898458,NA,NA,NA,1900-12-19,2015
CH1_2015,355,278.85,280.45,277.75,1.15740740740741e-06,45.6159211456984,NA,NA,NA,1900-12-20,2015
CH1_2015,356,281.75,287.65,278.65,0,120.830903804453,NA,NA,NA,1900-12-21,2015
CH1_2015,357,280.45,282.25,279.85,2.31481481481481e-06,45.653759939112,NA,NA,NA,1900-12-22,2015
CH1_2015,358,281.85,287.75,279.05,1.50462962962963e-05,126.669111854351,NA,NA,NA,1900-12-23,2015
CH1_2015,359,282.35,287.65,279.25,0,113.077711055142,NA,NA,NA,1900-12-24,2015
CH1_2015,360,280.75,287.25,275.95,0,122.334113912917,NA,NA,NA,1900-12-25,2015
CH1_2015,361,280.35,286.25,276.55,0,106.4700415966,NA,NA,NA,1900-12-26,2015
CH1_2015,362,280.55,283.65,278.45,0,45.9305574811309,NA,NA,NA,1900-12-27,2015
CH1_2015,363,281.55,283.85,280.05,0,46.0169576458344,NA,NA,NA,1900-12-28,2015
CH1_2015,364,282.75,285.85,280.55,0,46.1136476712072,NA,NA,NA,1900-12-29,2015
CH1_2015,365,281.25,282.55,280.25,0,46.2205555795711,NA,NA,NA,1900-12-30,2015
CH1_2016,1,282.05,285.15,280.05,2.43055555555556e-05,46.3376098405703,NA,NA,NA,1899-12-31,2016
CH1_2016,2,282.35,288.25,278.05,0,126.145576892215,NA,NA,NA,1900-01-01,2016
CH1_2016,3,281.95,284.05,281.55,5.78703703703704e-06,46.6020308541619,NA,NA,NA,1900-01-02,2016
CH1_2016,4,285.05,292.35,281.55,0,125.62242333272,NA,NA,NA,1900-01-03,2016
CH1_2016,5,281.05,283.95,278.45,0,46.9063298637011,NA,NA,NA,1900-01-04,2016
CH1_2016,6,281.75,282.55,281.25,5.78703703703704e-06,47.0732401161633,NA,NA,NA,1900-01-05,2016
CH1_2016,7,281.65,282.85,281.15,0,47.2498750550436,NA,NA,NA,1900-01-06,2016
CH1_2016,8,280.35,281.65,279.65,0,47.4361375821682,NA,NA,NA,1900-01-07,2016
CH1_2016,9,280.05,281.55,279.15,3.58796296296296e-05,47.6319444680816,NA,NA,NA,1900-01-08,2016
CH1_2016,10,280.95,283.15,279.45,8.10185185185185e-06,47.8372057229496,NA,NA,NA,1900-01-09,2016
CH1_2016,11,281.05,283.85,279.45,2.31481481481481e-06,48.0517706004597,NA,NA,NA,1900-01-10,2016
CH1_2016,12,279.95,280.85,279.55,2.5462962962963e-05,48.2755333009988,NA,NA,NA,1900-01-11,2016
CH1_2016,13,279.05,280.05,277.85,4.97685185185185e-05,48.5084232239945,NA,NA,NA,1900-01-12,2016
CH1_2016,14,279.25,282.05,277.35,1.62037037037037e-05,48.7502359033957,NA,NA,NA,1900-01-13,2016
CH1_2016,15,280.65,286.35,276.35,0,124.574184557348,NA,NA,NA,1900-01-14,2016
CH1_2016,16,280.45,285.25,278.15,2.08333333333333e-05,74.5459486349825,NA,NA,NA,1900-01-15,2016
CH1_2016,17,281.95,287.95,275.85,1.15740740740741e-06,125.677369295031,NA,NA,NA,1900-01-16,2016
CH1_2016,18,280.85,283.35,279.85,2.31481481481481e-06,49.8046593567324,NA,NA,NA,1900-01-17,2016
CH1_2016,19,280.85,282.45,279.85,0,50.0893221942301,NA,NA,NA,1900-01-18,2016
CH1_2016,20,278.75,281.05,277.65,0.000108796296296296,50.3821081573671,NA,NA,NA,1900-01-19,2016
CH1_2016,21,279.25,282.05,277.65,0,50.6828683854064,NA,NA,NA,1900-01-20,2016
CH1_2016,22,276.55,278.75,274.55,4.51388888888889e-05,50.9914698925074,NA,NA,NA,1900-01-21,2016
CH1_2016,23,272.45,274.55,271.45,5.90277777777778e-05,51.3077259297287,NA,NA,NA,1900-01-22,2016
CH1_2016,24,273.55,278.75,271.45,1.73611111111111e-05,101.41842835495,NA,NA,NA,1900-01-23,2016
CH1_2016,25,274.25,278.95,270.45,0,103.223329879651,NA,NA,NA,1900-01-24,2016
CH1_2016,26,275.95,280.15,274.05,0,52.3007429910816,NA,NA,NA,1900-01-25,2016
CH1_2016,27,276.55,278.95,274.75,0,52.6459458291531,NA,NA,NA,1900-01-26,2016
CH1_2016,28,278.75,284.45,275.05,0,132.858179138303,NA,NA,NA,1900-01-27,2016
CH1_2016,29,280.05,285.35,275.85,0,113.215403907921,NA,NA,NA,1900-01-28,2016
CH1_2016,30,278.55,281.25,277.25,2.31481481481481e-06,53.721612637598,NA,NA,NA,1900-01-29,2016
CH1_2016,31,277.95,279.55,276.45,2.66203703703704e-05,54.0928855284445,NA,NA,NA,1900-01-30,2016
CH1_2016,32,278.45,281.05,276.85,2.31481481481481e-06,54.4702593759142,NA,NA,NA,1900-01-31,2016
CH1_2016,33,278.55,280.75,276.85,0,54.8534905347557,NA,NA,NA,1900-02-01,2016
CH1_2016,34,277.45,279.05,276.85,5.78703703703704e-06,55.2423669505081,NA,NA,NA,1900-02-02,2016
CH1_2016,35,280.95,286.85,276.75,8.10185185185185e-06,132.987731906496,NA,NA,NA,1900-02-03,2016
CH1_2016,36,280.25,282.55,278.95,1.04166666666667e-05,56.0364445197453,NA,NA,NA,1900-02-04,2016
CH1_2016,37,281.75,286.05,279.45,0,64.3853889132982,NA,NA,NA,1900-02-05,2016
CH1_2016,38,282.45,290.75,277.85,0,164.629794351862,NA,NA,NA,1900-02-06,2016
CH1_2016,39,282.15,289.35,277.95,0,126.800919625578,NA,NA,NA,1900-02-07,2016
CH1_2016,40,284.25,290.15,280.35,0,72.4668119330429,NA,NA,NA,1900-02-08,2016
CH1_2016,41,284.95,290.95,279.75,0,132.389462462108,NA,NA,NA,1900-02-09,2016
CH1_2016,42,284.45,289.75,280.35,0,58.5343838383168,NA,NA,NA,1900-02-10,2016
CH1_2016,43,286.25,292.45,282.75,0,58.9655133566532,NA,NA,NA,1900-02-11,2016
CH1_2016,44,282.35,287.35,280.15,4.62962962962963e-06,59.4002886269064,NA,NA,NA,1900-02-12,2016
CH1_2016,45,278.15,280.15,277.25,2.31481481481481e-06,59.8385275865962,NA,NA,NA,1900-02-13,2016
CH1_2016,46,278.55,283.25,274.45,0,100.430304282182,NA,NA,NA,1900-02-14,2016
CH1_2016,47,280.35,284.05,277.85,0,60.724673867851,NA,NA,NA,1900-02-15,2016
CH1_2016,48,281.45,288.05,275.65,0,156.247218658612,NA,NA,NA,1900-02-16,2016
CH1_2016,49,281.65,289.05,275.55,0,161.377798293776,NA,NA,NA,1900-02-17,2016
CH1_2016,50,284.75,290.95,280.55,0,131.255575819573,NA,NA,NA,1900-02-18,2016
CH1_2016,51,283.15,286.05,281.45,0,62.5296771116816,NA,NA,NA,1900-02-19,2016
CH1_2016,52,281.25,283.15,278.55,3.58796296296296e-05,62.9865548681251,NA,NA,NA,1900-02-20,2016
CH1_2016,53,279.45,284.05,274.85,0.000296296296296296,102.11848102738,NA,NA,NA,1900-02-21,2016
CH1_2016,54,279.55,281.85,278.65,0.000118055555555556,63.9057021592325,NA,NA,NA,1900-02-22,2016
CH1_2016,55,280.55,283.15,278.55,3.24074074074074e-05,64.3675630959271,NA,NA,NA,1900-02-23,2016
CH1_2016,56,282.25,285.85,279.65,2.08333333333333e-05,90.9790462809742,NA,NA,NA,1900-02-24,2016
CH1_2016,57,284.55,291.35,280.55,0,186.426713186897,NA,NA,NA,1900-02-25,2016
CH1_2016,58,285.05,292.25,278.95,0,166.922311598034,NA,NA,NA,1900-02-26,2016
CH1_2016,59,286.95,293.75,280.95,0,161.95694619695,NA,NA,NA,1900-02-27,2016
CH1_2016,60,287.55,295.45,282.55,0,183.566001750748,NA,NA,NA,1900-02-28,2016
CH1_2016,61,287.45,293.65,282.45,0,145.916812145952,NA,NA,NA,1900-03-01,2016
CH1_2016,62,289.05,294.05,286.85,0,91.5057480830415,NA,NA,NA,1900-03-02,2016
CH1_2016,63,288.85,296.15,283.65,0,192.512933224751,NA,NA,NA,1900-03-03,2016
CH1_2016,64,287.35,291.25,284.55,0,68.5576061115724,NA,NA,NA,1900-03-04,2016
CH1_2016,65,290.45,296.85,285.35,0,179.391931230334,NA,NA,NA,1900-03-05,2016
CH1_2016,66,290.95,297.65,285.25,0,187.910953793193,NA,NA,NA,1900-03-06,2016
CH1_2016,67,290.05,293.45,288.85,0,69.9529606484656,NA,NA,NA,1900-03-07,2016
CH1_2016,68,287.75,289.95,286.95,4.28240740740741e-05,70.4163604951594,NA,NA,NA,1900-03-08,2016
CH1_2016,69,284.35,287.55,282.45,0.000201388888888889,70.8786135567436,NA,NA,NA,1900-03-09,2016
CH1_2016,70,281.05,283.05,279.25,9.14351851851852e-05,71.339551124196,NA,NA,NA,1900-03-10,2016
CH1_2016,71,281.75,285.15,279.55,0,71.7990071836249,NA,NA,NA,1900-03-11,2016
CH1_2016,72,281.15,282.35,280.85,2.31481481481481e-06,72.2568184966418,NA,NA,NA,1900-03-12,2016
CH1_2016,73,285.05,290.25,280.95,0,72.7128246766708,NA,NA,NA,1900-03-13,2016
CH1_2016,74,284.65,286.85,282.95,0,73.1668682612286,NA,NA,NA,1900-03-14,2016
CH1_2016,75,284.25,287.35,282.15,0,73.618794780218,NA,NA,NA,1900-03-15,2016
CH1_2016,76,284.95,290.35,280.85,0,100.892967325774,NA,NA,NA,1900-03-16,2016
CH1_2016,77,285.25,287.85,284.35,4.62962962962963e-06,74.5156940851549,NA,NA,NA,1900-03-17,2016
CH1_2016,78,287.55,297.15,281.95,0,225.907368585995,NA,NA,NA,1900-03-18,2016
CH1_2016,79,289.55,297.45,284.35,0,143.956699518479,NA,NA,NA,1900-03-19,2016
CH1_2016,80,290.15,296.35,287.15,1.15740740740741e-05,117.430292723946,NA,NA,NA,1900-03-20,2016
CH1_2016,81,287.55,289.35,286.45,4.86111111111111e-05,76.2776376264402,NA,NA,NA,1900-03-21,2016
CH1_2016,82,285.85,287.05,285.25,0.000158564814814815,76.7106834137081,NA,NA,NA,1900-03-22,2016
CH1_2016,83,285.45,287.65,284.95,0.000174768518518519,77.1404910050596,NA,NA,NA,1900-03-23,2016
CH1_2016,84,286.05,292.05,283.25,5.78703703703704e-05,134.259135619391,NA,NA,NA,1900-03-24,2016
CH1_2016,85,287.15,293.75,283.45,0,164.093241644894,NA,NA,NA,1900-03-25,2016
CH1_2016,86,284.85,287.55,284.25,7.63888888888889e-05,78.4092508591697,NA,NA,NA,1900-03-26,2016
CH1_2016,87,285.25,287.45,283.95,0,78.8248893346395,NA,NA,NA,1900-03-27,2016
CH1_2016,88,286.65,290.15,284.35,0,79.2366989384902,NA,NA,NA,1900-03-28,2016
CH1_2016,89,286.15,288.55,284.95,8.10185185185185e-06,79.6445720974423,NA,NA,NA,1900-03-29,2016
CH1_2016,90,287.95,296.05,282.15,4.97685185185185e-05,225.00025497443,NA,NA,NA,1900-03-30,2016
CH1_2016,91,289.55,294.45,285.95,0,80.448096570334,NA,NA,NA,1900-03-31,2016
CH1_2016,92,289.85,293.55,286.85,0,80.8435505383131,NA,NA,NA,1900-04-01,2016
CH1_2016,93,291.65,298.25,287.95,0,149.274862975883,NA,NA,NA,1900-04-02,2016
CH1_2016,94,294.25,302.55,288.75,1.38888888888889e-05,239.646530029945,NA,NA,NA,1900-04-03,2016
CH1_2016,95,292.25,297.75,288.95,1.27314814814815e-05,82.0035701360699,NA,NA,NA,1900-04-04,2016
CH1_2016,96,290.45,291.45,289.25,6.94444444444444e-05,82.3811751839521,NA,NA,NA,1900-04-05,2016
CH1_2016,97,289.95,294.45,287.75,0.000189814814814815,111.220893516634,NA,NA,NA,1900-04-06,2016
CH1_2016,98,292.35,297.35,289.35,0,83.1223028620185,NA,NA,NA,1900-04-07,2016
CH1_2016,99,291.05,295.65,287.95,8.44907407407407e-05,83.4856776897821,NA,NA,NA,1900-04-08,2016
CH1_2016,100,289.05,292.45,286.95,0.000109953703703704,83.8441670810123,NA,NA,NA,1900-04-09,2016
CH1_2016,101,291.35,297.95,286.25,1.15740740740741e-05,183.780884897968,NA,NA,NA,1900-04-10,2016
CH1_2016,102,291.05,292.95,289.65,0,84.5462317829442,NA,NA,NA,1900-04-11,2016
CH1_2016,103,291.55,296.35,288.45,2.31481481481481e-05,103.522534248325,NA,NA,NA,1900-04-12,2016
CH1_2016,104,290.65,293.25,289.75,4.74537037037037e-05,85.2280150144693,NA,NA,NA,1900-04-13,2016
CH1_2016,105,291.25,297.95,288.05,0.000274305555555556,138.246572645943,NA,NA,NA,1900-04-14,2016
CH1_2016,106,290.45,294.25,288.35,7.29166666666667e-05,85.8890875586141,NA,NA,NA,1900-04-15,2016
CH1_2016,107,290.85,297.15,286.65,9.02777777777778e-05,147.583001953439,NA,NA,NA,1900-04-16,2016
CH1_2016,108,287.95,292.95,286.35,0.000125,110.430200108953,NA,NA,NA,1900-04-17,2016
CH1_2016,109,289.75,295.55,284.95,0,156.934169203894,NA,NA,NA,1900-04-18,2016
CH1_2016,110,290.55,293.35,288.75,0,87.147740777346,NA,NA,NA,1900-04-19,2016
CH1_2016,111,292.65,300.15,287.35,4.62962962962963e-05,173.150128903282,NA,NA,NA,1900-04-20,2016
CH1_2016,112,291.05,294.65,289.05,0,87.744697078741,NA,NA,NA,1900-04-21,2016
CH1_2016,113,289.65,294.25,287.85,1.27314814814815e-05,88.0349675968101,NA,NA,NA,1900-04-22,2016
CH1_2016,114,289.05,291.15,287.55,1.15740740740741e-06,88.3197814063612,NA,NA,NA,1900-04-23,2016
CH1_2016,115,290.55,295.35,287.75,2.31481481481481e-06,102.373129209928,NA,NA,NA,1900-04-24,2016
CH1_2016,116,290.25,294.25,287.25,2.31481481481481e-06,88.8728224658139,NA,NA,NA,1900-04-25,2016
CH1_2016,117,291.35,297.35,288.35,2.31481481481481e-06,127.092617851757,NA,NA,NA,1900-04-26,2016
CH1_2016,118,292.35,296.85,289.55,2.31481481481481e-06,137.748474237794,NA,NA,NA,1900-04-27,2016
CH1_2016,119,292.15,299.25,289.15,9.25925925925926e-06,150.142168174257,NA,NA,NA,1900-04-28,2016
CH1_2016,120,290.95,296.25,288.45,3.7037037037037e-05,89.9122510644815,NA,NA,NA,1900-04-29,2016
CH1_2016,121,292.45,300.05,287.45,2.31481481481481e-06,240.726366686815,NA,NA,NA,1900-04-30,2016
CH1_2016,122,294.65,301.15,289.65,0,180.455297692001,NA,NA,NA,1900-05-01,2016
CH1_2016,123,295.85,301.95,290.65,0,179.014928621838,NA,NA,NA,1900-05-02,2016
CH1_2016,124,296.95,302.55,293.25,0,181.030975050679,NA,NA,NA,1900-05-03,2016
CH1_2016,125,297.95,304.55,292.25,0,203.859044842254,NA,NA,NA,1900-05-04,2016
CH1_2016,126,298.65,305.35,293.75,0,143.379858620397,NA,NA,NA,1900-05-05,2016
CH1_2016,127,296.45,301.15,292.25,0.000309027777777778,162.720134632386,NA,NA,NA,1900-05-06,2016
CH1_2016,128,291.65,295.75,290.25,7.63888888888889e-05,91.7236539171177,NA,NA,NA,1900-05-07,2016
CH1_2016,129,289.45,290.95,288.35,1.38888888888889e-05,91.9250597494158,NA,NA,NA,1900-05-08,2016
CH1_2016,130,294.55,304.15,287.95,9.25925925925926e-05,271.207768290036,NA,NA,NA,1900-05-09,2016
CH1_2016,131,296.05,302.95,290.55,2.19907407407407e-05,257.540759701986,NA,NA,NA,1900-05-10,2016
CH1_2016,132,297.65,304.85,292.25,0,256.032303697515,NA,NA,NA,1900-05-11,2016
CH1_2016,133,295.55,300.35,294.45,0,92.6756929158169,NA,NA,NA,1900-05-12,2016
CH1_2016,134,292.35,297.55,290.35,3.47222222222222e-06,145.066152043104,NA,NA,NA,1900-05-13,2016
CH1_2016,135,289.05,292.25,287.05,0.000140046296296296,93.0182487914039,NA,NA,NA,1900-05-14,2016
CH1_2016,136,290.95,298.05,286.05,6.13425925925926e-05,164.567879539534,NA,NA,NA,1900-05-15,2016
CH1_2016,137,293.05,300.45,287.55,0,220.457711195672,NA,NA,NA,1900-05-16,2016
CH1_2016,138,293.95,298.55,290.95,0,93.491548869291,NA,NA,NA,1900-05-17,2016
CH1_2016,139,294.05,300.15,289.85,5.78703703703704e-06,93.638625989968,NA,NA,NA,1900-05-18,2016
CH1_2016,140,294.65,300.15,290.85,2.43055555555556e-05,152.998928893675,NA,NA,NA,1900-05-19,2016
CH1_2016,141,294.65,299.15,290.65,0,93.9168708448667,NA,NA,NA,1900-05-20,2016
CH1_2016,142,292.05,295.45,291.35,0.000179398148148148,94.0481076027954,NA,NA,NA,1900-05-21,2016
CH1_2016,143,290.95,292.45,290.15,0.000402777777777778,94.1741199939074,NA,NA,NA,1900-05-22,2016
CH1_2016,144,292.45,297.25,289.25,0.000126157407407407,146.544491905548,NA,NA,NA,1900-05-23,2016
CH1_2016,145,295.15,301.85,289.95,0,240.700598823047,NA,NA,NA,1900-05-24,2016
CH1_2016,146,292.05,296.85,289.85,0.00018287037037037,94.5210185834357,NA,NA,NA,1900-05-25,2016
CH1_2016,147,288.95,290.85,287.95,0.000143518518518519,94.6264065921402,NA,NA,NA,1900-05-26,2016
CH1_2016,148,289.75,292.35,287.55,0,94.7266889705328,NA,NA,NA,1900-05-27,2016
CH1_2016,149,293.55,299.35,288.85,0,157.492504155815,NA,NA,NA,1900-05-28,2016
CH1_2016,150,296.65,301.85,292.35,0,223.717655812319,NA,NA,NA,1900-05-29,2016
CH1_2016,151,296.25,300.85,293.45,0,94.997287547864,NA,NA,NA,1900-05-30,2016
CH1_2016,152,296.05,301.55,292.95,1.85185185185185e-05,138.579678840887,NA,NA,NA,1900-05-31,2016
CH1_2016,153,298.75,304.85,295.55,1.15740740740741e-06,180.402858634879,NA,NA,NA,1900-06-01,2016
CH1_2016,154,295.75,301.55,292.85,9.375e-05,128.273485445202,NA,NA,NA,1900-06-02,2016
CH1_2016,155,298.15,304.35,292.95,0,276.162764649946,NA,NA,NA,1900-06-03,2016
CH1_2016,156,297.15,301.45,294.35,7.63888888888889e-05,135.342625703416,NA,NA,NA,1900-06-04,2016
CH1_2016,157,299.55,306.85,294.55,8.68055555555556e-05,274.47123626854,NA,NA,NA,1900-06-05,2016
CH1_2016,158,298.05,304.25,295.25,0.000653935185185185,171.934937641713,NA,NA,NA,1900-06-06,2016
CH1_2016,159,298.05,304.95,292.85,1.62037037037037e-05,269.282745209795,NA,NA,NA,1900-06-07,2016
CH1_2016,160,297.95,302.95,295.15,0,133.76720301168,NA,NA,NA,1900-06-08,2016
CH1_2016,161,291.75,297.25,290.95,0.00022337962962963,95.5799588093454,NA,NA,NA,1900-06-09,2016
CH1_2016,162,294.95,299.75,291.85,1.15740740740741e-06,95.6118699412896,NA,NA,NA,1900-06-10,2016
CH1_2016,163,297.45,303.25,293.15,4.86111111111111e-05,279.692400757806,NA,NA,NA,1900-06-11,2016
CH1_2016,164,298.75,304.95,293.35,0,260.579975510795,NA,NA,NA,1900-06-12,2016
CH1_2016,165,298.45,304.15,295.05,0,139.069807289518,NA,NA,NA,1900-06-13,2016
CH1_2016,166,296.85,301.75,294.85,1.96759259259259e-05,123.45655260004,NA,NA,NA,1900-06-14,2016
CH1_2016,167,295.75,302.45,291.75,0.000659722222222222,159.891858459302,NA,NA,NA,1900-06-15,2016
CH1_2016,168,298.55,304.65,293.65,0,274.360735290532,NA,NA,NA,1900-06-16,2016
CH1_2016,169,298.85,305.45,293.45,0,276.057177066011,NA,NA,NA,1900-06-17,2016
CH1_2016,170,298.35,301.75,296.05,1.15740740740741e-05,95.6992262336397,NA,NA,NA,1900-06-18,2016
CH1_2016,171,299.95,307.05,294.75,0.000103009259259259,244.766424399112,NA,NA,NA,1900-06-19,2016
CH1_2016,172,301.95,307.75,298.15,0,234.323531206445,NA,NA,NA,1900-06-20,2016
CH1_2016,173,299.25,302.35,297.55,4.62962962962963e-06,95.6561117485134,NA,NA,NA,1900-06-21,2016
CH1_2016,174,300.95,306.25,297.75,0,170.126907818517,NA,NA,NA,1900-06-22,2016
CH1_2016,175,298.45,301.55,297.75,0,95.6046187981854,NA,NA,NA,1900-06-23,2016
CH1_2016,176,297.75,300.65,296.15,1.15740740740741e-06,95.5720605210013,NA,NA,NA,1900-06-24,2016
CH1_2016,177,297.55,302.05,293.75,5.78703703703704e-06,126.700883890304,NA,NA,NA,1900-06-25,2016
CH1_2016,178,294.95,298.85,294.15,1.38888888888889e-05,95.4934258975786,NA,NA,NA,1900-06-26,2016
CH1_2016,179,294.95,297.05,293.15,1.15740740740741e-06,95.4472929492592,NA,NA,NA,1900-06-27,2016
CH1_2016,180,297.85,304.15,291.85,0,254.601520878861,NA,NA,NA,1900-06-28,2016
CH1_2016,181,298.85,304.45,294.45,0,192.231397061988,NA,NA,NA,1900-06-29,2016
CH1_2016,182,296.35,300.25,293.85,0.000310185185185185,95.281902104697,NA,NA,NA,1900-06-30,2016
CH1_2016,183,299.75,304.95,295.95,0,148.834112774475,NA,NA,NA,1900-07-01,2016
CH1_2016,184,300.95,306.25,296.75,0,242.135593854218,NA,NA,NA,1900-07-02,2016
CH1_2016,185,300.35,305.55,296.55,0,209.186283776472,NA,NA,NA,1900-07-03,2016
CH1_2016,186,298.45,301.95,296.05,1.62037037037037e-05,94.9980720068308,NA,NA,NA,1900-07-04,2016
CH1_2016,187,295.75,298.25,294.45,0.000981481481481481,94.9157979580503,NA,NA,NA,1900-07-05,2016
CH1_2016,188,294.55,296.05,293.55,0.00046875,94.8289793563004,NA,NA,NA,1900-07-06,2016
CH1_2016,189,296.85,301.35,294.15,1.73611111111111e-05,101.648383418555,NA,NA,NA,1900-07-07,2016
CH1_2016,190,298.35,302.85,295.45,9.49074074074074e-05,94.6416765624729,NA,NA,NA,1900-07-08,2016
CH1_2016,191,298.05,302.25,296.55,0.000572916666666667,110.084531237586,NA,NA,NA,1900-07-09,2016
CH1_2016,192,300.35,306.95,296.75,2.89351851851852e-05,208.397992095159,NA,NA,NA,1900-07-10,2016
CH1_2016,193,299.85,306.75,296.05,0.000430555555555556,223.802172743715,NA,NA,NA,1900-07-11,2016
CH1_2016,194,299.85,303.35,298.25,5.78703703703704e-06,114.923996736786,NA,NA,NA,1900-07-12,2016
CH1_2016,195,297.55,300.45,295.75,0.000850694444444444,94.0934112167083,NA,NA,NA,1900-07-13,2016
CH1_2016,196,294.95,297.75,293.65,0.000232638888888889,93.9699259754501,NA,NA,NA,1900-07-14,2016
CH1_2016,197,299.05,305.75,294.65,0,245.624177475495,NA,NA,NA,1900-07-15,2016
CH1_2016,198,299.25,303.85,295.35,0,112.677163655604,NA,NA,NA,1900-07-16,2016
CH1_2016,199,300.55,307.05,296.55,0,234.933310607895,NA,NA,NA,1900-07-17,2016
CH1_2016,200,298.95,303.35,296.15,1.85185185185185e-05,112.387559019927,NA,NA,NA,1900-07-18,2016
CH1_2016,201,301.35,307.75,296.75,0.000256944444444444,243.180155373898,NA,NA,NA,1900-07-19,2016
CH1_2016,202,302.15,308.55,296.95,0,273.987243960477,NA,NA,NA,1900-07-20,2016
CH1_2016,203,300.75,305.55,298.05,3.7037037037037e-05,130.856675419375,NA,NA,NA,1900-07-21,2016
CH1_2016,204,296.75,298.95,296.05,0.000486111111111111,92.8141957277415,NA,NA,NA,1900-07-22,2016
CH1_2016,205,299.05,303.95,295.45,0.000270833333333333,92.6485356528644,NA,NA,NA,1900-07-23,2016
CH1_2016,206,298.65,303.85,297.15,6.48148148148148e-05,92.4781153615068,NA,NA,NA,1900-07-24,2016
CH1_2016,207,299.75,305.45,296.05,0.000107638888888889,192.026812864101,NA,NA,NA,1900-07-25,2016
CH1_2016,208,299.95,306.15,297.45,4.16666666666667e-05,135.089468352053,NA,NA,NA,1900-07-26,2016
CH1_2016,209,299.55,307.15,294.55,0.000372685185185185,222.498900327391,NA,NA,NA,1900-07-27,2016
CH1_2016,210,299.85,305.25,296.65,0,239.419717754166,NA,NA,NA,1900-07-28,2016
CH1_2016,211,299.55,305.05,295.75,0,258.031801177158,NA,NA,NA,1900-07-29,2016
CH1_2016,212,299.45,306.45,295.85,1.04166666666667e-05,208.00052449552,NA,NA,NA,1900-07-30,2016
CH1_2016,213,298.25,305.05,295.05,0.000123842592592593,218.019477453678,NA,NA,NA,1900-07-31,2016
CH1_2016,214,298.85,303.55,295.85,1.27314814814815e-05,149.199471724161,NA,NA,NA,1900-08-01,2016
CH1_2016,215,299.05,304.85,296.65,0,171.211878776881,NA,NA,NA,1900-08-02,2016
CH1_2016,216,299.45,303.75,297.15,0,157.251355714143,NA,NA,NA,1900-08-03,2016
CH1_2016,217,299.25,305.45,297.25,1.27314814814815e-05,148.432261544843,NA,NA,NA,1900-08-04,2016
CH1_2016,218,298.55,304.15,296.35,0.000224537037037037,213.104202790494,NA,NA,NA,1900-08-05,2016
CH1_2016,219,300.25,306.05,296.45,0,214.487854861448,NA,NA,NA,1900-08-06,2016
CH1_2016,220,299.95,304.85,295.85,3.47222222222222e-06,188.557111633471,NA,NA,NA,1900-08-07,2016
CH1_2016,221,298.65,304.65,296.95,2.31481481481481e-06,130.263361416595,NA,NA,NA,1900-08-08,2016
CH1_2016,222,299.55,306.35,295.45,0,244.119220597773,NA,NA,NA,1900-08-09,2016
CH1_2016,223,299.45,305.45,295.55,0.00012037037037037,155.222092140846,NA,NA,NA,1900-08-10,2016
CH1_2016,224,300.25,307.65,296.95,4.51388888888889e-05,170.206770449437,NA,NA,NA,1900-08-11,2016
CH1_2016,225,301.05,307.35,297.05,0,207.238570697325,NA,NA,NA,1900-08-12,2016
CH1_2016,226,302.25,308.65,297.85,0,242.48922540482,NA,NA,NA,1900-08-13,2016
CH1_2016,227,302.75,308.95,298.65,0,252.225090886894,NA,NA,NA,1900-08-14,2016
CH1_2016,228,300.45,307.85,297.15,0.000199074074074074,211.124408881061,NA,NA,NA,1900-08-15,2016
CH1_2016,229,301.65,308.05,297.05,0,247.912680159098,NA,NA,NA,1900-08-16,2016
CH1_2016,230,302.55,308.15,298.55,0,189.992510902366,NA,NA,NA,1900-08-17,2016
CH1_2016,231,300.15,303.65,298.65,0.000115740740740741,86.6447575407694,NA,NA,NA,1900-08-18,2016
CH1_2016,232,303.15,309.75,298.55,0,236.32769964017,NA,NA,NA,1900-08-19,2016
CH1_2016,233,303.25,309.75,299.05,0,232.459485180974,NA,NA,NA,1900-08-20,2016
CH1_2016,234,303.55,310.45,299.15,0,245.394152209719,NA,NA,NA,1900-08-21,2016
CH1_2016,235,303.85,309.75,299.35,0,246.531145154728,NA,NA,NA,1900-08-22,2016
CH1_2016,236,303.35,309.55,299.35,0,209.111250621463,NA,NA,NA,1900-08-23,2016
CH1_2016,237,303.15,308.95,299.35,0,213.618302563637,NA,NA,NA,1900-08-24,2016
CH1_2016,238,302.85,308.85,300.75,2.19907407407407e-05,141.262705742137,NA,NA,NA,1900-08-25,2016
CH1_2016,239,297.85,302.15,296.55,0.000325231481481482,84.1421127138813,NA,NA,NA,1900-08-26,2016
CH1_2016,240,298.55,302.35,296.05,0,83.808517722153,NA,NA,NA,1900-08-27,2016
CH1_2016,241,298.45,303.45,295.95,1.15740740740741e-05,136.647146702565,NA,NA,NA,1900-08-28,2016
CH1_2016,242,293.75,296.45,292.55,6.13425925925926e-05,83.1278957797603,NA,NA,NA,1900-08-29,2016
CH1_2016,243,293.25,296.95,291.15,0.000121527777777778,82.7809641591261,NA,NA,NA,1900-08-30,2016
CH1_2016,244,295.35,300.05,292.55,1.15740740740741e-05,107.215811004842,NA,NA,NA,1900-08-31,2016
CH1_2016,245,297.35,302.65,293.75,1.15740740740741e-06,149.687527866792,NA,NA,NA,1900-09-01,2016
CH1_2016,246,296.85,301.85,293.45,0,81.7143164936843,NA,NA,NA,1900-09-02,2016
CH1_2016,247,293.85,297.65,292.85,0.000253472222222222,81.3503411475241,NA,NA,NA,1900-09-03,2016
CH1_2016,248,292.95,295.45,291.15,0.000142361111111111,80.9822557449057,NA,NA,NA,1900-09-04,2016
CH1_2016,249,291.65,293.75,291.25,0.000355324074074074,80.6101265334614,NA,NA,NA,1900-09-05,2016
CH1_2016,250,294.25,300.25,290.55,2.43055555555556e-05,124.277714123357,NA,NA,NA,1900-09-06,2016
CH1_2016,251,295.35,299.35,293.15,0,79.8540167656173,NA,NA,NA,1900-09-07,2016
CH1_2016,252,293.45,297.35,291.45,0.000162037037037037,79.4701838837256,NA,NA,NA,1900-09-08,2016
CH1_2016,253,295.55,302.25,290.55,1.85185185185185e-05,202.160567650517,NA,NA,NA,1900-09-09,2016
CH1_2016,254,296.15,300.65,293.35,1.62037037037037e-05,78.6913544726815,NA,NA,NA,1900-09-10,2016
CH1_2016,255,298.45,305.35,294.55,0,199.131358070459,NA,NA,NA,1900-09-11,2016
CH1_2016,256,295.85,298.35,294.65,0,77.8981997306936,NA,NA,NA,1900-09-12,2016
CH1_2016,257,292.15,294.55,290.95,0.00015625,77.4964719742987,NA,NA,NA,1900-09-13,2016
CH1_2016,258,292.55,294.25,291.75,4.74537037037037e-05,77.091435136864,NA,NA,NA,1900-09-14,2016
CH1_2016,259,294.25,300.15,291.15,3.00925925925926e-05,98.9913660135504,NA,NA,NA,1900-09-15,2016
CH1_2016,260,294.95,300.75,291.65,0,125.52471074721,NA,NA,NA,1900-09-16,2016
CH1_2016,261,294.25,297.35,292.95,0.00024537037037037,75.8574593556246,NA,NA,NA,1900-09-17,2016
CH1_2016,262,292.55,294.45,291.95,0.000193287037037037,75.4401912313131,NA,NA,NA,1900-09-18,2016
CH1_2016,263,292.65,296.85,290.65,0.000284722222222222,75.0201323439256,NA,NA,NA,1900-09-19,2016
CH1_2016,264,292.15,295.15,290.45,0.000116898148148148,74.597395806829,NA,NA,NA,1900-09-20,2016
CH1_2016,265,292.85,296.35,289.95,7.17592592592593e-05,74.1720978542418,NA,NA,NA,1900-09-21,2016
CH1_2016,266,291.95,293.75,291.55,7.75462962962963e-05,73.7443578221676,NA,NA,NA,1900-09-22,2016
CH1_2016,267,292.65,295.75,291.05,0.000256944444444444,73.3142981259872,NA,NA,NA,1900-09-23,2016
CH1_2016,268,292.85,295.45,291.05,0,72.8820442346803,NA,NA,NA,1900-09-24,2016
CH1_2016,269,294.05,298.05,291.35,2.43055555555556e-05,72.4477246416439,NA,NA,NA,1900-09-25,2016
CH1_2016,270,292.75,294.35,292.15,4.62962962962963e-06,72.0114708320715,NA,NA,NA,1900-09-26,2016
CH1_2016,271,295.45,301.55,292.45,0,108.352406965143,NA,NA,NA,1900-09-27,2016
CH1_2016,272,295.65,302.45,291.45,5.55555555555556e-05,165.80090474994,NA,NA,NA,1900-09-28,2016
CH1_2016,273,293.25,296.55,292.55,2.19907407407407e-05,70.6924630501162,NA,NA,NA,1900-09-29,2016
CH1_2016,274,295.55,301.85,291.85,4.62962962962963e-06,144.512178474971,NA,NA,NA,1900-09-30,2016
CH1_2016,275,296.35,303.65,292.25,6.8287037037037e-05,163.413408499068,NA,NA,NA,1900-10-01,2016
CH1_2016,276,297.35,304.35,292.75,0,198.703004023821,NA,NA,NA,1900-10-02,2016
CH1_2016,277,298.05,304.15,293.95,0,166.291524770413,NA,NA,NA,1900-10-03,2016
CH1_2016,278,295.75,298.95,293.75,1.04166666666667e-05,68.4685421843661,NA,NA,NA,1900-10-04,2016
CH1_2016,279,292.55,295.05,290.45,0.000222222222222222,68.0212701947619,NA,NA,NA,1900-10-05,2016
CH1_2016,280,291.85,294.35,289.95,2.08333333333333e-05,67.5735336595047,NA,NA,NA,1900-10-06,2016
CH1_2016,281,290.55,292.35,290.15,5.09259259259259e-05,67.1254937881254,NA,NA,NA,1900-10-07,2016
CH1_2016,282,290.25,292.75,289.25,3.47222222222222e-05,66.6773141035544,NA,NA,NA,1900-10-08,2016
CH1_2016,283,288.65,289.85,288.05,4.97685185185185e-05,66.2291603597441,NA,NA,NA,1900-10-09,2016
CH1_2016,284,287.85,289.15,287.45,5.20833333333333e-05,65.7812004549697,NA,NA,NA,1900-10-10,2016
CH1_2016,285,288.55,291.25,286.65,2.5462962962963e-05,65.3336134460558,NA,NA,NA,1900-10-11,2016
CH1_2016,286,287.95,289.05,287.35,3.125e-05,64.8865774418551,NA,NA,NA,1900-10-12,2016
CH1_2016,287,289.15,292.25,287.15,1.15740740740741e-06,64.4402537001893,NA,NA,NA,1900-10-13,2016
CH1_2016,288,288.85,290.75,288.15,1.38888888888889e-05,63.9948178841538,NA,NA,NA,1900-10-14,2016
CH1_2016,289,289.75,293.35,288.05,1.85185185185185e-05,63.5504473027212,NA,NA,NA,1900-10-15,2016
CH1_2016,290,290.55,294.65,288.65,3.125e-05,63.1073207964601,NA,NA,NA,1900-10-16,2016
CH1_2016,291,292.85,298.95,289.15,9.25925925925926e-06,172.740575766244,NA,NA,NA,1900-10-17,2016
CH1_2016,292,292.35,297.45,288.85,0,62.2255223096307,NA,NA,NA,1900-10-18,2016
CH1_2016,293,291.05,292.85,289.85,5.90277777777778e-05,61.7872517859097,NA,NA,NA,1900-10-19,2016
CH1_2016,294,292.55,297.65,290.05,0,98.9335660629355,NA,NA,NA,1900-10-20,2016
CH1_2016,295,292.95,297.75,290.85,4.62962962962963e-06,60.9168443549132,NA,NA,NA,1900-10-21,2016
CH1_2016,296,292.65,295.15,291.35,0,60.4850675738822,NA,NA,NA,1900-10-22,2016
CH1_2016,297,292.05,294.75,289.95,6.94444444444444e-06,60.0558379505609,NA,NA,NA,1900-10-23,2016
CH1_2016,298,292.25,297.65,290.25,0,97.883764406674,NA,NA,NA,1900-10-24,2016
CH1_2016,299,290.45,293.65,288.85,1.27314814814815e-05,59.2058360039797,NA,NA,NA,1900-10-25,2016
CH1_2016,300,290.45,292.65,289.15,0,58.7853881800435,NA,NA,NA,1900-10-26,2016
CH1_2016,301,289.45,291.25,287.55,2.43055555555556e-05,58.3682927781615,NA,NA,NA,1900-10-27,2016
CH1_2016,302,286.05,287.85,284.05,0.000153935185185185,57.9546906989828,NA,NA,NA,1900-10-28,2016
CH1_2016,303,285.45,289.55,283.35,0,89.5696355852223,NA,NA,NA,1900-10-29,2016
CH1_2016,304,285.75,288.65,283.85,0,57.1387648751669,NA,NA,NA,1900-10-30,2016
CH1_2016,305,286.65,290.55,284.05,4.62962962962963e-06,56.7368173652803,NA,NA,NA,1900-10-31,2016
CH1_2016,306,286.85,288.65,285.85,0,56.3391663756888,NA,NA,NA,1900-11-01,2016
CH1_2016,307,287.05,290.25,285.15,1.04166666666667e-05,55.9459716034671,NA,NA,NA,1900-11-02,2016
CH1_2016,308,287.55,291.85,284.65,0,55.5574414387866,NA,NA,NA,1900-11-03,2016
CH1_2016,309,288.55,293.05,286.55,3.47222222222222e-06,64.2542960069896,NA,NA,NA,1900-11-04,2016
CH1_2016,310,288.65,290.95,287.55,0,54.7951204638259,NA,NA,NA,1900-11-05,2016
CH1_2016,311,288.05,289.65,286.95,2.89351851851852e-05,54.421681270667,NA,NA,NA,1900-11-06,2016
CH1_2016,312,285.75,288.45,283.15,0.000204861111111111,54.0537112591907,NA,NA,NA,1900-11-07,2016
CH1_2016,313,284.05,286.45,282.75,5.78703703703704e-06,53.6913131862783,NA,NA,NA,1900-11-08,2016
CH1_2016,314,283.25,284.35,282.45,0,53.3346919624811,NA,NA,NA,1900-11-09,2016
CH1_2016,315,283.55,286.35,281.65,0,52.9840841173344,NA,NA,NA,1900-11-10,2016
CH1_2016,316,283.95,285.85,283.25,6.94444444444444e-06,52.6396145813513,NA,NA,NA,1900-11-11,2016
CH1_2016,317,285.95,289.25,283.25,1.15740740740741e-06,52.3014701063042,NA,NA,NA,1900-11-12,2016
CH1_2016,318,287.15,291.35,284.85,0,51.9698346205875,NA,NA,NA,1900-11-13,2016
CH1_2016,319,287.55,290.25,285.85,0,51.6448946501316,NA,NA,NA,1900-11-14,2016
CH1_2016,320,288.45,291.05,286.15,0,51.3268355492163,NA,NA,NA,1900-11-15,2016
CH1_2016,321,288.25,292.45,285.75,4.16666666666667e-05,51.0158075158467,NA,NA,NA,1900-11-16,2016
CH1_2016,322,290.15,295.55,287.15,0,85.0064149841513,NA,NA,NA,1900-11-17,2016
CH1_2016,323,290.15,294.55,286.95,1.15740740740741e-06,61.3944287173935,NA,NA,NA,1900-11-18,2016
CH1_2016,324,288.85,290.65,287.65,8.44907407407407e-05,50.1265907101262,NA,NA,NA,1900-11-19,2016
CH1_2016,325,289.35,295.05,287.55,0,95.8396451870244,NA,NA,NA,1900-11-20,2016
CH1_2016,326,288.05,291.95,284.65,0,49.5720121377931,NA,NA,NA,1900-11-21,2016
CH1_2016,327,284.65,288.85,281.35,9.72222222222222e-05,49.3066429969571,NA,NA,NA,1900-11-22,2016
CH1_2016,328,280.45,281.35,279.45,1.62037037037037e-05,49.0494119208559,NA,NA,NA,1900-11-23,2016
CH1_2016,329,279.55,280.65,278.05,4.62962962962963e-06,48.8005028428199,NA,NA,NA,1900-11-24,2016
CH1_2016,330,279.65,283.35,277.95,1.15740740740741e-06,48.5600395681087,NA,NA,NA,1900-11-25,2016
CH1_2016,331,282.75,289.65,278.65,0,113.49553641521,NA,NA,NA,1900-11-26,2016
CH1_2016,332,281.55,283.95,278.85,0,48.1049734610877,NA,NA,NA,1900-11-27,2016
CH1_2016,333,282.55,284.85,281.15,0,47.8906235170891,NA,NA,NA,1900-11-28,2016
CH1_2016,334,282.85,285.85,281.15,0,47.6852802429391,NA,NA,NA,1900-11-29,2016
CH1_2016,335,285.35,291.15,281.95,0,98.9966736042298,NA,NA,NA,1900-11-30,2016
CH1_2016,336,283.45,285.25,282.45,0,47.3019433358664,NA,NA,NA,1900-12-01,2016
CH1_2016,337,282.75,284.95,281.25,2.66203703703704e-05,47.1242123255403,NA,NA,NA,1900-12-02,2016
CH1_2016,338,282.15,283.45,281.35,8.10185185185185e-06,46.9559180105161,NA,NA,NA,1900-12-03,2016
CH1_2016,339,282.25,288.45,278.35,0,116.327940644881,NA,NA,NA,1900-12-04,2016
CH1_2016,340,283.05,289.25,281.55,1.27314814814815e-05,80.1808366971258,NA,NA,NA,1900-12-05,2016
CH1_2016,341,283.55,290.55,279.55,0,127.283600889185,NA,NA,NA,1900-12-06,2016
CH1_2016,342,282.15,290.45,277.75,0,123.544304382043,NA,NA,NA,1900-12-07,2016
CH1_2016,343,281.65,289.25,277.75,0,124.43777651654,NA,NA,NA,1900-12-08,2016
CH1_2016,344,282.15,285.25,280.85,0,59.9232955458343,NA,NA,NA,1900-12-09,2016
CH1_2016,345,284.55,291.05,280.75,0,128.571175962318,NA,NA,NA,1900-12-10,2016
CH1_2016,346,282.95,285.55,280.95,2.31481481481481e-06,45.9601110938098,NA,NA,NA,1900-12-11,2016
CH1_2016,347,284.25,287.75,282.35,2.31481481481481e-05,45.880637544113,NA,NA,NA,1900-12-12,2016
CH1_2016,348,283.95,285.55,283.05,5.78703703703704e-06,45.8113990191457,NA,NA,NA,1900-12-13,2016
CH1_2016,349,283.35,284.95,282.15,8.10185185185185e-05,45.7524014846084,NA,NA,NA,1900-12-14,2016
CH1_2016,350,283.55,284.95,282.85,0,45.7037173838056,NA,NA,NA,1900-12-15,2016
CH1_2016,351,282.85,288.15,279.25,4.62962962962963e-06,103.791856962391,NA,NA,NA,1900-12-16,2016
CH1_2016,352,281.85,283.25,280.85,3.47222222222222e-06,45.6374083465416,NA,NA,NA,1900-12-17,2016
CH1_2016,353,283.05,286.95,281.15,1.15740740740741e-06,45.6198198889046,NA,NA,NA,1900-12-18,2016
CH1_2016,354,282.95,284.55,281.95,3.47222222222222e-06,45.6126508898458,NA,NA,NA,1900-12-19,2016
CH1_2016,355,282.95,284.45,281.85,0,45.6159211456984,NA,NA,NA,1900-12-20,2016
CH1_2016,356,284.25,288.15,281.75,1.50462962962963e-05,45.6296173800902,NA,NA,NA,1900-12-21,2016
CH1_2016,357,283.95,286.55,282.15,0,45.653759939112,NA,NA,NA,1900-12-22,2016
CH1_2016,358,282.55,284.15,281.85,4.62962962962963e-06,45.6883360756637,NA,NA,NA,1900-12-23,2016
CH1_2016,359,282.25,284.65,280.55,1.15740740740741e-06,45.7333227878896,NA,NA,NA,1900-12-24,2016
CH1_2016,360,281.05,282.75,280.25,3.24074074074074e-05,45.7886907073349,NA,NA,NA,1900-12-25,2016
CH1_2016,361,280.75,282.55,279.65,2.31481481481481e-06,45.8544465363078,NA,NA,NA,1900-12-26,2016
CH1_2016,362,281.95,287.15,278.95,0,103.185248038983,NA,NA,NA,1900-12-27,2016
CH1_2016,363,282.15,286.15,279.75,0,56.3370531509,NA,NA,NA,1900-12-28,2016
CH1_2016,364,282.05,284.65,280.15,0,46.1136476712072,NA,NA,NA,1900-12-29,2016
CH1_2016,365,281.35,283.05,279.85,1.04166666666667e-05,46.2205555795711,NA,NA,NA,1900-12-30,2016
CH1_2016,366,281.65,283.75,280.45,0,46.3376090796644,NA,NA,NA,1900-12-31,2016
JP1_2013,121,280.15,283.85,276.75,0,132.083333333333,0.00762848956151994,3.6,0.76,1899-12-31,2013
JP1_2013,122,279.35,284.05,276.65,0,167.777777777778,0.00712214474904448,3.1,0.75,1900-01-01,2013
JP1_2013,123,279.35,282.55,276.65,6.94444444444444e-05,158.287037037037,0.00750199246899351,2.9,0.79,1900-01-02,2013
JP1_2013,124,280.95,283.55,277.65,0.000167824074074074,89.3171296296296,0.00912140497349242,2.3,0.86,1900-01-03,2013
JP1_2013,125,283.15,286.75,277.75,0,76.8981481481482,0.00800957646989184,3.4,0.65,1900-01-04,2013
JP1_2013,126,282.65,292.15,275.55,2.89351851851852e-05,178.449074074074,0.00845747344204149,3.5,0.71,1900-01-05,2013
JP1_2013,127,277.45,280.95,273.05,0,179.583333333333,0.00673440085839045,3.9,0.81,1900-01-06,2013
JP1_2013,128,281.05,290.35,271.75,0,313.680555555556,0.00747556522327296,2.6,0.7,1900-01-07,2013
JP1_2013,129,285.25,293.65,275.25,0,288.761574074074,0.00766169855179852,2.6,0.54,1900-01-08,2013
JP1_2013,130,287.85,296.25,278.35,0,287.638888888889,0.00842322295239279,3.4,0.5,1900-01-09,2013
JP1_2013,131,285.95,289.65,283.05,3.47222222222222e-05,81.0648148148148,0.0127832588825188,2.1,0.86,1900-01-10,2013
JP1_2013,132,286.25,293.55,280.65,1.73611111111111e-05,316.527777777778,0.0110687338737805,3.7,0.73,1900-01-11,2013
JP1_2013,133,283.35,287.65,280.75,0,134.016203703704,0.0112411236638001,3.4,0.9,1900-01-12,2013
JP1_2013,134,288.35,295.05,282.05,0,308.18287037037,0.0121841117996993,2.6,0.7,1900-01-13,2013
JP1_2013,135,286.15,290.05,283.45,0,129.166666666667,0.0125019532781622,3.3,0.83,1900-01-14,2013
JP1_2013,136,286.75,292.95,281.35,5.78703703703704e-06,123.819444444444,0.0133211114657679,2.2,0.85,1900-01-15,2013
JP1_2013,137,287.05,294.95,279.25,0,335.868055555556,0.0102302298459299,2.7,0.64,1900-01-16,2013
JP1_2013,138,288.85,298.65,278.75,0,300.162037037037,0.0102496519287812,1.8,0.57,1900-01-17,2013
JP1_2013,139,287.75,292.65,282.35,1.73611111111111e-05,108.726851851852,0.011046095711698,1.4,0.66,1900-01-18,2013
JP1_2013,140,289.15,292.65,285.95,6.94444444444444e-05,95.3356481481481,0.0166853468619601,2.4,0.91,1900-01-19,2013
JP1_2013,141,289.95,294.45,282.55,0,234.606481481481,0.0129372497235465,2.9,0.67,1900-01-20,2013
JP1_2013,142,288.25,297.15,279.05,0,294.12037037037,0.0119319480802639,3.8,0.69,1900-01-21,2013
JP1_2013,143,287.45,293.75,280.65,0,248.344907407407,0.0108309526116592,3.1,0.66,1900-01-22,2013
JP1_2013,144,287.85,294.45,283.25,5.78703703703704e-06,220.590277777778,0.0119609765923978,2.5,0.71,1900-01-23,2013
JP1_2013,145,286.95,292.35,282.65,0,175.798611111111,0.0119098798818734,3,0.75,1900-01-24,2013
JP1_2013,146,290.75,298.85,284.25,0,298.75,0.0138237449352221,2.4,0.68,1900-01-25,2013
JP1_2013,147,293.15,301.35,287.45,0,286.018518518519,0.0175253032186445,2.9,0.74,1900-01-26,2013
JP1_2013,148,291.65,297.15,287.35,0,155.659722222222,0.0163654208913779,3.3,0.76,1900-01-27,2013
JP1_2013,149,290.15,291.25,288.35,5.20833333333333e-05,43.2291666666667,0.0183862845271171,3.7,0.94,1900-01-28,2013
JP1_2013,150,289.05,292.05,283.95,0.000104166666666667,50.5208333333333,0.0174882828743806,3,0.96,1900-01-29,2013
JP1_2013,151,291.65,300.55,284.25,0,344.293981481482,0.0139967415518364,1.9,0.65,1900-01-30,2013
JP1_2013,152,291.45,300.95,281.75,0,317.175925925926,0.0131814678941887,2.5,0.62,1900-01-31,2013
JP1_2013,153,289.85,296.35,284.35,0,324.62962962963,0.0132377406914238,2.5,0.69,1900-02-01,2013
JP1_2013,154,290.15,297.55,282.05,0,280.914351851852,0.0134963152379902,1.8,0.69,1900-02-02,2013
JP1_2013,155,291.65,299.55,285.65,0,336.701388888889,0.0142120760372492,2.2,0.66,1900-02-03,2013
JP1_2013,156,292.35,301.35,283.15,0,330.486111111111,0.0141837046250251,1.5,0.63,1900-02-04,2013
JP1_2013,157,292.45,298.65,284.55,0,195.798611111111,0.0151802385385142,1.3,0.67,1900-02-05,2013
JP1_2013,158,291.35,296.25,288.75,0,191.423611111111,0.0169000687205323,1.9,0.8,1900-02-06,2013
JP1_2013,159,292.35,299.05,287.25,0,306.655092592593,0.0168853626488394,3.2,0.75,1900-02-07,2013
JP1_2013,160,292.45,300.55,285.15,0,303.287037037037,0.0163130921607913,2.2,0.72,1900-02-08,2013
JP1_2013,161,294.25,303.65,284.15,0,350.358796296296,0.0162423010284826,2.4,0.64,1900-02-09,2013
JP1_2013,162,293.85,300.45,287.25,0,306.122685185185,0.0178198780196086,2.9,0.72,1900-02-10,2013
JP1_2013,163,292.55,296.35,290.55,0,134.618055555556,0.0184689239594028,3.2,0.81,1900-02-11,2013
JP1_2013,164,295.15,301.65,290.75,0,263.06712962963,0.0217449875966676,3.5,0.81,1900-02-12,2013
JP1_2013,165,296.65,302.15,292.55,0,233.483796296296,0.023272859507257,2.9,0.79,1900-02-13,2013
JP1_2013,166,294.75,297.35,291.05,0.000144675925925926,86.9791666666667,0.0238279443341921,2.2,0.91,1900-02-14,2013
JP1_2013,167,295.25,300.85,290.85,0,243.020833333333,0.0208002007320079,2,0.77,1900-02-15,2013
JP1_2013,168,295.45,300.55,291.85,0,235.162037037037,0.0202398991062675,2.7,0.74,1900-02-16,2013
JP1_2013,169,294.15,297.85,290.95,1.73611111111111e-05,110.68287037037,0.02068046853974,2.5,0.82,1900-02-17,2013
JP1_2013,170,290.75,292.95,286.85,0.000190972222222222,53.2060185185185,0.019312584835972,1.7,0.95,1900-02-18,2013
JP1_2013,171,293.05,298.45,287.65,0,245.428240740741,0.0183563741649558,2.3,0.78,1900-02-19,2013
JP1_2013,172,291.95,296.05,287.65,0,156.886574074074,0.0175590731597149,2.3,0.8,1900-02-20,2013
JP1_2013,173,291.65,296.15,287.75,0,220.636574074074,0.0155040829497264,2.2,0.72,1900-02-21,2013
JP1_2013,174,292.55,298.85,286.25,0,289.444444444444,0.0150487528558097,2.3,0.66,1900-02-22,2013
JP1_2013,175,293.95,301.85,284.15,0,348.344907407407,0.0166868226706707,1.5,0.67,1900-02-23,2013
JP1_2013,176,294.55,303.65,287.85,3.47222222222222e-05,282.060185185185,0.0201703891620075,1.6,0.78,1900-02-24,2013
JP1_2013,177,294.25,299.65,288.45,0,228.877314814815,0.0200490903320332,2.3,0.79,1900-02-25,2013
JP1_2013,178,291.85,298.15,287.25,4.62962962962963e-05,300.196759259259,0.0178838634159358,3.4,0.82,1900-02-26,2013
JP1_2013,179,288.55,289.65,287.45,0,53.1828703703704,0.0160471709057577,2.9,0.91,1900-02-27,2013
JP1_2013,180,290.25,293.55,287.25,0,132.905092592593,0.016930163912143,2.6,0.86,1900-02-28,2013
JP1_2013,181,292.85,298.35,289.55,0,222.615740740741,0.0190553745592432,3.3,0.82,1900-03-01,2013
JP1_2013,182,294.35,298.55,291.55,0,155.960648148148,0.0214519155297222,3.1,0.84,1900-03-02,2013
JP1_2013,183,294.55,300.45,291.05,0,241.122685185185,0.0188774154977763,3.3,0.73,1900-03-03,2013
JP1_2013,184,291.55,294.35,289.65,0.000295138888888889,42.8819444444444,0.0192568965151645,3,0.9,1900-03-04,2013
JP1_2013,185,294.95,299.55,290.45,0.00025462962962963,170.960648148148,0.0235968125769138,2.1,0.89,1900-03-05,2013
JP1_2013,186,295.75,297.85,294.15,0.000306712962962963,83.587962962963,0.0267506227559475,2.6,0.96,1900-03-06,2013
JP1_2013,187,296.15,299.15,295.05,0.00041087962962963,63.4027777777778,0.026278852340822,2.5,0.92,1900-03-07,2013
JP1_2013,188,297.35,301.75,292.35,0,299.398148148148,0.0246038254053343,3.1,0.8,1900-03-08,2013
JP1_2013,189,295.95,300.75,291.85,0.000266203703703704,146.30787037037,0.0256735333016349,2.2,0.91,1900-03-09,2013
JP1_2013,190,297.15,299.35,295.15,9.25925925925926e-05,45.4398148148148,0.0264302267768156,2.4,0.87,1900-03-10,2013
JP1_2013,191,297.05,300.85,295.45,2.89351851851852e-05,87.2800925925926,0.026872213740596,2.2,0.89,1900-03-11,2013
JP1_2013,192,293.85,295.55,291.35,0.000555555555555556,51.9444444444444,0.0245023322769618,1.3,0.99,1900-03-12,2013
JP1_2013,193,292.15,296.35,290.45,0.000850694444444444,30.3125,0.0222297277171029,2.2,1,1900-03-13,2013
JP1_2013,194,293.45,296.65,290.95,0.000260416666666667,111.527777777778,0.0229282433311358,2,0.95,1900-03-14,2013
JP1_2013,195,294.85,298.25,292.45,3.47222222222222e-05,143.217592592593,0.0229231571587561,1.8,0.87,1900-03-15,2013
JP1_2013,196,295.15,299.45,292.55,9.25925925925926e-05,192.731481481481,0.0241610973296306,1.9,0.9,1900-03-16,2013
JP1_2013,197,295.75,302.25,290.75,6.36574074074074e-05,282.002314814815,0.0225708379503307,1.6,0.81,1900-03-17,2013
JP1_2013,198,292.45,295.45,290.65,0,135.208333333333,0.0199382237520783,2.6,0.88,1900-03-18,2013
JP1_2013,199,291.55,293.75,289.55,0.000480324074074074,62.5578703703704,0.0196848275488349,3.6,0.92,1900-03-19,2013
JP1_2013,200,291.75,294.85,287.45,0,260.208333333333,0.0173369012232994,4.7,0.8,1900-03-20,2013
JP1_2013,201,292.55,299.25,286.95,0,252.407407407407,0.018696935366309,1.8,0.82,1900-03-21,2013
JP1_2013,202,295.15,299.55,291.65,0,187.210648148148,0.0212080743226758,1.1,0.79,1900-03-22,2013
JP1_2013,203,292.85,294.45,291.85,0.000179398148148148,57.9976851851852,0.0218439659581568,1.5,0.94,1900-03-23,2013
JP1_2013,204,294.65,298.85,292.55,0,140.729166666667,0.0239398363702798,1.5,0.92,1900-03-24,2013
JP1_2013,205,294.75,298.25,292.55,5.78703703703704e-06,135.636574074074,0.0233042532499242,2.3,0.89,1900-03-25,2013
JP1_2013,206,293.45,295.25,292.25,0.000422453703703704,48.6342592592593,0.0234109431907386,1.7,0.97,1900-03-26,2013
JP1_2013,207,296.05,301.15,293.75,0.000445601851851852,197.395833333333,0.0264006892242099,1.9,0.93,1900-03-27,2013
JP1_2013,208,296.55,304.55,293.95,0.000347222222222222,81.412037037037,0.0254720974334767,1.2,0.87,1900-03-28,2013
JP1_2013,209,297.75,303.95,293.45,0.000266203703703704,181.655092592593,0.0248989068761188,1.3,0.79,1900-03-29,2013
JP1_2013,210,298.85,302.75,295.15,0,198.37962962963,0.0256142354173974,1.8,0.76,1900-03-30,2013
JP1_2013,211,298.35,302.05,295.35,0,138.240740740741,0.0245200734190567,1.3,0.75,1900-03-31,2013
JP1_2013,212,297.85,305.85,295.05,0.000167824074074074,90.0925925925926,0.0256858462102875,1.2,0.81,1900-04-01,2013
JP1_2013,213,295.05,299.05,292.45,0.000190972222222222,81.7476851851852,0.0226771557858829,1.3,0.85,1900-04-02,2013
JP1_2013,214,295.65,301.15,291.05,0,299.293981481481,0.0204927791703475,1.7,0.74,1900-04-03,2013
JP1_2013,215,295.35,301.65,291.25,0,243.078703703704,0.0209299577452895,2.1,0.77,1900-04-04,2013
JP1_2013,216,295.05,300.85,287.45,0,291.979166666667,0.02027604517326,2,0.76,1900-04-05,2013
JP1_2013,217,296.25,301.55,292.55,5.78703703703704e-06,174.525462962963,0.025004735067172,1.7,0.87,1900-04-06,2013
JP1_2013,218,297.05,303.15,295.15,0.000150462962962963,160.509259259259,0.0283818886698429,1.3,0.94,1900-04-07,2013
JP1_2013,219,298.55,304.25,293.45,0,266.469907407407,0.0264751676604762,2.2,0.8,1900-04-08,2013
JP1_2013,220,297.35,303.45,291.15,0,203.263888888889,0.0255264688580343,1.5,0.83,1900-04-09,2013
JP1_2013,221,296.35,298.05,294.95,0.00087962962962963,39.3402777777778,0.0280515823949568,1.7,0.97,1900-04-10,2013
JP1_2013,222,299.75,305.35,293.85,1.73611111111111e-05,264.6875,0.0281162246598461,2.9,0.79,1900-04-11,2013
JP1_2013,223,298.55,305.35,291.95,0,277.743055555556,0.0264751676604762,2.3,0.8,1900-04-12,2013
JP1_2013,224,298.75,304.65,293.15,0,284.618055555556,0.0251241364972308,2.7,0.75,1900-04-13,2013
JP1_2013,225,297.15,303.05,291.65,0,201.886574074074,0.0246074525163456,1.1,0.81,1900-04-14,2013
JP1_2013,226,298.25,304.85,291.85,0,269.548611111111,0.0253459358464886,1.7,0.78,1900-04-15,2013
JP1_2013,227,299.05,306.15,295.05,0,263.043981481482,0.0249035476550267,2.5,0.73,1900-04-16,2013
JP1_2013,228,299.25,304.15,295.75,0,169.6875,0.0276243365106528,2.3,0.8,1900-04-17,2013
JP1_2013,229,300.05,305.45,296.55,0,190.335648148148,0.0286294384927332,2.3,0.79,1900-04-18,2013
JP1_2013,230,299.65,302.65,296.95,0,78.6574074074074,0.0279469810726084,2.6,0.79,1900-04-19,2013
JP1_2013,231,297.15,299.05,295.05,0.000237268518518519,46.7824074074074,0.0282530010372856,1.6,0.93,1900-04-20,2013
JP1_2013,232,296.65,301.45,292.55,0.000341435185185185,100.358796296296,0.0262187910904541,2.2,0.89,1900-04-21,2013
JP1_2013,233,295.85,303.45,290.75,0,265.868055555556,0.0227111635754176,1.5,0.81,1900-04-22,2013
JP1_2013,234,296.25,302.75,291.15,0,222.847222222222,0.0227054490839837,1.3,0.79,1900-04-23,2013
JP1_2013,235,295.35,299.95,291.25,3.47222222222222e-05,130.104166666667,0.0225608635436238,1.4,0.83,1900-04-24,2013
JP1_2013,236,296.25,302.55,292.55,1.73611111111111e-05,196.226851851852,0.0235676813276793,1.9,0.82,1900-04-25,2013
JP1_2013,237,295.15,300.85,290.75,3.47222222222222e-05,240.069444444444,0.020671161048684,2.4,0.77,1900-04-26,2013
JP1_2013,238,295.15,301.25,289.95,0,250.659722222222,0.0204027044116881,1.4,0.76,1900-04-27,2013
JP1_2013,239,294.45,298.75,291.45,0,191.030092592593,0.0213295772748868,1.7,0.83,1900-04-28,2013
JP1_2013,240,293.75,300.15,287.45,0,285.648148148148,0.016478533496012,2.5,0.67,1900-04-29,2013
JP1_2013,241,292.05,296.65,285.35,0,125.046296296296,0.0178919978222477,1.3,0.81,1900-04-30,2013
JP1_2013,242,295.75,301.05,291.55,0.000231481481481481,98.7268518518518,0.0234067949114541,3.4,0.84,1900-05-01,2013
JP1_2013,243,293.85,296.35,291.05,0.000202546296296296,46.1805555555556,0.0232648407478223,1.7,0.94,1900-05-02,2013
JP1_2013,244,296.05,301.15,290.25,5.78703703703704e-06,136.435185185185,0.0238457838154154,2.4,0.84,1900-05-03,2013
JP1_2013,245,292.55,294.25,290.15,0.00037037037037037,33.3564814814815,0.0223451178768083,1,0.98,1900-05-04,2013
JP1_2013,246,293.55,295.75,291.75,1.15740740740741e-05,45.7060185185185,0.0235587891775368,1.1,0.97,1900-05-05,2013
JP1_2013,247,296.75,299.85,292.85,2.89351851851852e-05,105.543981481481,0.0272700466782647,2.6,0.92,1900-05-06,2013
JP1_2013,248,294.95,299.35,291.15,0.000295138888888889,116.400462962963,0.0238619453024971,1.8,0.9,1900-05-07,2013
JP1_2013,249,292.45,297.95,288.05,0,214.189814814815,0.0188053701298011,1.5,0.83,1900-05-08,2013
JP1_2013,250,292.15,293.75,290.55,6.94444444444444e-05,45.5324074074074,0.0204513494997347,1.4,0.92,1900-05-09,2013
JP1_2013,251,291.85,294.95,289.65,0.000277777777777778,71.5625,0.0207191100550476,0.9,0.95,1900-05-10,2013
JP1_2013,252,292.05,298.75,287.65,0,219.178240740741,0.0185546644082569,1.1,0.84,1900-05-11,2013
JP1_2013,253,293.75,299.05,289.35,0,241.712962962963,0.018938016107357,1.7,0.77,1900-05-12,2013
JP1_2013,254,294.15,296.95,291.45,0,85.162037037037,0.0209326693755905,1.8,0.83,1900-05-13,2013
JP1_2013,255,295.45,299.15,293.05,1.15740740740741e-05,128.969907407407,0.0235220449072838,1.4,0.86,1900-05-14,2013
JP1_2013,256,294.25,297.35,292.85,1.15740740740741e-05,67.5347222222222,0.0228407358213036,1.7,0.9,1900-05-15,2013
JP1_2013,257,297.55,302.85,293.45,0,159.814814814815,0.0270866782027383,2.6,0.87,1900-05-16,2013
JP1_2013,258,294.95,297.35,291.55,0.000277777777777778,23.2060185185185,0.0249224762048303,1.8,0.94,1900-05-17,2013
JP1_2013,259,292.15,297.75,289.45,0.00103587962962963,13.4722222222222,0.0202290522225637,2.8,0.91,1900-05-18,2013
JP1_2013,260,291.45,297.05,284.95,0,239.907407407407,0.0136066765359367,2.9,0.64,1900-05-19,2013
JP1_2013,261,289.85,298.45,281.95,0,226.828703703704,0.0155399564638454,1.1,0.81,1900-05-20,2013
JP1_2013,262,289.45,297.35,282.75,0,233.75,0.0143954956232265,1.6,0.77,1900-05-21,2013
JP1_2013,263,291.35,298.85,284.85,0,224.155092592593,0.0154213127074858,2,0.73,1900-05-22,2013
JP1_2013,264,292.35,299.75,286.95,0,116.712962962963,0.018686467998049,1.7,0.83,1900-05-23,2013
JP1_2013,265,291.45,296.95,285.55,0,225.810185185185,0.0159453240655508,3,0.75,1900-05-24,2013
JP1_2013,266,288.85,295.55,282.45,0,212.789351851852,0.0133065656619264,2.4,0.74,1900-05-25,2013
JP1_2013,267,291.55,296.65,284.45,0,128.611111111111,0.0175451723804832,2.4,0.82,1900-05-26,2013
JP1_2013,268,294.95,299.95,290.15,2.89351851851852e-05,79.5486111111111,0.0222711489489973,2.8,0.84,1900-05-27,2013
JP1_2013,269,287.35,291.45,282.25,5.78703703703704e-06,102.962962962963,0.0120643268341239,3.9,0.74,1900-05-28,2013
JP1_2013,270,285.55,292.55,280.05,0,218.263888888889,0.0107111812534806,1.6,0.74,1900-05-29,2013
JP1_2013,271,286.35,294.45,277.65,0,227.87037037037,0.0120580054340074,1.9,0.79,1900-05-30,2013
JP1_2013,272,289.95,295.55,285.15,0,162.55787037037,0.0154474623564734,1.6,0.8,1900-05-31,2013
JP1_2013,273,291.35,295.15,288.45,0,118.043981481481,0.0175338212975523,1.3,0.83,1900-06-01,2013
JP1_2013,274,292.95,298.95,289.35,1.15740740740741e-05,128.634259259259,0.0205793463820841,1.4,0.88,1900-06-02,2013
JP1_2013,275,291.75,295.75,287.85,0.000150462962962963,61.9212962962963,0.0203708589373768,1,0.94,1900-06-03,2013
JP1_2013,276,289.25,293.55,280.35,0,134.016203703704,0.0129183738715278,2.9,0.7,1900-06-04,2013
JP1_2013,277,284.85,291.95,277.75,0,181.689814814815,0.0106372118041202,1.1,0.77,1900-06-05,2013
JP1_2013,278,286.45,292.35,279.15,0,104.861111111111,0.0133671532986714,1.3,0.87,1900-06-06,2013
JP1_2013,279,290.25,293.55,286.55,0,66.5856481481482,0.0167333015410716,1.8,0.85,1900-06-07,2013
JP1_2013,280,291.85,294.85,289.45,0,65.4282407407407,0.020282918264415,1.5,0.93,1900-06-08,2013
JP1_2013,281,292.75,294.35,291.45,3.47222222222222e-05,35.2893518518519,0.0221680620053532,1.7,0.96,1900-06-09,2013
JP1_2013,282,290.85,292.85,289.15,0.000277777777777778,27.4074074074074,0.0194368312807625,2,0.95,1900-06-10,2013
JP1_2013,283,292.05,297.55,288.65,5.78703703703704e-06,194.583333333333,0.0172293312362386,1.6,0.78,1900-06-11,2013
JP1_2013,284,290.85,292.65,288.65,0.000434027777777778,13.8194444444444,0.0194368312807625,2.2,0.95,1900-06-12,2013
JP1_2013,285,289.05,292.55,284.25,2.89351851851852e-05,124.895833333333,0.012569703315961,4,0.69,1900-06-13,2013
JP1_2013,286,286.25,291.05,280.25,0,162.349537037037,0.00864271001103412,3.5,0.57,1900-06-14,2013
JP1_2013,287,284.65,291.05,276.35,0,191.689814814815,0.00995063079706393,2.2,0.73,1900-06-15,2013
JP1_2013,288,287.15,292.05,281.65,8.68055555555556e-05,104.641203703704,0.0138376128686453,2.3,0.86,1900-06-16,2013
JP1_2013,289,282.05,284.95,278.75,0.000584490740740741,30.7407407407407,0.0102919877423775,6.6,0.9,1900-06-17,2013
JP1_2013,290,281.65,288.25,276.25,0,124.884259259259,0.00867945325213085,1.8,0.78,1900-06-18,2013
JP1_2013,291,280.05,288.25,273.25,0,186.111111111111,0.00797467594489784,1.1,0.8,1900-06-19,2013
JP1_2013,292,282.65,291.65,274.15,0,178.969907407407,0.00964866688458254,1.7,0.81,1900-06-20,2013
JP1_2013,293,283.95,286.55,279.85,0.000335648148148148,25.3125,0.0126154396189627,0.7,0.97,1900-06-21,2013
JP1_2013,294,287.55,291.55,285.05,2.31481481481481e-05,141.076388888889,0.0135452160037265,4.5,0.82,1900-06-22,2013
JP1_2013,295,284.95,286.55,283.65,0,47.1527777777778,0.0118210924492935,2.1,0.85,1900-06-23,2013
JP1_2013,296,284.95,287.35,283.55,0,48.275462962963,0.0122383074769157,1,0.88,1900-06-24,2013
JP1_2013,297,285.15,286.75,284.25,8.68055555555556e-05,29.7800925925926,0.0131074661301181,1.9,0.93,1900-06-25,2013
JP1_2013,298,286.95,288.65,284.65,0.000717592592592593,16.0648148148148,0.0158798398424979,1.1,1,1900-06-26,2013
JP1_2013,299,283.75,287.45,281.45,6.94444444444444e-05,37.9166666666667,0.0105219995954413,1.9,0.82,1900-06-27,2013
JP1_2013,300,282.95,287.15,278.45,0,87.5810185185185,0.00863128036514288,2.4,0.71,1900-06-28,2013
JP1_2013,301,282.05,288.85,275.35,0,168.680555555556,0.00869101187134099,1.8,0.76,1900-06-29,2013
JP1_2013,302,282.05,288.35,275.35,0,118.854166666667,0.0101776323230177,1.6,0.89,1900-06-30,2013
JP1_2013,303,283.75,287.45,281.15,0.000109953703703704,49.1087962962963,0.0120618044142863,0.8,0.94,1900-07-01,2013
JP1_2013,304,283.35,289.35,278.75,0,103.449074074074,0.0107415181676312,1.2,0.86,1900-07-02,2013
JP1_2013,305,281.65,288.55,275.35,0,138.263888888889,0.00801180300196694,1.7,0.72,1900-07-03,2013
JP1_2013,306,279.15,287.35,272.95,0,158.148148148148,0.00730472239708775,1.4,0.78,1900-07-04,2013
JP1_2013,307,281.05,288.05,275.35,5.78703703703704e-06,41.8402777777778,0.00971823479025485,1,0.91,1900-07-05,2013
JP1_2013,308,283.65,289.25,277.65,0,107.268518518519,0.0100689762099672,2.4,0.79,1900-07-06,2013
JP1_2013,309,280.75,288.45,274.15,0,134.791666666667,0.00795069490102141,1.6,0.76,1900-07-07,2013
JP1_2013,310,280.95,287.95,273.15,0,137.314814814815,0.00827290218526057,2.2,0.78,1900-07-08,2013
JP1_2013,311,283.25,285.85,281.35,0.000196759259259259,18.912037037037,0.0106691837141909,3,0.86,1900-07-09,2013
JP1_2013,312,280.45,284.75,272.25,0,131.875,0.00594354880212852,4.2,0.58,1900-07-10,2013
JP1_2013,313,276.95,283.55,269.55,0,147.141203703704,0.00585883900835602,1.6,0.73,1900-07-11,2013
JP1_2013,314,280.85,284.15,276.75,0.000208333333333333,14.1782407407407,0.0084269116660766,2.9,0.8,1900-07-12,2013
JP1_2013,315,275.95,279.95,272.05,0,68.9351851851852,0.00470990517778248,2.6,0.63,1900-07-13,2013
JP1_2013,316,273.75,278.05,269.75,0,125.324074074074,0.00478787451890886,2.6,0.75,1900-07-14,2013
JP1_2013,317,273.95,279.25,269.15,0,87.8935185185185,0.00492239064440891,1.4,0.76,1900-07-15,2013
JP1_2013,318,274.85,281.55,268.05,0,134.351851851852,0.00539024385551312,1.1,0.78,1900-07-16,2013
JP1_2013,319,279.15,283.45,274.45,0,39.9537037037037,0.0079602744070828,1.5,0.85,1900-07-17,2013
JP1_2013,320,278.25,286.65,271.55,0,124.444444444444,0.00712368632405237,1.7,0.81,1900-07-18,2013
JP1_2013,321,277.45,285.55,271.45,0,120.56712962963,0.00715010461508122,1.3,0.86,1900-07-19,2013
JP1_2013,322,280.15,286.35,273.35,0,79.5601851851852,0.00802998901212626,2,0.8,1900-07-20,2013
JP1_2013,323,278.35,280.65,275.35,2.89351851851852e-05,34.7685185185185,0.00797082258260149,1.7,0.9,1900-07-21,2013
JP1_2013,324,277.25,279.65,275.75,6.36574074074074e-05,54.3171296296296,0.00729592714175289,2,0.89,1900-07-22,2013
JP1_2013,325,276.85,281.45,274.25,1.73611111111111e-05,99.375,0.00685354809449626,2.5,0.86,1900-07-23,2013
JP1_2013,326,277.95,282.75,273.35,0,106.655092592593,0.00663093504865316,2.2,0.77,1900-07-24,2013
JP1_2013,327,277.55,283.65,271.45,0,89.5949074074074,0.0066982654432072,2,0.8,1900-07-25,2013
JP1_2013,328,278.15,284.65,272.35,2.31481481481481e-05,85,0.00759794195240917,1.4,0.87,1900-07-26,2013
JP1_2013,329,277.25,283.45,270.65,0.000162037037037037,18.8773148148148,0.00770581068904238,1.8,0.94,1900-07-27,2013
JP1_2013,330,279.75,284.35,273.25,0.000115740740740741,50.8333333333333,0.00829895454930697,2.8,0.85,1900-07-28,2013
JP1_2013,331,275.15,277.15,272.65,6.36574074074074e-05,12.6388888888889,0.00656658559085533,1.9,0.93,1900-07-29,2013
JP1_2013,332,276.35,280.35,272.55,9.25925925925926e-05,35.0925925925926,0.0067687408362182,2.8,0.88,1900-07-30,2013
JP1_2013,333,273.85,276.25,271.95,1.73611111111111e-05,60.8449074074074,0.0057228602910659,1.5,0.89,1900-07-31,2013
JP1_2013,334,275.25,277.05,272.65,1.73611111111111e-05,38.3912037037037,0.00597373158234944,2.3,0.84,1900-08-01,2013
JP1_2014,121,287.75,292.55,285.85,0.000196759259259259,91.2037037037037,0.0160670483079244,1.9,0.96,1899-12-31,2014
JP1_2014,122,286.95,291.55,281.65,0,255.532407407407,0.0127038718739983,3.2,0.8,1900-01-01,2014
JP1_2014,123,286.45,298.05,278.75,5.78703703703704e-06,228.229166666667,0.0104478899345938,3.4,0.68,1900-01-02,2014
JP1_2014,124,285.15,291.15,280.15,0,311.284722222222,0.00704702480113874,3.5,0.5,1900-01-03,2014
JP1_2014,125,285.55,291.85,279.95,5.78703703703704e-06,142.800925925926,0.00998745279040756,3.9,0.69,1900-01-04,2014
JP1_2014,126,284.35,289.35,280.25,5.78703703703704e-06,311.851851851852,0.00734786427685005,3.7,0.55,1900-01-05,2014
JP1_2014,127,284.55,290.85,277.25,0,292.071759259259,0.00717622249424365,2.8,0.53,1900-01-06,2014
JP1_2014,128,287.15,295.65,276.15,0,310,0.00965414851300837,3.3,0.6,1900-01-07,2014
JP1_2014,129,285.25,288.85,281.15,4.62962962962963e-05,194.872685185185,0.0106412479886091,3.2,0.75,1900-01-08,2014
JP1_2014,130,283.45,289.25,277.65,0,255.497685185185,0.00993405844581228,2.4,0.79,1900-01-09,2014
JP1_2014,131,287.65,299.45,275.15,0,329.247685185185,0.0103088721503183,1.9,0.62,1900-01-10,2014
JP1_2014,132,288.75,297.35,278.55,0,236.527777777778,0.0114337967414065,2.9,0.64,1900-01-11,2014
JP1_2014,133,289.05,294.85,284.05,2.31481481481481e-05,172.951388888889,0.0136627209956098,3.3,0.75,1900-01-12,2014
JP1_2014,134,292.05,299.15,283.75,0,306.851851851852,0.011265331962156,4.5,0.51,1900-01-13,2014
JP1_2014,135,290.05,300.05,281.45,0.000150462962962963,203.738425925926,0.0128265997067735,1.8,0.66,1900-01-14,2014
JP1_2014,136,285.85,290.85,283.05,9.25925925925926e-05,145.925925925926,0.0115174514901906,3.4,0.78,1900-01-15,2014
JP1_2014,137,284.35,287.95,281.55,0,180.428240740741,0.00935182726144552,4.2,0.7,1900-01-16,2014
JP1_2014,138,285.55,290.25,279.15,0,285.775462962963,0.00984270709779296,3.8,0.68,1900-01-17,2014
JP1_2014,139,286.25,295.35,276.35,0,288.113425925926,0.00940084246814238,2.1,0.62,1900-01-18,2014
JP1_2014,140,289.25,297.25,280.05,0,252.453703703704,0.0114419882862103,2.2,0.62,1900-01-19,2014
JP1_2014,141,287.25,289.65,285.35,9.83796296296296e-05,63.6342592592593,0.0142528172142509,2.2,0.88,1900-01-20,2014
JP1_2014,142,283.55,285.45,281.75,5.78703703703704e-05,100.092592592593,0.0110141048676531,3.4,0.87,1900-01-21,2014
JP1_2014,143,286.65,293.25,281.75,0,286.122685185185,0.0115209414638391,2.1,0.74,1900-01-22,2014
JP1_2014,144,288.15,293.35,281.45,0,241.076388888889,0.0104798860699363,3.3,0.61,1900-01-23,2014
JP1_2014,145,291.45,294.45,288.45,0,180.05787037037,0.0157327197446768,3.1,0.74,1900-01-24,2014
JP1_2014,146,290.75,296.15,286.65,2.89351851851852e-05,177.928240740741,0.0158566486021665,2.9,0.78,1900-01-25,2014
JP1_2014,147,290.75,296.75,287.25,8.68055555555556e-05,213.888888888889,0.0176862619024164,2.6,0.87,1900-01-26,2014
JP1_2014,148,293.15,301.75,285.55,0,311.944444444444,0.0149201905780352,2.2,0.63,1900-01-27,2014
JP1_2014,149,293.55,303.55,284.65,0,310.925925925926,0.015786817490102,2,0.65,1900-01-28,2014
JP1_2014,150,294.15,303.55,285.45,0,320.150462962963,0.0158886526585807,2.3,0.63,1900-01-29,2014
JP1_2014,151,294.75,302.75,285.25,0,333.275462962963,0.0141396592752349,3,0.54,1900-01-30,2014
JP1_2014,152,294.45,302.75,284.25,0,324.699074074074,0.0133631086541459,2.7,0.52,1900-01-31,2014
JP1_2014,153,295.35,305.15,285.75,0,336.574074074074,0.0144063345519525,2.2,0.53,1900-02-01,2014
JP1_2014,154,294.85,302.25,285.45,0,315.983796296296,0.0147551356424177,2.3,0.56,1900-02-02,2014
JP1_2014,155,294.75,301.65,289.55,0,298.414351851852,0.0183291879493786,3.2,0.7,1900-02-03,2014
JP1_2014,156,293.35,299.45,286.75,0,264.583333333333,0.0155892282123486,3.7,0.65,1900-02-04,2014
JP1_2014,157,292.35,298.65,289.15,5.78703703703704e-06,144.641203703704,0.0177859153234442,2.2,0.79,1900-02-05,2014
JP1_2014,158,292.15,296.75,288.45,1.73611111111111e-05,139.305555555556,0.0180060794508534,1.4,0.81,1900-02-06,2014
JP1_2014,159,293.35,297.55,289.65,1.15740740740741e-05,160.092592592593,0.0196664109755782,1.7,0.82,1900-02-07,2014
JP1_2014,160,293.65,300.25,290.55,5.20833333333333e-05,195.138888888889,0.0212633984151573,1.6,0.87,1900-02-08,2014
JP1_2014,161,294.55,299.65,290.85,1.15740740740741e-05,196.041666666667,0.021721957559085,1.6,0.84,1900-02-09,2014
JP1_2014,162,294.25,297.15,292.15,1.15740740740741e-05,118.18287037037,0.0210642341463133,2.7,0.83,1900-02-10,2014
JP1_2014,163,292.35,294.05,290.35,0.00021412037037037,47.1990740740741,0.0209378496845609,2.2,0.93,1900-02-11,2014
JP1_2014,164,290.45,293.95,287.85,2.31481481481481e-05,81.3657407407407,0.0169499740450644,3.4,0.85,1900-02-12,2014
JP1_2014,165,290.05,293.65,288.25,4.05092592592593e-05,234.907407407407,0.0155473935839678,3.3,0.8,1900-02-13,2014
JP1_2014,166,290.55,295.25,287.45,1.73611111111111e-05,89.0856481481482,0.0152529736370351,2.4,0.76,1900-02-14,2014
JP1_2014,167,292.15,297.25,285.15,1.15740740740741e-05,171.180555555556,0.0168945930649982,2.1,0.76,1900-02-15,2014
JP1_2014,168,292.65,298.85,287.25,0.000138888888888889,222.199074074074,0.0192746615177702,1.5,0.84,1900-02-16,2014
JP1_2014,169,294.25,298.85,289.75,0,265.219907407407,0.0195415184248931,2.2,0.77,1900-02-17,2014
JP1_2014,170,293.35,296.85,290.05,0,184.0625,0.0175079024538684,3.1,0.73,1900-02-18,2014
JP1_2014,171,291.15,294.95,287.35,1.15740740740741e-05,142.939814814815,0.0171024927098002,2.2,0.82,1900-02-19,2014
JP1_2014,172,292.95,299.65,285.65,0,297.731481481482,0.0175392156665489,2.2,0.75,1900-02-20,2014
JP1_2014,173,293.85,299.15,289.35,0,202.407407407407,0.0190573695487481,1.5,0.77,1900-02-21,2014
JP1_2014,174,291.75,297.95,285.65,0,279.733796296296,0.0162533448968432,2.9,0.75,1900-02-22,2014
JP1_2014,175,292.25,299.45,284.35,0,301.481481481481,0.0161073863639461,1.5,0.72,1900-02-23,2014
JP1_2014,176,294.55,301.35,287.45,0,328.842592592593,0.0181016312992375,2.1,0.7,1900-02-24,2014
JP1_2014,177,296.55,302.45,292.75,0,309.039351851852,0.0199092255801887,3.5,0.68,1900-02-25,2014
JP1_2014,178,296.55,301.75,293.35,0,282.581018518518,0.0202020083093091,3.5,0.69,1900-02-26,2014
JP1_2014,179,295.75,301.55,291.85,0,225.185185185185,0.0200629670669606,3.1,0.72,1900-02-27,2014
JP1_2014,180,293.05,296.75,289.55,0.000185185185185185,80.462962962963,0.0204744173378353,1.3,0.87,1900-02-28,2014
JP1_2014,181,291.95,297.25,288.05,7.52314814814815e-05,202.847222222222,0.01909549206119,1.9,0.87,1900-03-01,2014
JP1_2014,182,294.45,299.95,291.15,0.000266203703703704,279.351851851852,0.0213295772748868,1.9,0.83,1900-03-02,2014
JP1_2014,183,295.95,302.25,290.75,0.000769675925925926,298.877314814815,0.0217237589475372,1.5,0.77,1900-03-03,2014
JP1_2014,184,295.65,300.05,290.25,0,307.002314814815,0.0216004969633392,2.3,0.78,1900-03-04,2014
JP1_2014,185,294.35,300.35,290.55,0.00037037037037037,180.034722222222,0.021962675423287,1.7,0.86,1900-03-05,2014
JP1_2014,186,293.75,298.95,289.85,0,225.439814814815,0.0191839643684916,3,0.78,1900-03-06,2014
JP1_2014,187,296.05,302.85,291.05,0,271.527777777778,0.0212908784066209,2.1,0.75,1900-03-07,2014
JP1_2014,188,295.55,300.35,291.05,5.78703703703704e-06,181.886574074074,0.022567718014481,1.4,0.82,1900-03-08,2014
JP1_2014,189,297.35,303.95,291.95,0,308.553240740741,0.0227585384999342,1.9,0.74,1900-03-09,2014
JP1_2014,190,295.55,298.65,291.35,1.15740740740741e-05,139.756944444444,0.0231181501611756,1.9,0.84,1900-03-10,2014
JP1_2014,191,294.75,295.85,293.45,0.000804398148148148,28.287037037037,0.025922708671264,3,0.99,1900-03-11,2014
JP1_2014,192,295.95,300.85,292.25,0.000364583333333333,129.282407407407,0.0248271530828997,1.9,0.88,1900-03-12,2014
JP1_2014,193,296.15,300.85,290.55,0,266.018518518519,0.0208516980530436,2.9,0.73,1900-03-13,2014
JP1_2014,194,294.25,298.35,291.85,6.36574074074074e-05,83.8888888888889,0.0218255920070235,1.6,0.86,1900-03-14,2014
JP1_2014,195,295.15,299.65,290.45,2.89351851851852e-05,165.219907407407,0.0222819008706594,1.4,0.83,1900-03-15,2014
JP1_2014,196,295.85,302.15,288.55,0,302.384259259259,0.0210288551624237,2.4,0.75,1900-03-16,2014
JP1_2014,197,294.65,299.75,291.35,2.31481481481481e-05,117.847222222222,0.0223785426939572,1,0.86,1900-03-17,2014
JP1_2014,198,295.05,301.55,289.95,0,261.331018518519,0.0213432054455369,1.7,0.8,1900-03-18,2014
JP1_2014,199,294.35,296.25,292.55,0,93.9351851851852,0.0222180553700695,2.1,0.87,1900-03-19,2014
JP1_2014,200,294.85,299.15,292.55,5.78703703703704e-06,160.625,0.0221327034636266,2.1,0.84,1900-03-20,2014
JP1_2014,201,293.95,297.55,291.45,5.78703703703704e-06,146.886574074074,0.0221660778759655,1.1,0.89,1900-03-21,2014
JP1_2014,202,295.55,301.05,289.85,0,293.49537037037,0.020916421574397,2.4,0.76,1900-03-22,2014
JP1_2014,203,296.65,302.35,292.55,0,227.210648148148,0.0217998937156585,3.2,0.74,1900-03-23,2014
JP1_2014,204,296.25,298.15,294.95,0.000109953703703704,32.4421296296296,0.0252921458150705,2.2,0.88,1900-03-24,2014
JP1_2014,205,297.65,302.95,293.25,0.00015625,275.462962962963,0.0241205085940735,2.4,0.77,1900-03-25,2014
JP1_2014,206,297.85,302.95,291.85,0,316.388888888889,0.0209292080231972,2.8,0.66,1900-03-26,2014
JP1_2014,207,298.85,304.85,291.75,0,222.939814814815,0.0239290883504634,2.5,0.71,1900-03-27,2014
JP1_2014,208,297.65,301.15,293.15,2.31481481481481e-05,235.300925925926,0.0225542418022506,4.2,0.72,1900-03-28,2014
JP1_2014,209,295.45,300.15,289.75,0,226.50462962963,0.0191458505059287,2.2,0.7,1900-03-29,2014
JP1_2014,210,295.95,303.15,287.95,0,277.5,0.0203131252496452,1.6,0.72,1900-03-30,2014
JP1_2014,211,297.55,305.45,289.45,0,282.465277777778,0.0217938790136975,1.8,0.7,1900-03-31,2014
JP1_2014,212,298.85,304.65,293.65,1.73611111111111e-05,264.976851851852,0.0259512648307843,2.5,0.77,1900-04-01,2014
JP1_2014,213,297.35,300.35,295.65,8.10185185185185e-05,79.7453703703704,0.0279868513985678,1.5,0.91,1900-04-02,2014
JP1_2014,214,299.35,305.45,293.45,0,267.280092592593,0.0274446740670524,2,0.79,1900-04-03,2014
JP1_2014,215,300.05,306.95,294.15,0,293.043981481481,0.0279046425815248,1.4,0.77,1900-04-04,2014
JP1_2014,216,300.35,306.85,295.55,4.05092592592593e-05,233.981481481481,0.0284129676152499,1.7,0.77,1900-04-05,2014
JP1_2014,217,299.45,301.85,297.35,1.73611111111111e-05,79.5486111111111,0.0286597369498807,2.3,0.82,1900-04-06,2014
JP1_2014,218,299.95,303.45,297.55,4.62962962962963e-05,121.597222222222,0.0291778908579263,2.3,0.81,1900-04-07,2014
JP1_2014,219,298.45,302.75,296.05,2.89351851851852e-05,118.645833333333,0.0286170429963575,1.7,0.87,1900-04-08,2014
JP1_2014,220,294.45,297.15,292.05,6.36574074074074e-05,68.7268518518518,0.023642423003489,2.7,0.92,1900-04-09,2014
JP1_2014,221,293.65,295.45,291.85,7.52314814814815e-05,69.6527777777778,0.0229742465635033,1,0.94,1900-04-10,2014
JP1_2014,222,293.85,297.85,292.05,0.000578703703703704,60.4398148148148,0.0235123390536502,2.3,0.95,1900-04-11,2014
JP1_2014,223,296.95,299.05,293.65,0.000347222222222222,50.6018518518519,0.0261073442514301,4.1,0.87,1900-04-12,2014
JP1_2014,224,295.05,297.75,293.45,1.15740740740741e-05,78.4143518518518,0.0226771557858829,2.2,0.85,1900-04-13,2014
JP1_2014,225,296.05,302.05,291.35,0,221.180555555556,0.0221425135428857,2.6,0.78,1900-04-14,2014
JP1_2014,226,295.15,300.45,290.85,0,174.270833333333,0.020671161048684,1.5,0.77,1900-04-15,2014
JP1_2014,227,291.75,293.05,290.55,0.000729166666666667,22.1875,0.0210209927332505,1.3,0.97,1900-04-16,2014
JP1_2014,228,292.95,294.75,290.95,0,63.7268518518519,0.0215147712176334,1.4,0.92,1900-04-17,2014
JP1_2014,229,293.75,295.15,291.85,7.52314814814815e-05,60.0462962962963,0.0241029295911817,1.4,0.98,1900-04-18,2014
JP1_2014,230,297.35,302.35,294.45,0,194.513888888889,0.0276793035810011,1.5,0.9,1900-04-19,2014
JP1_2014,231,298.25,301.65,295.95,1.73611111111111e-05,127.951388888889,0.0282704669056988,1.9,0.87,1900-04-20,2014
JP1_2014,232,297.45,300.65,295.75,8.68055555555556e-05,93.5300925925926,0.0281589761389771,2.4,0.91,1900-04-21,2014
JP1_2014,233,296.45,297.85,295.15,0.000283564814814815,66.7361111111111,0.0279342927164871,1.8,0.96,1900-04-22,2014
JP1_2014,234,297.95,304.15,295.05,0.000109953703703704,236.516203703704,0.0280766583978558,2.1,0.88,1900-04-23,2014
JP1_2014,235,297.15,302.85,293.65,0.000133101851851852,239.606481481482,0.0243036568062672,2.2,0.8,1900-04-24,2014
JP1_2014,236,296.75,302.75,291.25,0,236.539351851852,0.0228238434155041,2.3,0.77,1900-04-25,2014
JP1_2014,237,295.65,300.65,290.05,0,207.071759259259,0.0218774264115872,2.2,0.79,1900-04-26,2014
JP1_2014,238,293.55,297.15,289.95,0,125.266203703704,0.0189441809881224,1.9,0.78,1900-04-27,2014
JP1_2014,239,290.95,293.65,288.15,0,93.2175925925926,0.0158553462480943,1.5,0.77,1900-04-28,2014
JP1_2014,240,291.05,294.65,288.45,0,102.858796296296,0.0186512845633996,1.7,0.9,1900-04-29,2014
JP1_2014,241,292.95,297.35,290.65,0,148.657407407407,0.0205793463820841,1.9,0.88,1900-04-30,2014
JP1_2014,242,293.95,299.15,290.75,5.78703703703704e-06,175.671296296296,0.0204226784924626,1.5,0.82,1900-05-01,2014
JP1_2014,243,293.95,299.35,288.85,0,266.759259259259,0.019177393218532,1.8,0.77,1900-05-02,2014
JP1_2014,244,293.05,299.85,286.75,0,243.18287037037,0.0176503597739959,1.6,0.75,1900-05-03,2014
JP1_2014,245,293.65,299.95,288.35,3.47222222222222e-05,158.310185185185,0.0195525502668113,1.7,0.8,1900-05-04,2014
JP1_2014,246,292.35,298.85,286.45,0,212.939814814815,0.0177859153234442,2.3,0.79,1900-05-05,2014
JP1_2014,247,292.85,294.65,291.05,5.78703703703704e-06,47.8009259259259,0.0190553745592432,2.6,0.82,1900-05-06,2014
JP1_2014,248,294.55,297.95,292.55,0.000162037037037037,91.0185185185185,0.0240493101547013,2.1,0.93,1900-05-07,2014
JP1_2014,249,293.55,298.35,288.85,0,138.912037037037,0.0196728033338194,1.9,0.81,1900-05-08,2014
JP1_2014,250,292.75,299.25,288.65,0,209.768518518519,0.0187043023170167,1.1,0.81,1900-05-09,2014
JP1_2014,251,292.55,299.05,286.75,0,220.902777777778,0.018696935366309,1.2,0.82,1900-05-10,2014
JP1_2014,252,293.75,299.85,288.55,8.10185185185185e-05,235.798611111111,0.0196758608907606,1.6,0.8,1900-05-11,2014
JP1_2014,253,292.15,297.75,288.15,2.31481481481481e-05,151.898148148148,0.0197844576682216,1.6,0.89,1900-05-12,2014
JP1_2014,254,292.55,298.45,287.15,0,173.634259259259,0.0184689239594028,1.6,0.81,1900-05-13,2014
JP1_2014,255,289.65,296.45,285.15,5.78703703703704e-06,188.368055555556,0.0162874338815356,1.6,0.86,1900-05-14,2014
JP1_2014,256,289.75,296.15,285.15,5.78703703703704e-05,172.708333333333,0.0165836345016442,1.3,0.87,1900-05-15,2014
JP1_2014,257,290.25,296.35,285.65,5.78703703703704e-06,188.726851851852,0.0167333015410716,1.2,0.85,1900-05-16,2014
JP1_2014,258,288.95,295.85,283.25,0,228.900462962963,0.0146602404725133,1.4,0.81,1900-05-17,2014
JP1_2014,259,288.75,296.25,282.75,6.94444444444444e-05,172.55787037037,0.0144708990008426,1.8,0.81,1900-05-18,2014
JP1_2014,260,288.25,292.95,281.55,0,144.606481481481,0.0127965819991236,1.8,0.74,1900-05-19,2014
JP1_2014,261,287.65,292.45,283.25,0,179.965277777778,0.012470409859256,1.8,0.75,1900-05-20,2014
JP1_2014,262,288.05,294.65,282.45,0,179.988425925926,0.0133132418747921,2.1,0.78,1900-05-21,2014
JP1_2014,263,288.55,295.25,281.65,0,200.763888888889,0.0137547179192209,1.4,0.78,1900-05-22,2014
JP1_2014,264,287.15,296.35,280.05,0,232.627314814815,0.0120676856412605,1.6,0.75,1900-05-23,2014
JP1_2014,265,286.95,295.75,279.25,0,203.703703703704,0.0122274766787234,1.9,0.77,1900-05-24,2014
JP1_2014,266,287.85,295.35,279.85,0,164.560185185185,0.0136456211828763,1.1,0.81,1900-05-25,2014
JP1_2014,267,288.75,293.75,283.15,0.000144675925925926,121.805555555556,0.0151855112971805,1.5,0.85,1900-05-26,2014
JP1_2014,268,289.35,291.95,286.05,0.000509259259259259,47.8472222222222,0.0170888033647347,2.2,0.92,1900-05-27,2014
JP1_2014,269,288.35,294.85,281.85,0,233.784722222222,0.0128803467596821,2.2,0.74,1900-05-28,2014
JP1_2014,270,287.25,294.45,279.85,0,215.219907407407,0.0121472873985093,2.5,0.75,1900-05-29,2014
JP1_2014,271,289.45,297.25,282.25,0,210.127314814815,0.0149563590890665,1.4,0.8,1900-05-30,2014
JP1_2014,272,290.25,297.05,283.65,0,212.974537037037,0.0153552649435716,2,0.78,1900-05-31,2014
JP1_2014,273,287.65,294.45,280.15,0,129.675925925926,0.0128029541221695,2.1,0.77,1900-06-01,2014
JP1_2014,274,285.65,293.45,278.45,0,224.560185185185,0.0104912091594614,1.8,0.72,1900-06-02,2014
JP1_2014,275,287.75,293.45,281.45,6.36574074074074e-05,140.509259259259,0.0140586672694339,2,0.84,1900-06-03,2014
JP1_2014,276,291.15,296.75,286.25,8.68055555555556e-05,88.4837962962963,0.0179367606468636,2.4,0.86,1900-06-04,2014
JP1_2014,277,288.45,295.55,279.65,0,163.726851851852,0.0129646011832751,1.9,0.74,1900-06-05,2014
JP1_2014,278,284.25,288.55,277.95,0,122.12962962963,0.0103509252486826,1.7,0.78,1900-06-06,2014
JP1_2014,279,285.25,287.15,284.15,0.000428240740740741,18.8078703703704,0.0130532641993604,5.3,0.92,1900-06-07,2014
JP1_2014,280,284.95,291.55,277.65,5.78703703703704e-06,194.097222222222,0.0108475907181752,1.7,0.78,1900-06-08,2014
JP1_2014,281,283.25,292.25,275.85,0,187.708333333333,0.0104210631626981,1.8,0.84,1900-06-09,2014
JP1_2014,282,284.55,293.85,276.65,0,194.224537037037,0.0108320339535753,1.5,0.8,1900-06-10,2014
JP1_2014,283,287.55,294.15,279.35,0,165.555555555556,0.012058545954537,2.8,0.73,1900-06-11,2014
JP1_2014,284,283.55,290.75,276.35,0,198.854166666667,0.00886192345673235,2.6,0.7,1900-06-12,2014
JP1_2014,285,283.25,291.05,275.15,0,195.439814814815,0.00955264123247327,1.8,0.77,1900-06-13,2014
JP1_2014,286,284.95,289.05,280.55,0.000121527777777778,58.6111111111111,0.0123773791527897,1.3,0.89,1900-06-14,2014
JP1_2014,287,285.45,287.15,282.55,0.000486111111111111,88.0671296296296,0.0119342276445157,5.7,0.83,1900-06-15,2014
JP1_2014,288,283.75,290.25,277.05,0,199.074074074074,0.00923882891307037,1.6,0.72,1900-06-16,2014
JP1_2014,289,282.75,287.65,276.35,1.73611111111111e-05,91.4814814814815,0.0106738044985982,1.1,0.89,1900-06-17,2014
JP1_2014,290,284.85,288.45,281.95,2.89351851851852e-05,149.965277777778,0.0102227749805831,3.5,0.74,1900-06-18,2014
JP1_2014,291,284.15,289.95,278.45,0,115.520833333333,0.00975439575065066,2.2,0.74,1900-06-19,2014
JP1_2014,292,283.25,291.85,277.75,0,154.039351851852,0.0107932439899373,1.5,0.87,1900-06-20,2014
JP1_2014,293,284.85,288.75,280.45,5.78703703703704e-06,54.375,0.0124331047061145,1,0.9,1900-06-21,2014
JP1_2014,294,286.65,288.35,285.05,0.00025462962962963,28.7268518518519,0.0149460862233588,1.5,0.96,1900-06-22,2014
JP1_2014,295,282.45,285.15,279.45,0,74.9884259259259,0.00951847045056975,3.8,0.81,1900-06-23,2014
JP1_2014,296,281.35,288.25,274.45,0,177.395833333333,0.00817603348189347,1.6,0.75,1900-06-24,2014
JP1_2014,297,281.85,290.05,275.65,0,157.384259259259,0.00981410541363568,1,0.87,1900-06-25,2014
JP1_2014,298,282.95,291.75,275.55,0,151.203703703704,0.0104547903014407,1.4,0.86,1900-06-26,2014
JP1_2014,299,284.25,294.35,274.65,0,164.780092592593,0.0104836294185375,1.5,0.79,1900-06-27,2014
JP1_2014,300,285.05,292.45,279.35,0,71.3425925925926,0.0110602603491873,2.7,0.79,1900-06-28,2014
JP1_2014,301,279.35,281.65,276.65,5.78703703703704e-06,91.8171296296296,0.00664733509910818,3.3,0.7,1900-06-29,2014
JP1_2014,302,282.65,287.05,275.05,0,137.025462962963,0.00678980262248401,3.4,0.57,1900-06-30,2014
JP1_2014,303,281.55,290.65,273.65,0,161.597222222222,0.00850978287902864,1.4,0.77,1900-07-01,2014
JP1_2014,304,281.45,291.85,273.45,0,153.125,0.00845174446120431,1.4,0.77,1900-07-02,2014
JP1_2014,305,280.75,285.15,275.55,6.36574074074074e-05,29.5138888888889,0.00983375421968438,1,0.94,1900-07-03,2014
JP1_2014,306,287.45,290.25,284.95,0.000190972222222222,39.0393518518519,0.016082323574888,2,0.98,1900-07-04,2014
JP1_2014,307,281.55,288.65,276.15,1.15740740740741e-05,85.7986111111111,0.00707306628906276,4.9,0.64,1900-07-05,2014
JP1_2014,308,279.95,284.65,273.35,0,87.3263888888889,0.00613777120659205,3.1,0.62,1900-07-06,2014
JP1_2014,309,279.05,287.55,271.15,0,153.18287037037,0.00725404523470811,1.5,0.78,1900-07-07,2014
JP1_2014,310,282.65,291.45,272.95,0,148.842592592593,0.00905307016331201,1.1,0.76,1900-07-08,2014
JP1_2014,311,281.35,286.15,277.45,0,139.803240740741,0.00599575788672188,4,0.55,1900-07-09,2014
JP1_2014,312,281.75,286.35,275.95,0,128.043981481481,0.00616209455696788,3.6,0.55,1900-07-10,2014
JP1_2014,313,279.95,284.25,274.05,1.15740740740741e-05,59.8148148148148,0.00732572692399697,1.3,0.74,1900-07-11,2014
JP1_2014,314,281.95,285.65,274.55,1.73611111111111e-05,32.650462962963,0.00851836848066571,2.5,0.75,1900-07-12,2014
JP1_2014,315,278.55,286.85,271.95,0,130.798611111111,0.00763404537132878,1.5,0.85,1900-07-13,2014
JP1_2014,316,281.25,284.55,276.85,5.20833333333333e-05,18.4143518518519,0.00996076916338743,1.5,0.92,1900-07-14,2014
JP1_2014,317,278.15,283.35,274.35,0.000138888888888889,34.2013888888889,0.00751060928628952,3.5,0.86,1900-07-15,2014
JP1_2014,318,275.85,278.65,274.05,2.31481481481481e-05,86.4814814814815,0.00630952320875413,2.7,0.85,1900-07-16,2014
JP1_2014,319,275.65,278.55,273.45,3.47222222222222e-05,85.2546296296296,0.00592745007883537,2.6,0.81,1900-07-17,2014
JP1_2014,320,277.65,280.85,272.45,0,36.25,0.00598669226870636,2.2,0.71,1900-07-18,2014
JP1_2014,321,274.85,278.05,269.45,3.47222222222222e-05,53.3680555555556,0.00635772352188727,0.9,0.92,1900-07-19,2014
JP1_2014,322,276.85,282.35,271.35,0,106.435185185185,0.00645508599597904,1.7,0.81,1900-07-20,2014
JP1_2014,323,275.85,280.35,270.35,0,63.9351851851852,0.00549299667585654,1.9,0.74,1900-07-21,2014
JP1_2014,324,273.85,281.85,268.25,0,106.273148148148,0.00527274768390341,1.2,0.82,1900-07-22,2014
JP1_2014,325,275.85,284.15,267.55,0,121.678240740741,0.00616106383913639,1.3,0.83,1900-07-23,2014
JP1_2014,326,279.85,287.45,274.15,0,83.9467592592593,0.00825832735151272,1,0.84,1900-07-24,2014
JP1_2014,327,279.35,284.95,270.95,3.47222222222222e-05,124.722222222222,0.00712214474904448,1.9,0.75,1900-07-25,2014
JP1_2014,328,276.45,283.05,270.75,0,116.273148148148,0.0055000466949734,1.8,0.71,1900-07-26,2014
JP1_2014,329,277.95,281.15,272.65,0,69.5949074074074,0.00602812277150287,3.6,0.7,1900-07-27,2014
JP1_2014,330,274.45,278.55,269.65,5.78703703703704e-06,30,0.00570747252909471,1.1,0.85,1900-07-28,2014
JP1_2014,331,279.15,286.95,272.85,0,110.486111111111,0.00786662411994065,1,0.84,1900-07-29,2014
JP1_2014,332,278.35,284.15,271.35,0,79.1435185185185,0.00770512849651477,1.2,0.87,1900-07-30,2014
JP1_2014,333,281.95,284.25,280.25,0.000185185185185185,18.8425925925926,0.0106763551624344,2.3,0.94,1900-07-31,2014
JP1_2014,334,282.25,285.15,280.55,1.15740740740741e-05,78.1134259259259,0.0097376222886302,2.2,0.84,1900-08-01,2014
JP1_2015,121,290.65,300.05,280.55,0,278.703703703704,0.0119174087190353,2,0.59,1899-12-31,2015
JP1_2015,122,290.95,299.85,280.55,0,296.666666666667,0.0107075065571546,2.6,0.52,1900-01-01,2015
JP1_2015,123,290.55,299.25,280.95,0,267.175925925926,0.0120418212923962,3,0.6,1900-01-02,2015
JP1_2015,124,291.75,297.85,288.25,5.78703703703704e-05,219.62962962963,0.0158199223662607,3.8,0.73,1900-01-03,2015
JP1_2015,125,286.35,291.95,279.05,0,266.215277777778,0.0082421809295747,3.8,0.54,1900-01-04,2015
JP1_2015,126,287.05,296.45,276.85,0,301.909722222222,0.00863175643250336,2.8,0.54,1900-01-05,2015
JP1_2015,127,288.25,295.85,278.95,0,269.675925925926,0.00933804632368478,2.6,0.54,1900-01-06,2015
JP1_2015,128,286.45,296.15,275.25,0,265.127314814815,0.00891143553244762,3.1,0.58,1900-01-07,2015
JP1_2015,129,285.85,293.45,278.45,0,183.657407407407,0.00885957806937738,2.2,0.6,1900-01-08,2015
JP1_2015,130,284.45,288.65,279.35,5.78703703703704e-06,257.418981481481,0.00806977646257153,4.2,0.6,1900-01-09,2015
JP1_2015,131,286.25,294.75,275.15,0,328.946759259259,0.00803620404534752,3.2,0.53,1900-01-10,2015
JP1_2015,132,285.15,290.95,278.95,0.000109953703703704,124.293981481481,0.0104295967056853,1.6,0.74,1900-01-11,2015
JP1_2015,133,288.45,291.25,284.95,6.36574074074074e-05,164.988425925926,0.0120886146168376,4.3,0.69,1900-01-12,2015
JP1_2015,134,289.65,293.75,282.65,0,290.05787037037,0.012878436092377,4.8,0.68,1900-01-13,2015
JP1_2015,135,288.55,294.25,283.45,0.00021412037037037,193.912037037037,0.0137547179192209,2.8,0.78,1900-01-14,2015
JP1_2015,136,288.45,294.25,280.25,6.94444444444444e-05,214.398148148148,0.0134901931231376,3,0.77,1900-01-15,2015
JP1_2015,137,285.95,291.75,278.55,0,323.993055555556,0.00936448034417072,4.3,0.63,1900-01-16,2015
JP1_2015,138,288.85,296.75,276.85,0,257.604166666667,0.0109689257483448,2.6,0.61,1900-01-17,2015
JP1_2015,139,287.95,290.05,286.25,0.000208333333333333,61.4814814814815,0.0147526145247836,2,0.87,1900-01-18,2015
JP1_2015,140,288.75,296.45,280.75,0,279.6875,0.01196975596366,3.3,0.67,1900-01-19,2015
JP1_2015,141,285.65,288.55,282.85,2.89351851851852e-05,130.636574074074,0.00990836420615803,3,0.68,1900-01-20,2015
JP1_2015,142,288.95,296.85,280.25,0,320.717592592593,0.0112214186332818,3.7,0.62,1900-01-21,2015
JP1_2015,143,292.25,298.65,284.25,0,331.863425925926,0.0105145438764648,3.9,0.47,1900-01-22,2015
JP1_2015,144,291.85,300.35,280.85,0,333.159722222222,0.0111228906611308,2.9,0.51,1900-01-23,2015
JP1_2015,145,291.85,299.95,283.15,0,322.592592592593,0.0122133701377123,2.6,0.56,1900-01-24,2015
JP1_2015,146,293.25,302.75,285.25,0,310.405092592593,0.0133463189841652,2.4,0.56,1900-01-25,2015
JP1_2015,147,289.25,294.35,285.85,0.00015625,147.638888888889,0.0132874702678572,1.9,0.72,1900-01-26,2015
JP1_2015,148,289.15,293.75,283.35,0,196.585648148148,0.0148517922617447,2.9,0.81,1900-01-27,2015
JP1_2015,149,293.75,300.15,289.25,0,261.93287037037,0.0186920678462225,2.8,0.76,1900-01-28,2015
JP1_2015,150,295.35,303.85,290.55,8.68055555555556e-05,277.037037037037,0.0203863224791781,1.7,0.75,1900-01-29,2015
JP1_2015,151,290.15,294.85,282.65,5.78703703703704e-06,181.539351851852,0.0140831115526855,3.8,0.72,1900-01-30,2015
JP1_2015,152,290.25,298.55,279.75,0,326.041666666667,0.011418017522143,2.9,0.58,1900-01-31,2015
JP1_2015,153,292.55,301.45,282.55,0,274.31712962963,0.0143647186350911,2.4,0.63,1900-02-01,2015
JP1_2015,154,291.35,296.65,287.05,5.78703703703704e-06,134.641203703704,0.0166888178615257,2.6,0.79,1900-02-02,2015
JP1_2015,155,286.65,290.25,283.85,5.78703703703704e-06,167.905092592593,0.0108981878711992,4.4,0.7,1900-02-03,2015
JP1_2015,156,289.85,293.85,285.55,0,231.585648148148,0.0120866328052131,3.9,0.63,1900-02-04,2015
JP1_2015,157,288.05,293.05,282.55,0,216.203703703704,0.0126305115222386,2.6,0.74,1900-02-05,2015
JP1_2015,158,289.85,297.85,280.35,0,349.895833333333,0.0117029301764761,2.2,0.61,1900-02-06,2015
JP1_2015,159,291.45,298.15,283.05,0,288.599537037037,0.0142444894985588,3.4,0.67,1900-02-07,2015
JP1_2015,160,289.75,291.55,287.65,0.000150462962962963,73.6111111111111,0.0167742509901688,2.5,0.88,1900-02-08,2015
JP1_2015,161,291.35,296.05,284.75,0,355.613425925926,0.0143650584124525,3.6,0.68,1900-02-09,2015
JP1_2015,162,292.65,300.05,283.05,0,305.104166666667,0.0146854563944916,1.6,0.64,1900-02-10,2015
JP1_2015,163,292.55,298.35,286.15,0.000104166666666667,173.078703703704,0.0182409125524966,2,0.8,1900-02-11,2015
JP1_2015,164,292.65,296.45,288.35,4.62962962962963e-05,276.273148148148,0.0183568204931145,3.4,0.8,1900-02-12,2015
JP1_2015,165,292.55,300.45,286.55,5.78703703703704e-06,170.868055555556,0.0180129011455904,1.7,0.79,1900-02-13,2015
JP1_2015,166,293.95,299.65,288.25,0,284.872685185185,0.0186792791089597,3,0.75,1900-02-14,2015
JP1_2015,167,293.35,302.25,287.55,0.000306712962962963,287.037037037037,0.0187070738548183,1.3,0.78,1900-02-15,2015
JP1_2015,168,292.65,298.25,290.15,0.000248842592592593,170.68287037037,0.0197335820300981,1.6,0.86,1900-02-16,2015
JP1_2015,169,292.15,295.85,287.95,1.15740740740741e-05,134.560185185185,0.0186729712823664,2.2,0.84,1900-02-17,2015
JP1_2015,170,291.35,296.55,285.95,0,228.425925925926,0.0156325635664924,2.8,0.74,1900-02-18,2015
JP1_2015,171,292.15,297.45,287.45,5.20833333333333e-05,209.00462962963,0.0184506740051954,1.3,0.83,1900-02-19,2015
JP1_2015,172,293.55,300.45,287.55,5.78703703703704e-06,257.094907407407,0.0184584327576577,1.4,0.76,1900-02-20,2015
JP1_2015,173,294.65,299.85,290.85,0,225.532407407407,0.019255955341312,1.8,0.74,1900-02-21,2015
JP1_2015,174,294.65,301.55,290.85,0,270.729166666667,0.0197763865667529,1.8,0.76,1900-02-22,2015
JP1_2015,175,293.75,300.55,288.05,0,300.868055555556,0.0182001713239535,2.1,0.74,1900-02-23,2015
JP1_2015,176,294.95,300.55,291.35,0,273.113425925926,0.019354688967581,3.4,0.73,1900-02-24,2015
JP1_2015,177,294.65,298.15,291.35,1.15740740740741e-05,128.090277777778,0.0197763865667529,2.5,0.76,1900-02-25,2015
JP1_2015,178,290.75,292.85,287.95,0.000445601851851852,58.9351851851852,0.0189060041025831,3.3,0.93,1900-02-26,2015
JP1_2015,179,285.25,287.95,283.05,2.89351851851852e-05,116.238425925926,0.0116344311342126,6.1,0.82,1900-02-27,2015
JP1_2015,180,289.15,295.65,282.55,0,304.236111111111,0.013935014961637,2.5,0.76,1900-02-28,2015
JP1_2015,181,291.45,294.85,288.55,0,90.8217592592593,0.018283971595165,2.5,0.86,1900-03-01,2015
JP1_2015,182,291.15,292.45,290.35,3.47222222222222e-05,62.0833333333333,0.0191881625524588,2.1,0.92,1900-03-02,2015
JP1_2015,183,295.15,301.15,290.55,0,245.05787037037,0.0185235079527168,2.9,0.69,1900-03-03,2015
JP1_2015,184,294.45,298.75,290.15,0,231.25,0.0177318172526167,2.1,0.69,1900-03-04,2015
JP1_2015,185,292.65,297.45,288.15,1.15740740740741e-05,168.530092592593,0.0176684397246227,2,0.77,1900-03-05,2015
JP1_2015,186,292.55,300.25,285.35,0,286.631944444444,0.0173288669248718,1.8,0.76,1900-03-06,2015
JP1_2015,187,293.85,300.35,288.05,0,306.053240740741,0.0185623729370923,2.7,0.75,1900-03-07,2015
JP1_2015,188,295.05,301.25,288.95,0,328.18287037037,0.0157406140160834,3.5,0.59,1900-03-08,2015
JP1_2015,189,292.35,297.55,286.55,0,172.592592592593,0.0157596718055835,2.1,0.7,1900-03-09,2015
JP1_2015,190,293.55,299.35,289.65,0,214.467592592593,0.0191870551033547,2.8,0.79,1900-03-10,2015
JP1_2015,191,294.85,302.25,287.05,0,344.606481481481,0.0160725584676336,2.1,0.61,1900-03-11,2015
JP1_2015,192,294.45,303.15,284.85,0,342.708333333333,0.0172178515351496,2,0.67,1900-03-12,2015
JP1_2015,193,297.35,305.95,288.05,0,337.141203703704,0.0196830603242674,1.3,0.64,1900-03-13,2015
JP1_2015,194,298.85,306.35,289.05,0,283.252314814815,0.0222439412835294,1.9,0.66,1900-03-14,2015
JP1_2015,195,299.75,304.35,294.15,0,191.81712962963,0.0245572088801187,3.6,0.69,1900-03-15,2015
JP1_2015,196,297.75,302.55,292.15,0,182.731481481481,0.0223774985848662,2.1,0.71,1900-03-16,2015
JP1_2015,197,293.15,294.75,291.45,0,51.5972222222222,0.0213145579686217,2.2,0.9,1900-03-17,2015
JP1_2015,198,296.75,302.05,292.55,2.89351851851852e-05,80.1273148148148,0.026973633127414,1.6,0.91,1900-03-18,2015
JP1_2015,199,297.15,301.15,295.05,3.47222222222222e-05,107.418981481481,0.0270378181969723,1.9,0.89,1900-03-19,2015
JP1_2015,200,296.65,300.95,294.65,2.31481481481481e-05,201.539351851852,0.0247458252988556,2.8,0.84,1900-03-20,2015
JP1_2015,201,296.35,299.95,293.25,5.78703703703704e-06,119.594907407407,0.0237137088287264,1.2,0.82,1900-03-21,2015
JP1_2015,202,299.75,306.45,294.95,1.15740740740741e-05,233.518518518519,0.0274044215039006,2.2,0.77,1900-03-22,2015
JP1_2015,203,300.85,308.55,294.65,0,274.930555555556,0.0273772932487581,1.5,0.72,1900-03-23,2015
JP1_2015,204,297.45,300.15,295.65,0.000474537037037037,72.3611111111111,0.0272306582442855,1.7,0.88,1900-03-24,2015
JP1_2015,205,297.95,300.95,295.05,0.000190972222222222,139.270833333333,0.0274385525251773,2.1,0.86,1900-03-25,2015
JP1_2015,206,296.25,297.95,295.15,0.000422453703703704,42.4652777777778,0.0275914317982587,2.6,0.96,1900-03-26,2015
JP1_2015,207,298.45,303.25,292.95,0,148.819444444444,0.0253277277094198,2.1,0.77,1900-03-27,2015
JP1_2015,208,299.45,305.85,291.65,0,326.087962962963,0.0258636650523314,2.2,0.74,1900-03-28,2015
JP1_2015,209,298.25,302.35,295.35,0,127.8125,0.027945519010231,1.1,0.86,1900-03-29,2015
JP1_2015,210,299.55,305.05,295.15,1.73611111111111e-05,254.282407407407,0.0277786442555249,1.7,0.79,1900-03-30,2015
JP1_2015,211,299.65,305.15,293.65,0,275.405092592593,0.0265319440562738,1.8,0.75,1900-03-31,2015
JP1_2015,212,300.45,304.65,296.95,0,240.069444444444,0.0282130060198694,2.8,0.76,1900-04-01,2015
JP1_2015,213,300.05,304.25,294.45,0,291.81712962963,0.0260926528035037,3,0.72,1900-04-02,2015
JP1_2015,214,299.15,304.35,293.85,0,203.101851851852,0.0260846243061433,1.9,0.76,1900-04-03,2015
JP1_2015,215,299.75,305.15,295.65,0,184.502314814815,0.0266926183479552,2,0.75,1900-04-04,2015
JP1_2015,216,300.05,305.75,293.45,0,274.814814814815,0.0264550507591079,2.3,0.73,1900-04-05,2015
JP1_2015,217,300.35,307.55,293.05,0,301.087962962963,0.0247229718210616,2.5,0.67,1900-04-06,2015
JP1_2015,218,300.35,307.45,293.25,0,309.814814814815,0.0247229718210616,2.7,0.67,1900-04-07,2015
JP1_2015,219,297.45,305.25,292.75,0,244.895833333333,0.0244457045602109,2.9,0.79,1900-04-08,2015
JP1_2015,220,297.85,304.25,293.15,0,244.097222222222,0.023148972510506,2.4,0.73,1900-04-09,2015
JP1_2015,221,297.15,303.75,291.65,5.78703703703704e-06,195.023148148148,0.0246074525163456,2,0.81,1900-04-10,2015
JP1_2015,222,299.85,305.25,296.35,0,196.25,0.0264961020860252,2.9,0.74,1900-04-11,2015
JP1_2015,223,298.55,304.85,295.45,0,143.49537037037,0.0258132884689643,1.5,0.78,1900-04-12,2015
JP1_2015,224,296.25,302.85,293.25,6.36574074074074e-05,193.946759259259,0.025004735067172,1.5,0.87,1900-04-13,2015
JP1_2015,225,295.95,300.85,292.65,0,187.303240740741,0.0234165193850076,1.9,0.83,1900-04-14,2015
JP1_2015,226,294.85,298.05,293.15,0.000555555555555556,112.696759259259,0.0245040645490152,2,0.93,1900-04-15,2015
JP1_2015,227,295.45,300.35,292.95,6.94444444444444e-05,201.666666666667,0.0243425813575379,1.5,0.89,1900-04-16,2015
JP1_2015,228,297.75,303.25,292.75,0,265.150462962963,0.0245837308397122,1.9,0.78,1900-04-17,2015
JP1_2015,229,296.75,300.45,293.45,6.94444444444444e-05,142.8125,0.024898738271459,1.9,0.84,1900-04-18,2015
JP1_2015,230,295.65,300.15,293.25,0.000185185185185185,105.868055555556,0.0229851442045789,2.7,0.83,1900-04-19,2015
JP1_2015,231,295.55,300.35,289.85,0,256.608796296296,0.019265125134313,3,0.7,1900-04-20,2015
JP1_2015,232,293.95,300.05,287.85,0,213.310185185185,0.0194264502733181,1.3,0.78,1900-04-21,2015
JP1_2015,233,295.25,300.65,291.85,9.25925925925926e-05,170.752314814815,0.0224209955942422,1.7,0.83,1900-04-22,2015
JP1_2015,234,293.25,294.65,292.55,0.000422453703703704,56.8171296296296,0.0228794039728546,3.2,0.96,1900-04-23,2015
JP1_2015,235,294.85,298.05,292.55,0,142.696759259259,0.0216057343335403,3.6,0.82,1900-04-24,2015
JP1_2015,236,292.45,296.55,289.75,0,146.574074074074,0.017672516507524,4.2,0.78,1900-04-25,2015
JP1_2015,237,291.35,296.55,288.55,0,242.291666666667,0.0139425566944392,2.6,0.66,1900-04-26,2015
JP1_2015,238,290.75,294.85,287.55,5.20833333333333e-05,108.668981481481,0.015653358235472,2.6,0.77,1900-04-27,2015
JP1_2015,239,291.15,293.85,289.05,6.94444444444444e-05,92.8703703703704,0.0183538946153953,1.6,0.88,1900-04-28,2015
JP1_2015,240,293.35,297.45,290.25,0,168.032407407407,0.0187070738548183,1.7,0.78,1900-04-29,2015
JP1_2015,241,291.55,294.25,289.15,2.89351851851852e-05,70.0810185185185,0.0192568965151645,1.5,0.9,1900-04-30,2015
JP1_2015,242,291.85,293.55,290.05,5.78703703703704e-06,59.1203703703704,0.0198467264737825,1.2,0.91,1900-05-01,2015
JP1_2015,243,291.65,292.75,290.75,6.36574074074074e-05,68.5416666666667,0.0206721105996352,1.4,0.96,1900-05-02,2015
JP1_2015,244,294.15,298.45,291.55,0.000138888888888889,145.99537037037,0.0226980752265439,1.5,0.9,1900-05-03,2015
JP1_2015,245,294.85,299.15,291.55,0.000248842592592593,93.4375,0.0229231571587561,2.5,0.87,1900-05-04,2015
JP1_2015,246,295.35,300.85,290.55,0,222.650462962963,0.0198426872130667,2.3,0.73,1900-05-05,2015
JP1_2015,247,293.75,299.45,289.05,5.78703703703704e-06,148.217592592593,0.0206596539352986,2.1,0.84,1900-05-06,2015
JP1_2015,248,291.85,297.85,286.35,0,202.789351851852,0.0170114798346707,2,0.78,1900-05-07,2015
JP1_2015,249,290.45,292.95,288.45,1.15740740740741e-05,48.8194444444444,0.0181464428011866,1.2,0.91,1900-05-08,2015
JP1_2015,250,292.05,295.55,290.05,5.78703703703704e-06,128.252314814815,0.0185546644082569,4.3,0.84,1900-05-09,2015
JP1_2015,251,291.65,295.85,289.85,0,134.62962962963,0.0163654208913779,5.2,0.76,1900-05-10,2015
JP1_2015,252,291.45,292.85,289.35,0,68.4027777777778,0.0172209499907949,5.5,0.81,1900-05-11,2015
JP1_2015,253,294.35,299.95,291.05,3.47222222222222e-05,112.12962962963,0.021962675423287,1.9,0.86,1900-05-12,2015
JP1_2015,254,293.25,296.15,292.05,0.000208333333333333,82.6736111111111,0.0224027497234201,1.7,0.94,1900-05-13,2015
JP1_2015,255,292.95,296.75,290.45,5.78703703703704e-06,172.997685185185,0.0175392156665489,2.5,0.75,1900-05-14,2015
JP1_2015,256,291.55,295.45,285.95,1.73611111111111e-05,75.5787037037037,0.0196848275488349,1,0.92,1900-05-15,2015
JP1_2015,257,289.65,296.65,285.05,0,191.423611111111,0.0153404900512138,1.4,0.81,1900-05-16,2015
JP1_2015,258,288.95,296.45,282.35,0,247.152777777778,0.0139362779800435,1.6,0.77,1900-05-17,2015
JP1_2015,259,289.15,296.95,282.45,0,233.472222222222,0.0146684368017232,1.2,0.8,1900-05-18,2015
JP1_2015,260,290.65,297.25,285.35,2.31481481481481e-05,192.5,0.0163611882413874,1.5,0.81,1900-05-19,2015
JP1_2015,261,289.45,291.15,287.15,0.000353009259259259,36.1111111111111,0.0173867674410398,2.3,0.93,1900-05-20,2015
JP1_2015,262,292.45,298.35,289.15,0.000115740740740741,148.622685185185,0.0194850823031674,1.6,0.86,1900-05-21,2015
JP1_2015,263,292.05,297.35,284.95,0,165.555555555556,0.0176711089602447,1.7,0.8,1900-05-22,2015
JP1_2015,264,289.75,297.05,282.85,0,218.761574074074,0.0158211685475456,1.3,0.83,1900-05-23,2015
JP1_2015,265,290.25,297.95,284.05,0,231.342592592593,0.015552127314643,1.6,0.79,1900-05-24,2015
JP1_2015,266,290.05,299.05,282.85,0,215.127314814815,0.0153530511641682,1.4,0.79,1900-05-25,2015
JP1_2015,267,289.95,295.85,284.35,0,162.280092592593,0.0154474623564734,1.6,0.8,1900-05-26,2015
JP1_2015,268,289.05,291.95,286.75,0,70.9953703703704,0.0160309259681822,1.4,0.88,1900-05-27,2015
JP1_2015,269,290.25,292.55,288.05,2.89351851851852e-05,65.1388888888889,0.0185050628807145,1.3,0.94,1900-05-28,2015
JP1_2015,270,291.15,298.05,282.55,0,181.828703703704,0.0175196266783319,1.5,0.84,1900-05-29,2015
JP1_2015,271,287.95,295.75,280.95,0,200.289351851852,0.0137351928334192,2.2,0.81,1900-05-30,2015
JP1_2015,272,287.75,291.65,282.95,1.15740740740741e-05,169.328703703704,0.0105440004520754,3.8,0.63,1900-05-31,2015
JP1_2015,273,286.65,291.95,280.15,0,200.949074074074,0.00934130388959928,2.8,0.6,1900-06-01,2015
JP1_2015,274,287.65,295.05,277.25,0.000434027777777778,205.983796296296,0.013135498385083,3.5,0.79,1900-06-02,2015
JP1_2015,275,289.35,292.85,286.15,0.000416666666666667,198.032407407407,0.0118878632102502,6,0.64,1900-06-03,2015
JP1_2015,276,288.45,295.25,285.65,0.000202546296296296,116.898148148148,0.0138405877497126,3.1,0.79,1900-06-04,2015
JP1_2015,277,284.75,290.25,279.15,5.78703703703704e-06,132.24537037037,0.0101546546236648,2.1,0.74,1900-06-05,2015
JP1_2015,278,283.75,290.15,278.45,0,134.618055555556,0.0107786337319154,1.1,0.84,1900-06-06,2015
JP1_2015,279,284.35,292.25,276.85,0,210.185185185185,0.0104206075198964,1.8,0.78,1900-06-07,2015
JP1_2015,280,284.55,290.35,279.55,0,155.162037037037,0.0101550318314769,4.1,0.75,1900-06-08,2015
JP1_2015,281,286.55,290.15,282.95,0,86.5277777777778,0.00974382585788339,4.9,0.63,1900-06-09,2015
JP1_2015,282,287.45,290.15,284.65,5.78703703703704e-06,72.9166666666667,0.0108309526116592,3.2,0.66,1900-06-10,2015
JP1_2015,283,288.15,294.55,282.55,5.78703703703704e-06,173.333333333333,0.0130569072346748,2.3,0.76,1900-06-11,2015
JP1_2015,284,286.05,289.25,282.65,4.62962962962963e-05,21.412037037037,0.013317186104155,1.9,0.89,1900-06-12,2015
JP1_2015,285,285.65,288.45,283.75,5.20833333333333e-05,38.4143518518518,0.0120940327810458,2.1,0.83,1900-06-13,2015
JP1_2015,286,283.55,287.15,276.85,1.73611111111111e-05,75.4050925925926,0.0105077092415541,2.2,0.83,1900-06-14,2015
JP1_2015,287,281.35,286.15,275.95,5.78703703703704e-06,94.2824074074074,0.00763096458310057,1.8,0.7,1900-06-15,2015
JP1_2015,288,282.15,289.85,275.05,0,194.953703703704,0.00840502681688325,1.9,0.73,1900-06-16,2015
JP1_2015,289,282.55,291.65,275.65,0,172.696759259259,0.0093467441736159,0.9,0.79,1900-06-17,2015
JP1_2015,290,284.05,296.05,275.25,0,180.127314814815,0.0100818772682135,1.3,0.77,1900-06-18,2015
JP1_2015,291,286.55,294.25,282.25,0,148.854166666667,0.0119091204929686,1.1,0.77,1900-06-19,2015
JP1_2015,292,285.95,290.65,281.95,0,159.074074074074,0.00981040797960742,2.6,0.66,1900-06-20,2015
JP1_2015,293,284.85,291.95,276.45,0,138.784722222222,0.0106372118041202,2.5,0.77,1900-06-21,2015
JP1_2015,294,281.45,288.55,274.15,0,170.844907407407,0.00779316697072086,1.7,0.71,1900-06-22,2015
JP1_2015,295,282.05,288.45,274.55,2.89351851851852e-05,174.363425925926,0.00880536729070074,1.9,0.77,1900-06-23,2015
JP1_2015,296,279.95,289.25,272.05,0,183.460648148148,0.00732572692399697,1.2,0.74,1900-06-24,2015
JP1_2015,297,284.45,291.35,278.25,0.000138888888888889,81.4351851851852,0.0100872205782144,2.7,0.75,1900-06-25,2015
JP1_2015,298,280.05,282.65,276.15,0,53.0092592592593,0.00528322281349482,3.9,0.53,1900-06-26,2015
JP1_2015,299,280.75,286.15,275.75,0,158.657407407407,0.00617224998895083,2.7,0.59,1900-06-27,2015
JP1_2015,300,282.05,289.35,273.65,0,147.546296296296,0.00891972271006049,2,0.78,1900-06-28,2015
JP1_2015,301,285.35,290.85,275.95,1.73611111111111e-05,123.680555555556,0.0102838864619148,3,0.72,1900-06-29,2015
JP1_2015,302,279.45,282.85,273.65,5.78703703703704e-06,29.2939814814815,0.00870177585247031,0.8,0.91,1900-06-30,2015
JP1_2015,303,279.45,284.05,275.65,5.20833333333333e-05,68.0208333333333,0.00822365630013678,2.1,0.86,1900-07-01,2015
JP1_2015,304,279.35,284.25,274.05,0,96.3657407407407,0.00655237316912092,1.7,0.69,1900-07-02,2015
JP1_2015,305,281.05,286.05,273.25,0,159.594907407407,0.00683480248984956,3,0.64,1900-07-03,2015
JP1_2015,306,277.65,281.15,272.05,7.52314814814815e-05,35.0115740740741,0.00775740406649275,1.1,0.92,1900-07-04,2015
JP1_2015,307,280.85,288.25,275.45,0,107.118055555556,0.00937493922851022,1.4,0.89,1900-07-05,2015
JP1_2015,308,280.35,290.15,272.75,0,155.150462962963,0.00854873075123958,1.4,0.84,1900-07-06,2015
JP1_2015,309,282.65,291.85,276.35,0,137.44212962963,0.00929130885182023,1.4,0.78,1900-07-07,2015
JP1_2015,310,283.15,290.95,274.65,0,112.326388888889,0.00985794027063611,1.4,0.8,1900-07-08,2015
JP1_2015,311,282.25,285.25,280.05,0,95.0347222222222,0.0084624574651191,3.4,0.73,1900-07-09,2015
JP1_2015,312,281.55,283.05,279.95,0.000150462962962963,13.900462962963,0.0107201160943608,0.9,0.97,1900-07-10,2015
JP1_2015,313,285.25,287.75,282.95,0.000260416666666667,44.9421296296296,0.0136207974254196,1.4,0.96,1900-07-11,2015
JP1_2015,314,283.95,289.05,277.05,1.15740740740741e-05,85.8101851851852,0.0107946545193186,1.6,0.83,1900-07-12,2015
JP1_2015,315,279.55,286.05,273.75,0,118.668981481481,0.00751062211029315,1.9,0.78,1900-07-13,2015
JP1_2015,316,277.55,284.25,271.85,0,144.282407407407,0.00653080880712702,1.7,0.78,1900-07-14,2015
JP1_2015,317,277.55,285.45,270.75,0,141.944444444444,0.00644708048908693,1.3,0.77,1900-07-15,2015
JP1_2015,318,281.65,284.35,276.85,0.000138888888888889,24.4097222222222,0.0101260287941527,1.3,0.91,1900-07-16,2015
JP1_2015,319,287.05,289.85,284.15,0.000225694444444444,27.3842592592593,0.0147059554035242,1.7,0.92,1900-07-17,2015
JP1_2015,320,284.85,289.35,279.85,0,97.7314814814815,0.0103609205884288,2,0.75,1900-07-18,2015
JP1_2015,321,283.85,285.55,281.35,5.78703703703704e-06,17.1875,0.0124016595388413,0.7,0.96,1900-07-19,2015
JP1_2015,322,282.45,285.75,277.95,5.78703703703704e-06,83.9351851851852,0.00893091054621359,3.5,0.76,1900-07-20,2015
JP1_2015,323,278.85,282.65,273.75,5.78703703703704e-06,132.106481481481,0.00733706260869102,4.3,0.8,1900-07-21,2015
JP1_2015,324,277.05,283.55,272.75,0,64.0046296296296,0.00727445877672163,1.4,0.9,1900-07-22,2015
JP1_2015,325,279.15,285.35,274.05,0,123.483796296296,0.00674282067423485,1.8,0.72,1900-07-23,2015
JP1_2015,326,276.85,281.15,271.25,0,75.8101851851852,0.00581754663835148,1.4,0.73,1900-07-24,2015
JP1_2015,327,275.45,276.75,274.25,0.000150462962962963,12.6273148148148,0.00627622367297489,2.4,0.87,1900-07-25,2015
JP1_2015,328,277.95,283.45,275.85,5.78703703703704e-05,32.2569444444444,0.00723374732580345,2.5,0.84,1900-07-26,2015
JP1_2015,329,275.35,276.45,273.65,0,31.3888888888889,0.00508548369392208,1.9,0.71,1900-07-27,2015
JP1_2015,330,276.35,278.25,273.95,0.000127314814814815,22.1064814814815,0.00684565834572068,1.2,0.89,1900-07-28,2015
JP1_2015,331,277.65,279.85,275.75,0.000133101851851852,20.3819444444444,0.00716716680056396,4.1,0.85,1900-07-29,2015
JP1_2015,332,277.45,280.45,273.45,0,117.002314814815,0.00473902282627476,7.1,0.57,1900-07-30,2015
JP1_2015,333,275.55,279.85,271.85,0,110.613425925926,0.00472275596720647,2.8,0.65,1900-07-31,2015
JP1_2015,334,275.85,279.75,270.85,0.000109953703703704,49.0625,0.00638375289356301,1.9,0.86,1900-08-01,2015
JP1_2016,122,279.05,281.45,276.45,5.20833333333333e-05,46.3888888888889,0.00846305277382613,1.3,0.91,1899-12-31,2016
JP1_2016,123,281.85,287.55,276.15,0,153.287037037037,0.0101525228416921,2.3,0.9,1900-01-01,2016
JP1_2016,124,288.15,294.45,283.15,0,188.483796296296,0.0144313185225353,3.6,0.84,1900-01-02,2016
JP1_2016,125,287.95,291.85,285.65,0.000115740740740741,103.368055555556,0.0122090602963726,4.8,0.72,1900-01-03,2016
JP1_2016,126,286.05,287.95,283.65,4.62962962962963e-05,90.3009259259259,0.00987566609971045,4.4,0.66,1900-01-04,2016
JP1_2016,127,287.55,292.45,278.65,0,166.354166666667,0.00925039141717905,2.2,0.56,1900-01-05,2016
JP1_2016,128,286.95,290.85,284.45,0.000115740740740741,103.865740740741,0.0122274766787234,3.5,0.77,1900-01-06,2016
JP1_2016,129,287.15,292.95,278.45,0,279.62962962963,0.00756241633518989,4.4,0.47,1900-01-07,2016
JP1_2016,130,286.25,294.85,273.75,0,306.840277777778,0.00970409545098568,2.8,0.64,1900-01-08,2016
JP1_2016,131,286.15,289.65,283.95,0.000127314814814815,64.9305555555556,0.012803205164383,1.8,0.85,1900-01-09,2016
JP1_2016,132,285.45,287.25,283.95,0.000237268518518519,48.4953703703704,0.013372086396867,3.3,0.93,1900-01-10,2016
JP1_2016,133,285.75,290.45,279.95,5.78703703703704e-06,315,0.0110011906704275,3.9,0.75,1900-01-11,2016
JP1_2016,134,288.95,299.35,278.55,0,306.238425925926,0.0119453811257516,2.7,0.66,1900-01-12,2016
JP1_2016,135,288.65,294.65,281.95,0,329.0625,0.00976219454842098,4.2,0.55,1900-01-13,2016
JP1_2016,136,286.85,295.55,276.75,0,337.060185185185,0.00899207003617203,3,0.57,1900-01-14,2016
JP1_2016,137,287.85,295.05,278.75,0,285,0.0119609765923978,4.2,0.71,1900-01-15,2016
JP1_2016,138,287.55,291.85,281.45,6.94444444444444e-05,123.715277777778,0.0137104015647475,1.8,0.83,1900-01-16,2016
JP1_2016,139,289.25,298.45,279.65,0,329.016203703704,0.0119956328807044,2,0.65,1900-01-17,2016
JP1_2016,140,289.65,298.25,280.25,0,291.018518518519,0.011363325963862,1.9,0.6,1900-01-18,2016
JP1_2016,141,289.25,297.65,280.65,0,296.296296296296,0.0105192472953869,1.7,0.57,1900-01-19,2016
JP1_2016,142,290.85,298.55,282.65,0,265.925925925926,0.0139126792325458,1.5,0.68,1900-01-20,2016
JP1_2016,143,293.95,304.05,284.95,0,338.576388888889,0.0161887085610984,1.8,0.65,1900-01-21,2016
JP1_2016,144,292.45,302.35,282.35,0,303.634259259259,0.0133676727428707,2,0.59,1900-01-22,2016
JP1_2016,145,292.15,298.25,284.65,0,192.789351851852,0.0131155393530907,2.2,0.59,1900-01-23,2016
JP1_2016,146,290.95,293.45,288.75,1.73611111111111e-05,94.2476851851852,0.0166790005986447,2.1,0.81,1900-01-24,2016
JP1_2016,147,292.65,297.75,289.75,0.000115740740740741,186.041666666667,0.0201925025424259,2.4,0.88,1900-01-25,2016
JP1_2016,148,290.45,295.35,282.85,3.47222222222222e-05,169.618055555556,0.0157535052889422,2.6,0.79,1900-01-26,2016
JP1_2016,149,290.65,300.75,281.65,0,334.560185185185,0.0113114387841691,2.4,0.56,1900-01-27,2016
JP1_2016,150,291.25,299.55,280.05,0,291.25,0.0115447801079134,2.2,0.55,1900-01-28,2016
JP1_2016,151,292.45,298.75,286.65,0,282.858796296296,0.014047384916237,2.8,0.62,1900-01-29,2016
JP1_2016,152,290.75,296.75,285.45,0.000202546296296296,223.06712962963,0.0154500678687776,2.9,0.76,1900-01-30,2016
JP1_2016,153,285.65,289.15,282.85,1.15740740740741e-05,111.851851851852,0.0107826316361131,3.6,0.74,1900-01-31,2016
JP1_2016,154,284.85,288.35,279.05,0,124.884259259259,0.00980833815704592,2.3,0.71,1900-02-01,2016
JP1_2016,155,285.15,291.25,276.75,0,174.247685185185,0.00972489422557146,2.5,0.69,1900-02-02,2016
JP1_2016,156,289.75,297.65,279.35,2.89351851851852e-05,302.881944444444,0.0125806882426266,3.2,0.66,1900-02-03,2016
JP1_2016,157,291.65,297.45,285.15,0,322.164351851852,0.0148580794934878,3.3,0.69,1900-02-04,2016
JP1_2016,158,289.85,296.85,281.45,0,322.916666666667,0.0122784841195815,2,0.64,1900-02-05,2016
JP1_2016,159,290.85,296.65,283.35,0,307.766203703704,0.0143218756805619,3.1,0.7,1900-02-06,2016
JP1_2016,160,292.35,296.75,288.85,0,139.988425925926,0.0173356389861418,2.8,0.77,1900-02-07,2016
JP1_2016,161,291.75,294.85,287.95,0.000104166666666667,52.6388888888889,0.0192873026109206,1.8,0.89,1900-02-08,2016
JP1_2016,162,293.15,300.05,286.05,0,340.497685185185,0.0168148179530238,2.1,0.71,1900-02-09,2016
JP1_2016,163,294.05,303.25,284.05,0,338.483796296296,0.0142855993815738,2,0.57,1900-02-10,2016
JP1_2016,164,294.15,302.45,286.35,0,297.75462962963,0.0171496568378332,2.5,0.68,1900-02-11,2016
JP1_2016,165,290.85,293.25,288.75,7.52314814814815e-05,41.5046296296296,0.0180046437127063,2.1,0.88,1900-02-12,2016
JP1_2016,166,291.35,294.15,288.65,3.47222222222222e-05,132.118055555556,0.017745072156559,1.4,0.84,1900-02-13,2016
JP1_2016,167,290.35,293.75,288.25,1.73611111111111e-05,113.923611111111,0.0168413266572995,2.8,0.85,1900-02-14,2016
JP1_2016,168,290.45,292.25,288.05,0.000364583333333333,46.4467592592593,0.0191435000979551,2.1,0.96,1900-02-15,2016
JP1_2016,169,292.15,295.95,290.15,0.000138888888888889,88.9814814814815,0.0197844576682216,2.3,0.89,1900-02-16,2016
JP1_2016,170,292.75,297.15,287.35,0,286.493055555556,0.0175497157542379,3.2,0.76,1900-02-17,2016
JP1_2016,171,292.65,297.55,285.65,0,272.465277777778,0.0188157410054423,2.5,0.82,1900-02-18,2016
JP1_2016,172,292.95,297.05,290.15,0.000115740740740741,123.576388888889,0.0194100653376475,3,0.83,1900-02-19,2016
JP1_2016,173,293.05,299.75,286.35,0.000167824074074074,263.831018518519,0.0190623885559156,1.5,0.81,1900-02-20,2016
JP1_2016,174,292.45,296.95,289.75,5.78703703703704e-06,216.701388888889,0.019258511578712,2.5,0.85,1900-02-21,2016
JP1_2016,175,288.75,291.35,287.75,0.000561342592592593,35.8912037037037,0.0169720420380253,2.2,0.95,1900-02-22,2016
JP1_2016,176,291.45,295.95,287.45,5.78703703703704e-06,187.997685185185,0.0178587629534169,2.4,0.84,1900-02-23,2016
JP1_2016,177,293.95,298.15,290.45,0.000219907407407407,149.398148148148,0.0194264502733181,3.9,0.78,1900-02-24,2016
JP1_2016,178,290.55,294.15,287.55,0,215.717592592593,0.0144501855508754,4.4,0.72,1900-02-25,2016
JP1_2016,179,290.75,295.35,286.15,0,184.664351851852,0.0142303256686109,2,0.7,1900-02-26,2016
JP1_2016,180,291.05,294.75,287.45,0,89.6643518518518,0.018029575077953,1.2,0.87,1900-02-27,2016
JP1_2016,181,294.55,301.45,287.95,0,336.666666666667,0.0183602260320838,2,0.71,1900-02-28,2016
JP1_2016,182,292.95,294.95,291.35,0,85.7638888888889,0.0201116339643094,2.2,0.86,1900-03-01,2016
JP1_2016,183,295.75,301.65,291.35,0,285.462962962963,0.0214562286688329,2.5,0.77,1900-03-02,2016
JP1_2016,184,295.15,297.95,291.95,0.000329861111111111,112.928240740741,0.0233557274186429,3.6,0.87,1900-03-03,2016
JP1_2016,185,295.25,299.65,293.45,0,189.166666666667,0.0199898033008907,4.5,0.74,1900-03-04,2016
JP1_2016,186,295.35,301.25,289.55,0,237.291666666667,0.0184835990477881,4.1,0.68,1900-03-05,2016
JP1_2016,187,291.45,295.35,287.75,0,200.474537037037,0.0155201154238028,3.4,0.73,1900-03-06,2016
JP1_2016,188,290.15,291.95,287.95,0.000538194444444444,36.0416666666667,0.0185818832986822,2.8,0.95,1900-03-07,2016
JP1_2016,189,291.35,296.45,287.45,0,145.56712962963,0.0173225704385457,3.4,0.82,1900-03-08,2016
JP1_2016,190,293.65,299.35,289.15,0,234.456018518519,0.019063736510141,2.4,0.78,1900-03-09,2016
JP1_2016,191,294.45,298.45,291.55,2.89351851851852e-05,107.916666666667,0.023642423003489,2.4,0.92,1900-03-10,2016
JP1_2016,192,294.75,298.15,290.75,0,176.979166666667,0.0217331799971203,2.8,0.83,1900-03-11,2016
JP1_2016,193,294.35,299.85,288.45,0,244.444444444444,0.0183873561683333,1.8,0.72,1900-03-12,2016
JP1_2016,194,294.05,300.65,286.25,0,282.55787037037,0.0185462167409906,1.2,0.74,1900-03-13,2016
JP1_2016,195,296.25,301.05,290.15,0,318.4375,0.0218432168402882,2.3,0.76,1900-03-14,2016
JP1_2016,196,293.75,295.65,291.25,0.000353009259259259,48.1712962962963,0.0231191365466437,1.5,0.94,1900-03-15,2016
JP1_2016,197,292.95,298.05,290.65,0,213.80787037037,0.0191762091287602,4,0.82,1900-03-16,2016
JP1_2016,198,293.75,297.35,290.45,5.78703703703704e-06,130.162037037037,0.0211515504575676,1.6,0.86,1900-03-17,2016
JP1_2016,199,293.85,295.25,292.35,9.25925925925926e-05,33.1018518518518,0.0235123390536502,1.9,0.95,1900-03-18,2016
JP1_2016,200,296.35,300.15,292.55,0,267.372685185185,0.0222677509733162,3.4,0.77,1900-03-19,2016
JP1_2016,201,294.85,300.25,290.45,0,254.502314814815,0.0205517960733676,2.8,0.78,1900-03-20,2016
JP1_2016,202,294.45,299.75,290.75,0,218.587962962963,0.0205586286986861,2.3,0.8,1900-03-21,2016
JP1_2016,203,293.85,298.05,289.15,0,178.796296296296,0.0200473627720597,1.6,0.81,1900-03-22,2016
JP1_2016,204,293.45,300.05,287.95,0,301.944444444444,0.0176185448755043,2.4,0.73,1900-03-23,2016
JP1_2016,205,293.55,300.65,288.65,0,285.474537037037,0.017972684527193,1.9,0.74,1900-03-24,2016
JP1_2016,206,294.35,300.05,287.85,0,234.444444444444,0.0196642559022454,2.2,0.77,1900-03-25,2016
JP1_2016,207,296.45,301.95,292.25,0,252.430555555556,0.0221146484005523,2.9,0.76,1900-03-26,2016
JP1_2016,208,296.65,302.05,293.65,0,226.608796296296,0.0223890800322979,3.1,0.76,1900-03-27,2016
JP1_2016,209,295.05,296.25,293.85,2.31481481481481e-05,45.7986111111111,0.0234775259900906,2.2,0.88,1900-03-28,2016
JP1_2016,210,296.35,298.55,294.55,0.000144675925925926,56.25,0.0268948161106287,2.2,0.93,1900-03-29,2016
JP1_2016,211,298.95,304.05,295.55,0,249.444444444444,0.0261092675427086,2.8,0.77,1900-03-30,2016
JP1_2016,212,298.65,304.05,294.45,0,244.641203703704,0.0253048509104156,2.7,0.76,1900-03-31,2016
JP1_2016,213,299.55,304.75,295.45,0,247.986111111111,0.0253172453974404,2.4,0.72,1900-04-01,2016
JP1_2016,214,298.95,304.45,293.75,0.000248842592592593,237.060185185185,0.0278046745260014,1.4,0.82,1900-04-02,2016
JP1_2016,215,297.35,303.75,295.65,4.62962962962963e-05,158.923611111111,0.0276793035810011,1.1,0.9,1900-04-03,2016
JP1_2016,216,298.15,303.15,295.35,5.78703703703704e-06,168.576388888889,0.0277756115706849,1.4,0.86,1900-04-04,2016
JP1_2016,217,298.55,304.25,293.05,0,286.041666666667,0.0244895300859405,2.3,0.74,1900-04-05,2016
JP1_2016,218,298.25,304.75,291.15,0,300.115740740741,0.0233962484736817,2.6,0.72,1900-04-06,2016
JP1_2016,219,299.25,305.55,291.75,0,257.337962962963,0.025897815478737,1.3,0.75,1900-04-07,2016
JP1_2016,220,300.45,307.15,293.45,0,292.928240740741,0.0267281109661921,2.4,0.72,1900-04-08,2016
JP1_2016,221,299.15,306.45,294.45,0.000283564814814815,260.56712962963,0.0267710617878839,2.1,0.78,1900-04-09,2016
JP1_2016,222,297.85,302.45,294.85,0,157.141203703704,0.0250516277853421,3.7,0.79,1900-04-10,2016
JP1_2016,223,295.95,301.75,289.85,0,219.201388888889,0.0191846182913315,2.4,0.68,1900-04-11,2016
JP1_2016,224,295.45,302.55,288.15,0,306.840277777778,0.0196928748060981,1.7,0.72,1900-04-12,2016
JP1_2016,225,296.55,303.85,289.25,0,305.798611111111,0.0202020083093091,1.9,0.69,1900-04-13,2016
JP1_2016,226,296.55,303.55,289.05,0,297.986111111111,0.0190308773928274,1.9,0.65,1900-04-14,2016
JP1_2016,227,295.35,301.85,288.55,0,280.810185185185,0.0198426872130667,1.4,0.73,1900-04-15,2016
JP1_2016,228,295.55,300.45,289.85,4.05092592592593e-05,252.650462962963,0.0222925019411336,2.4,0.81,1900-04-16,2016
JP1_2016,229,297.65,304.35,294.15,1.73611111111111e-05,145.196759259259,0.0256867753858965,2.2,0.82,1900-04-17,2016
JP1_2016,230,295.65,298.75,294.25,0.000734953703703704,44.1666666666667,0.0252005797905624,2.8,0.91,1900-04-18,2016
JP1_2016,231,296.85,301.55,291.95,3.47222222222222e-05,157.650462962963,0.026543711938001,1.6,0.89,1900-04-19,2016
JP1_2016,232,299.35,304.45,296.05,4.05092592592593e-05,231.631944444444,0.0288342778172829,2.2,0.83,1900-04-20,2016
JP1_2016,233,298.25,303.15,294.95,0.000104166666666667,180.717592592593,0.0285954148011666,1.4,0.88,1900-04-21,2016
JP1_2016,234,299.05,302.85,295.65,5.78703703703704e-06,187.87037037037,0.0279738480508519,3.1,0.82,1900-04-22,2016
JP1_2016,235,298.75,304.15,295.25,0.000474537037037037,113.865740740741,0.0294789868234175,2.7,0.88,1900-04-23,2016
JP1_2016,236,297.65,303.35,293.35,0.000306712962962963,232.1875,0.0247470153108027,2.5,0.79,1900-04-24,2016
JP1_2016,237,297.45,303.35,289.85,0,282.199074074074,0.0241362652619803,1.8,0.78,1900-04-25,2016
JP1_2016,238,297.35,300.45,295.55,4.62962962962963e-05,66.712962962963,0.0264491123107344,2.6,0.86,1900-04-26,2016
JP1_2016,239,295.75,298.15,290.55,0.000532407407407407,21.875,0.0259146657948241,2.8,0.93,1900-04-27,2016
JP1_2016,240,292.15,296.25,289.65,3.47222222222222e-05,239.340277777778,0.0175614848965113,4.5,0.79,1900-04-28,2016
JP1_2016,241,293.55,298.05,290.55,0,244.0625,0.0191870551033547,4.5,0.79,1900-04-29,2016
JP1_2016,242,297.05,304.25,291.15,0,173.796296296296,0.0244567338538008,2,0.81,1900-04-30,2016
JP1_2016,243,297.65,303.75,294.55,3.47222222222222e-05,173.599537037037,0.0247470153108027,3.6,0.79,1900-05-01,2016
JP1_2016,244,296.25,301.65,291.35,0,236.030092592593,0.0229928598318823,2,0.8,1900-05-02,2016
JP1_2016,245,297.25,304.05,291.15,0,250.138888888889,0.0238419977470196,1.5,0.78,1900-05-03,2016
JP1_2016,246,297.65,303.15,292.85,0,243.564814814815,0.0241205085940735,2,0.77,1900-05-04,2016
JP1_2016,247,297.25,302.55,291.95,0,253.414351851852,0.023230664471455,2.1,0.76,1900-05-05,2016
JP1_2016,248,297.95,302.05,294.25,0,162.12962962963,0.0258432878434809,1.6,0.81,1900-05-06,2016
JP1_2016,249,298.65,302.95,296.45,0,140.277777777778,0.0276355608626908,2,0.83,1900-05-07,2016
JP1_2016,250,297.35,302.25,292.45,0.000486111111111111,111.840277777778,0.0264491123107344,2.5,0.86,1900-05-08,2016
JP1_2016,251,293.95,298.75,291.35,0,97.037037037037,0.0224151349307517,0.9,0.9,1900-05-09,2016
JP1_2016,252,292.85,298.35,288.95,0.000555555555555556,103.49537037037,0.0209144354918523,1.7,0.9,1900-05-10,2016
JP1_2016,253,294.05,299.65,290.35,0.000109953703703704,146.631944444444,0.0200499640443142,2.7,0.8,1900-05-11,2016
JP1_2016,254,294.95,299.45,290.25,0,243.703703703704,0.0196198216931643,2.8,0.74,1900-05-12,2016
JP1_2016,255,293.35,299.25,288.85,0,234.351851851852,0.0187070738548183,1.8,0.78,1900-05-13,2016
JP1_2016,256,291.95,293.85,290.55,5.78703703703704e-06,57.0717592592593,0.0186565152321971,1.3,0.85,1900-05-14,2016
JP1_2016,257,291.15,293.55,290.05,0.000185185185185185,52.1064814814815,0.020230997473788,1,0.97,1900-05-15,2016
JP1_2016,258,292.85,297.25,290.45,2.31481481481481e-05,127.071759259259,0.0211468181084284,1,0.91,1900-05-16,2016
JP1_2016,259,294.05,299.35,290.25,0,229.895833333333,0.0203005885948681,1.6,0.81,1900-05-17,2016
JP1_2016,260,294.25,298.95,291.75,0,139.479166666667,0.0205566622391733,2.2,0.81,1900-05-18,2016
JP1_2016,261,293.55,297.85,290.85,1.15740740740741e-05,140.625,0.0204014256795164,1.6,0.84,1900-05-19,2016
JP1_2016,262,291.55,294.15,289.25,0,80.2546296296296,0.0194708620319997,1.2,0.91,1900-05-20,2016
JP1_2016,263,291.25,295.65,288.65,0,127.638888888889,0.016582502336821,2.7,0.79,1900-05-21,2016
JP1_2016,264,288.95,291.75,286.95,0,71.8518518518518,0.0141172686031609,2.8,0.78,1900-05-22,2016
JP1_2016,265,289.75,296.55,282.25,0,237.87037037037,0.0135337706852499,2.2,0.71,1900-05-23,2016
JP1_2016,266,288.85,292.25,284.05,5.78703703703704e-05,56.6435185185185,0.0160038424852899,1.2,0.89,1900-05-24,2016
JP1_2016,267,291.35,296.25,288.35,9.83796296296296e-05,85.8564814814815,0.0192238281696055,1.3,0.91,1900-05-25,2016
JP1_2016,268,292.65,298.35,288.15,0,193.171296296296,0.0192746615177702,1.4,0.84,1900-05-26,2016
JP1_2016,269,294.35,299.85,290.45,0,185.590277777778,0.0209411556361574,1.5,0.82,1900-05-27,2016
JP1_2016,270,294.65,300.15,291.25,0,146.93287037037,0.0221183270812368,1.4,0.85,1900-05-28,2016
JP1_2016,271,293.55,296.45,291.65,0.00015625,85.6597222222222,0.0218586703709105,1.7,0.9,1900-05-29,2016
JP1_2016,272,294.75,299.25,292.05,0.000115740740740741,112.75462962963,0.0222568710813882,2.3,0.85,1900-05-30,2016
JP1_2016,273,290.35,293.15,283.65,5.20833333333333e-05,56.2962962962963,0.0168413266572995,1.7,0.85,1900-05-31,2016
JP1_2016,274,287.05,293.15,280.55,0,171.712962962963,0.0126279399660697,1.4,0.79,1900-06-01,2016
JP1_2016,275,289.65,296.25,284.25,0,207.303240740741,0.0143935462208919,1.3,0.76,1900-06-02,2016
JP1_2016,276,289.85,297.75,284.55,0,199.525462962963,0.0151562538351084,0.9,0.79,1900-06-03,2016
JP1_2016,277,289.15,293.35,283.25,0.000578703703703704,27.6967592592593,0.0176021241620678,1.9,0.96,1900-06-04,2016
JP1_2016,278,291.45,296.35,281.65,1.15740740740741e-05,190.659722222222,0.0142444894985588,3.2,0.67,1900-06-05,2016
JP1_2016,279,286.05,290.65,279.45,0.000329861111111111,112.673611111111,0.0125690295814497,1.9,0.84,1900-06-06,2016
JP1_2016,280,289.15,294.55,282.85,5.78703703703704e-05,177.800925925926,0.0132015931215509,2.5,0.72,1900-06-07,2016
JP1_2016,281,285.85,290.95,280.45,5.78703703703704e-06,211.284722222222,0.00885957806937738,2.7,0.6,1900-06-08,2016
JP1_2016,282,284.75,290.05,281.45,0.000653935185185185,15.1388888888889,0.013036380935786,2.4,0.95,1900-06-09,2016
JP1_2016,283,286.95,291.55,279.35,1.73611111111111e-05,74.0509259259259,0.0120686782802984,2.4,0.76,1900-06-10,2016
JP1_2016,284,283.75,289.55,278.85,0,150.868055555556,0.00898219477659619,1.8,0.7,1900-06-11,2016
JP1_2016,285,283.35,288.75,276.15,0,175,0.00949250442720901,2,0.76,1900-06-12,2016
JP1_2016,286,282.35,288.05,277.25,1.73611111111111e-05,90,0.0100375423455819,1.5,0.86,1900-06-13,2016
JP1_2016,287,281.65,289.65,276.65,0,176.215277777778,0.00867945325213085,1.7,0.78,1900-06-14,2016
JP1_2016,288,283.45,290.25,276.15,0,152.893518518519,0.0103113011716026,1.7,0.82,1900-06-15,2016
JP1_2016,289,284.75,294.75,276.55,0,180.081018518519,0.0109780049985566,1.7,0.8,1900-06-16,2016
JP1_2016,290,284.25,293.05,277.45,0,167.75462962963,0.0110144460979571,1.3,0.83,1900-06-17,2016
JP1_2016,291,287.75,291.25,282.85,4.05092592592593e-05,42.4537037037037,0.0155649530483018,1.4,0.93,1900-06-18,2016
JP1_2016,292,289.65,296.35,281.05,1.15740740740741e-05,161.481481481481,0.0160980451154712,1.9,0.85,1900-06-19,2016
JP1_2016,293,285.35,293.35,278.05,0,183.194444444444,0.0109980452439922,1.7,0.77,1900-06-20,2016
JP1_2016,294,284.55,292.25,280.55,0,151.851851851852,0.00920722886053902,4.8,0.68,1900-06-21,2016
JP1_2016,295,281.15,286.45,274.45,0,149.155092592593,0.00623669599334667,3.8,0.58,1900-06-22,2016
JP1_2016,296,279.85,286.65,272.65,0,123.530092592593,0.00786507366810735,1.1,0.8,1900-06-23,2016
JP1_2016,297,281.65,287.95,273.95,0,154.050925925926,0.00790052796027295,1.8,0.71,1900-06-24,2016
JP1_2016,298,281.05,287.25,273.65,0,141.747685185185,0.00640762733423396,2.9,0.6,1900-06-25,2016
JP1_2016,299,282.45,287.15,273.65,0.000295138888888889,118.217592592593,0.00881339856534236,2.2,0.75,1900-06-26,2016
JP1_2016,300,287.25,292.35,282.15,1.15740740740741e-05,162.662037037037,0.0124712150624695,4,0.77,1900-06-27,2016
JP1_2016,301,282.25,286.65,277.75,0,125.023148148148,0.0059121278180969,3.2,0.51,1900-06-28,2016
JP1_2016,302,281.35,284.15,276.15,2.31481481481481e-05,59.6990740740741,0.00752195080334199,1.8,0.69,1900-06-29,2016
JP1_2016,303,279.25,284.35,273.75,5.78703703703704e-06,104.525462962963,0.00697850066475509,3,0.74,1900-06-30,2016
JP1_2016,304,278.05,284.75,272.45,0,130.787037037037,0.00598384823247279,1.9,0.69,1900-07-01,2016
JP1_2016,305,277.15,280.85,270.75,8.10185185185185e-05,56.3194444444444,0.0074888177809039,1.7,0.92,1900-07-02,2016
JP1_2016,306,277.05,280.65,273.55,0.000127314814814815,24.7800925925926,0.00751694073594568,2.4,0.93,1900-07-03,2016
JP1_2016,307,274.85,281.35,270.05,0,113.865740740741,0.00587398368870019,1.3,0.85,1900-07-04,2016
JP1_2016,308,278.05,284.35,272.65,5.78703703703704e-05,65.9027777777778,0.0071979623665977,2.1,0.83,1900-07-05,2016
JP1_2016,309,279.85,283.95,276.45,0,135.87962962963,0.00570217840937783,2.4,0.58,1900-07-06,2016
JP1_2016,310,282.95,288.45,277.45,4.62962962962963e-05,24.7800925925926,0.00948225166874852,2.7,0.78,1900-07-07,2016
JP1_2016,311,278.75,286.15,272.75,0,151.018518518519,0.00510023630339366,4.2,0.56,1900-07-08,2016
JP1_2016,312,276.15,282.55,270.45,0,143.969907407407,0.00545990874389521,1.2,0.72,1900-07-09,2016
JP1_2016,313,278.05,280.85,273.55,0.000121527777777778,13.5648148148148,0.00771829699550838,2.3,0.89,1900-07-10,2016
JP1_2016,314,275.05,279.15,269.95,4.05092592592593e-05,55.4050925925926,0.00553823950500965,3.3,0.79,1900-07-11,2016
JP1_2016,315,275.25,278.75,271.75,0,101.608796296296,0.00462253039110373,2.4,0.65,1900-07-12,2016
JP1_2016,316,274.75,279.15,270.65,6.36574074074074e-05,18.7152777777778,0.00644945247220466,1.5,0.94,1900-07-13,2016
JP1_2016,317,280.75,287.65,274.05,5.78703703703704e-06,103.4375,0.0088922245603529,2.1,0.85,1900-07-14,2016
JP1_2016,318,277.85,285.55,271.55,1.73611111111111e-05,72.6157407407407,0.0081237776833168,1.2,0.95,1900-07-15,2016
JP1_2016,319,279.75,286.15,271.95,0,113.06712962963,0.0085918588275178,2,0.88,1900-07-16,2016
JP1_2016,320,282.55,287.75,278.05,4.62962962962963e-05,57.9050925925926,0.00899180452145327,2.3,0.76,1900-07-17,2016
JP1_2016,321,277.75,281.45,274.15,0,127.627314814815,0.00484013483465137,4.3,0.57,1900-07-18,2016
JP1_2016,322,277.05,280.85,273.25,0,99.224537037037,0.00525377578318784,2.5,0.65,1900-07-19,2016
JP1_2016,323,277.15,284.15,269.65,0,124.803240740741,0.00569801352894862,2.4,0.7,1900-07-20,2016
JP1_2016,324,275.85,278.85,271.85,4.62962962962963e-05,17.5347222222222,0.00705182005684286,0.8,0.95,1900-07-21,2016
JP1_2016,325,281.45,288.05,276.75,5.78703703703704e-06,62.8819444444444,0.00878103320644604,2.3,0.8,1900-07-22,2016
JP1_2016,326,277.35,282.45,271.35,0,96.6782407407407,0.00569642531766354,1.4,0.69,1900-07-23,2016
JP1_2016,327,280.15,288.75,274.55,1.15740740740741e-05,102.534722222222,0.00752811469886836,2.7,0.75,1900-07-24,2016
JP1_2016,328,273.75,276.45,269.35,0,100.844907407407,0.0037664612882083,3.5,0.59,1900-07-25,2016
JP1_2016,329,271.05,274.95,267.95,0,86.5856481481482,0.00335398347437048,1.1,0.64,1900-07-26,2016
JP1_2016,330,272.35,277.65,266.75,0,71.6550925925926,0.004381974811373,1.5,0.76,1900-07-27,2016
JP1_2016,331,273.05,278.85,266.25,0,109.201388888889,0.00467214490995591,1.5,0.77,1900-07-28,2016
JP1_2016,332,277.25,280.35,273.95,3.47222222222222e-05,27.9166666666667,0.00778778739850028,1,0.95,1900-07-29,2016
JP1_2016,333,277.05,280.05,275.35,0,54.5833333333333,0.00598122166086,2.5,0.74,1900-07-30,2016
JP2_2013,1,277.05,283.15,270.95,0,134.305555555556,0.00518911392739476,1.8,0.642,1899-12-31,2013
JP2_2013,2,278.85,287.95,269.75,0,125.625,0.00632821649999602,2.2,0.69,1900-01-01,2013
JP2_2013,3,275.75,280.65,270.85,0,122.013888888889,0.0039209653720845,4.2,0.532,1900-01-02,2013
JP2_2013,4,274.75,279.05,270.45,0,141.099537037037,0.00335508750947668,5.3,0.489,1900-01-03,2013
JP2_2013,5,272.05,277.75,266.35,0,85.1041666666667,0.00382992269780466,1.5,0.679,1900-01-04,2013
JP2_2013,6,273.75,280.85,266.65,0,101.423611111111,0.00474957152275758,1.3,0.744,1900-01-05,2013
JP2_2013,7,275,281.75,268.25,0,119.826388888889,0.00505040354307253,1.4,0.723,1900-01-06,2013
JP2_2013,8,277.55,283.95,271.15,0,123.263888888889,0.00640521633006689,1.9,0.765,1900-01-07,2013
JP2_2013,9,277.9,282.95,272.85,0,91.1574074074074,0.00734570148890012,1.8,0.856,1900-01-08,2013
JP2_2013,10,275.85,282.05,269.65,0,135.428240740741,0.00489915919738556,2,0.66,1900-01-09,2013
JP2_2013,11,274.65,281.45,267.85,0,144.571759259259,0.0040667571195604,2.5,0.597,1900-01-10,2013
JP2_2013,12,275.55,282.05,269.05,0,100.821759259259,0.0050933106661719,1.5,0.701,1900-01-11,2013
JP2_2013,13,277.6,287.15,268.05,0,128.553240740741,0.005553953141798,1.5,0.661,1900-01-12,2013
JP2_2013,14,277.3,281.15,273.45,0.000266203703703704,8.3912037037037,0.00796338170295385,5,0.968,1900-01-13,2013
JP2_2013,15,274.2,279.15,269.25,4.62962962962963e-05,145.324074074074,0.00447786100340382,3.2,0.679,1900-01-14,2013
JP2_2013,16,272.75,278.25,267.25,2.89351851851852e-05,94.375,0.0052835812865556,1.4,0.89,1900-01-15,2013
JP2_2013,17,273.25,280.25,266.25,3.47222222222222e-05,136.921296296296,0.00475902838011557,1.5,0.773,1900-01-16,2013
JP2_2013,18,272.05,278.45,265.65,0,156.111111111111,0.00330535302049121,3.8,0.586,1900-01-17,2013
JP2_2013,19,276.75,282.95,270.55,2.31481481481481e-05,152.951388888889,0.00426512602447015,1.9,0.539,1900-01-18,2013
JP2_2013,20,274.95,282.35,267.55,2.31481481481481e-05,150.138888888889,0.00476783185321266,2.5,0.685,1900-01-19,2013
JP2_2013,21,276,282.55,269.45,5.78703703703704e-06,130.266203703704,0.00536443286197449,1.5,0.715,1900-01-20,2013
JP2_2013,22,277.65,280.65,274.65,4.05092592592593e-05,34.0740740740741,0.00796820309003875,2.4,0.945,1900-01-21,2013
JP2_2013,23,276.75,281.45,272.05,5.78703703703704e-06,111.921296296296,0.00589521129541793,2,0.745,1900-01-22,2013
JP2_2013,24,278.5,283.25,273.75,1.73611111111111e-05,104.386574074074,0.00818915193327573,2.6,0.915,1900-01-23,2013
JP2_2013,25,277.45,283.25,271.65,0,111.759259259259,0.0062189282000939,3,0.748,1900-01-24,2013
JP2_2013,26,274.05,279.55,268.55,0,139.641203703704,0.00366636633089942,3.2,0.562,1900-01-25,2013
JP2_2013,27,275.5,281.45,269.55,0,162.951388888889,0.00369957500076944,3,0.511,1900-01-26,2013
JP2_2013,28,277.95,283.55,272.35,0,127.44212962963,0.00538225247455611,3.5,0.625,1900-01-27,2013
JP2_2013,29,277.8,284.35,271.25,0,165.856481481481,0.00432884964399174,4,0.508,1900-01-28,2013
JP2_2013,30,278.45,286.95,269.95,0,158.344907407407,0.00558307736820285,2.8,0.626,1900-01-29,2013
JP2_2013,31,275.25,282.75,267.75,0,160.243055555556,0.00477898526587955,1.4,0.672,1900-01-30,2013
JP2_2013,32,277.1,285.65,268.55,0,147.280092592593,0.00634306025099884,1.6,0.782,1900-01-31,2013
JP2_2013,33,284.55,292.35,276.75,0,67.1180555555556,0.01141425577858,1.5,0.843,1900-02-01,2013
JP2_2013,34,280.55,286.85,274.25,0,160.87962962963,0.00527268820843663,3.8,0.511,1900-02-02,2013
JP2_2013,35,282.2,288.55,275.85,0,126.828703703704,0.00925396215492768,2.2,0.801,1900-02-03,2013
JP2_2013,36,281.9,286.15,277.65,0,154.976851851852,0.00465216808042456,4.9,0.411,1900-02-04,2013
JP2_2013,37,275.7,278.65,272.75,0.000162037037037037,30.7407407407407,0.00694741989076937,3.6,0.946,1900-02-05,2013
JP2_2013,38,277.7,282.65,272.75,5.78703703703704e-06,131.724537037037,0.00787781089158205,1.7,0.931,1900-02-06,2013
JP2_2013,39,276.05,279.25,272.85,0,134.282407407407,0.00428425820310585,5.3,0.569,1900-02-07,2013
JP2_2013,40,276.5,281.25,271.75,0,153.773148148148,0.00363049195993655,4.5,0.467,1900-02-08,2013
JP2_2013,41,277.25,283.95,270.55,0,182.094907407407,0.00512354434111861,1.7,0.625,1900-02-09,2013
JP2_2013,42,276.45,283.45,269.45,0,187.743055555556,0.00443102353454196,3.9,0.572,1900-02-10,2013
JP2_2013,43,273.4,279.45,267.35,0,94.0162037037037,0.00430076490245989,2,0.691,1900-02-11,2013
JP2_2013,44,278.95,284.65,273.25,7.52314814814815e-05,186.331018518519,0.00678808655690717,4.3,0.735,1900-02-12,2013
JP2_2013,45,276.15,282.35,269.95,0,65.4282407407407,0.00634714391477818,1.4,0.837,1900-02-13,2013
JP2_2013,46,276.8,280.45,273.15,4.62962962962963e-05,31.5393518518519,0.00732962974462656,2.3,0.923,1900-02-14,2013
JP2_2013,47,274.8,278.05,271.55,0,202.87037037037,0.00378030664743468,6.9,0.549,1900-02-15,2013
JP2_2013,48,275.1,280.45,269.75,0,182.210648148148,0.00324341006098487,3,0.461,1900-02-16,2013
JP2_2013,49,274.8,279.05,270.55,0,53.7847222222222,0.00562570224217511,1.5,0.817,1900-02-17,2013
JP2_2013,50,277.05,279.45,274.65,0,26.5277777777778,0.00649043377523052,1.7,0.803,1900-02-18,2013
JP2_2013,51,276.7,283.15,270.25,0,204.189814814815,0.00393464776684277,2.9,0.499,1900-02-19,2013
JP2_2013,52,275.5,281.65,269.35,0,205.034722222222,0.00340274021597189,3.5,0.47,1900-02-20,2013
JP2_2013,53,274.8,282.95,266.65,0,175.393518518519,0.00417279750153992,2.2,0.606,1900-02-21,2013
JP2_2013,54,276.55,283.35,269.75,0,212.210648148148,0.00340933792445851,4.4,0.437,1900-02-22,2013
JP2_2013,55,273.75,280.55,266.95,0,205.636574074074,0.00328129000362554,5.8,0.514,1900-02-23,2013
JP2_2013,56,274.35,281.05,267.65,0,217.24537037037,0.00250659882782158,5.4,0.376,1900-02-24,2013
JP2_2013,57,275,282.75,267.25,0,212.233796296296,0.00319230210122289,2.1,0.457,1900-02-25,2013
JP2_2013,58,277.2,281.55,272.85,4.62962962962963e-05,44.0509259259259,0.00792373549190472,1.9,0.97,1900-02-26,2013
JP2_2013,59,280,287.75,272.25,0,194.0625,0.0080862228274449,1.9,0.814,1900-02-27,2013
JP2_2013,60,283.15,289.35,276.95,0.000127314814814815,69.2592592592593,0.0103878045601828,4.3,0.843,1900-02-28,2013
JP2_2013,61,280.1,284.55,275.65,0,211.342592592593,0.00510145963527314,6.7,0.51,1900-03-01,2013
JP2_2013,62,278.4,282.85,273.95,0,149.861111111111,0.00452374408494564,3.8,0.509,1900-03-02,2013
JP2_2013,63,278.55,282.05,275.05,0,105.335648148148,0.00664611008798035,2.2,0.74,1900-03-03,2013
JP2_2013,64,280.35,287.75,272.95,5.78703703703704e-06,223.37962962963,0.00657438103011999,2.9,0.646,1900-03-04,2013
JP2_2013,65,280.9,290.65,271.15,0,228.553240740741,0.00660619142085891,1.7,0.625,1900-03-05,2013
JP2_2013,66,282.25,291.95,272.55,0,181.342592592593,0.0088218220971995,2.5,0.761,1900-03-06,2013
JP2_2013,67,285.8,296.55,275.05,0,188.923611111111,0.00872720252381057,2.9,0.593,1900-03-07,2013
JP2_2013,68,287.85,296.95,278.75,0,219.12037037037,0.00913077368039383,3.7,0.542,1900-03-08,2013
JP2_2013,69,289.05,300.65,277.45,0,138.761574074074,0.0112034312164001,5,0.615,1900-03-09,2013
JP2_2013,70,280.75,286.35,275.15,0,243.935185185185,0.00380796439996289,5.6,0.364,1900-03-10,2013
JP2_2013,71,281.2,290.45,271.95,0,229.097222222222,0.00638760109044211,2.4,0.592,1900-03-11,2013
JP2_2013,72,284.7,294.55,274.85,4.05092592592593e-05,157.12962962963,0.0102848672534246,6.9,0.752,1900-03-12,2013
JP2_2013,73,279.6,285.55,273.65,0.000104166666666667,132.303240740741,0.00702461158062754,2.9,0.727,1900-03-13,2013
JP2_2013,74,280.05,286.75,273.35,0,240.729166666667,0.00739651193889274,2.2,0.742,1900-03-14,2013
JP2_2013,75,283.45,292.55,274.35,0,243.148148148148,0.00783407393891268,2.6,0.623,1900-03-15,2013
JP2_2013,76,283.05,291.15,274.95,0,220.520833333333,0.00679282704444092,4.2,0.555,1900-03-16,2013
JP2_2013,77,289.75,294.25,285.25,4.62962962962963e-05,122.685185185185,0.0149824559980372,8.7,0.786,1900-03-17,2013
JP2_2013,78,291.5,297.95,285.05,4.62962962962963e-05,239.097222222222,0.0171480295549928,2.7,0.804,1900-03-18,2013
JP2_2013,79,289.05,293.65,284.45,0,136.81712962963,0.0149925591725158,3.1,0.823,1900-03-19,2013
JP2_2013,80,283.6,289.15,278.05,0,266.782407407407,0.00556376089390835,5.9,0.438,1900-03-20,2013
JP2_2013,81,283.8,291.45,276.15,0,221.122685185185,0.00899961504946256,2.5,0.699,1900-03-21,2013
JP2_2013,82,284.3,290.05,278.55,0,144.907407407407,0.0102259338543833,2.6,0.768,1900-03-22,2013
JP2_2013,83,283,285.25,280.75,0,80.6828703703704,0.0107342117046407,2.2,0.88,1900-03-23,2013
JP2_2013,84,280.65,282.75,278.55,3.47222222222222e-05,27.349537037037,0.0100052673037599,2.5,0.963,1900-03-24,2013
JP2_2013,85,280.6,286.35,274.85,0,240.231481481481,0.006502295614071,2.1,0.628,1900-03-25,2013
JP2_2013,86,279.6,282.25,276.95,5.78703703703704e-05,26.6898148148148,0.00901507923621118,2.4,0.933,1900-03-26,2013
JP2_2013,87,287.65,294.35,280.95,0,198.553240740741,0.0153967993728947,1.9,0.926,1900-03-27,2013
JP2_2013,88,286.95,291.35,282.55,0,129.606481481481,0.015054088170688,3.3,0.948,1900-03-28,2013
JP2_2013,89,280.9,282.65,279.15,0,35.8796296296296,0.00956576517740371,2.8,0.905,1900-03-29,2013
JP2_2013,90,279.1,280.05,278.15,5.78703703703704e-06,23.9236111111111,0.00931382764928672,2,0.998,1900-03-30,2013
JP2_2013,91,281.85,288.15,275.55,0,242.604166666667,0.00804305420680717,2.2,0.713,1900-03-31,2013
JP2_2013,92,284.2,287.85,280.55,0.000150462962962963,53.6111111111111,0.0129746566713484,2.1,0.981,1900-04-01,2013
JP2_2013,93,285.15,288.45,281.85,0.000474537037037037,23.7731481481481,0.0129947137332998,5.5,0.922,1900-04-02,2013
JP2_2013,94,286.5,294.75,278.25,0,274.664351851852,0.01245563666631,2.3,0.808,1900-04-03,2013
JP2_2013,95,289.65,294.55,284.75,0,230.138888888889,0.0173669498481025,3.2,0.917,1900-04-04,2013
JP2_2013,96,288.15,293.75,282.55,0.000422453703703704,107.87037037037,0.0159947113624766,4.4,0.931,1900-04-05,2013
JP2_2013,97,289.4,296.75,282.05,0.000248842592592593,243.796296296296,0.0144980535932077,5.6,0.778,1900-04-06,2013
JP2_2013,98,285.65,291.75,279.55,0,303.043981481482,0.00619272762884877,6.4,0.425,1900-04-07,2013
JP2_2013,99,285.45,294.35,276.55,0,194.930555555556,0.0104388545420704,2.7,0.726,1900-04-08,2013
JP2_2013,100,283.85,289.05,278.65,0,169.328703703704,0.00928832625877804,2.9,0.719,1900-04-09,2013
JP2_2013,101,281.95,286.45,277.45,3.47222222222222e-05,225.729166666667,0.010006243508622,2.8,0.881,1900-04-10,2013
JP2_2013,102,281.85,289.55,274.15,0,290.092592592593,0.00796409014026068,2.5,0.706,1900-04-11,2013
JP2_2013,103,282.1,289.75,274.45,0,299.74537037037,0.00825022228262616,2.5,0.719,1900-04-12,2013
JP2_2013,104,286.05,294.15,277.95,0,207.604166666667,0.0102198181001549,4.9,0.683,1900-04-13,2013
JP2_2013,105,287.7,293.15,282.25,0,268.634259259259,0.011894109772622,4,0.713,1900-04-14,2013
JP2_2013,106,285.55,292.75,278.35,0,220.960648148148,0.011478333424338,2.7,0.793,1900-04-15,2013
JP2_2013,107,289.65,296.25,283.05,0,130.439814814815,0.0155298788172781,4.9,0.82,1900-04-16,2013
JP2_2013,108,291.45,297.25,285.65,0,250.844907407407,0.0193044723353602,3.9,0.908,1900-04-17,2013
JP2_2013,109,286.05,291.05,281.05,1.15740740740741e-05,141.770833333333,0.00947166157744957,3.2,0.633,1900-04-18,2013
JP2_2013,110,280.7,283.25,278.15,8.68055555555556e-05,43.75,0.00688083516408788,2.2,0.66,1900-04-19,2013
JP2_2013,111,279.95,282.25,277.65,0.000167824074074074,59.375,0.00957294315608793,3.7,0.967,1900-04-20,2013
JP2_2013,112,282.05,289.15,274.95,0,282.453703703704,0.00638103240027405,2.7,0.558,1900-04-21,2013
JP2_2013,113,283.25,291.65,274.85,0,236.967592592593,0.00919286643280869,2.3,0.741,1900-04-22,2013
JP2_2013,114,286.8,290.25,283.35,0.000167824074074074,38.4953703703704,0.0152676663425235,4,0.971,1900-04-23,2013
JP2_2013,115,290.65,294.95,286.35,3.47222222222222e-05,265.023148148148,0.0141190994823825,3,0.699,1900-04-24,2013
JP2_2013,116,288.65,295.75,281.55,0,289.814814814815,0.0141818062621607,4.8,0.799,1900-04-25,2013
JP2_2013,117,287.25,293.15,281.35,0,316.099537037037,0.00795242415022409,6.6,0.491,1900-04-26,2013
JP2_2013,118,288.5,294.65,282.35,0,318.912037037037,0.00759322476939069,3.9,0.432,1900-04-27,2013
JP2_2013,119,287.25,296.35,278.15,0,279.780092592593,0.0109487550418564,2.1,0.676,1900-04-28,2013
JP2_2013,120,290.15,294.55,285.75,0,87.9398148148148,0.0172126918977267,3.6,0.88,1900-04-29,2013
JP2_2013,121,287.3,290.75,283.85,0,186.759259259259,0.0132272439125232,3,0.814,1900-04-30,2013
JP2_2013,122,287.4,293.05,281.75,5.78703703703704e-06,274.930555555556,0.0111389539166691,2.6,0.681,1900-05-01,2013
JP2_2013,123,287.25,293.15,281.35,0,295.138888888889,0.0114670393041928,2.7,0.708,1900-05-02,2013
JP2_2013,124,287.6,294.15,281.05,0,282.743055555556,0.0125953318152541,2.6,0.76,1900-05-03,2013
JP2_2013,125,289.5,297.15,281.85,0,313.738425925926,0.0120788912507287,2.4,0.644,1900-05-04,2013
JP2_2013,126,290.65,297.75,283.55,0,294.733796296296,0.0152704423586282,3.2,0.756,1900-05-05,2013
JP2_2013,127,287.05,293.05,281.05,0,323.773148148148,0.00698532881667401,5.4,0.437,1900-05-06,2013
JP2_2013,128,287.05,295.65,278.45,0,313.206018518519,0.00882357324211454,2.3,0.552,1900-05-07,2013
JP2_2013,129,290.15,298.65,281.65,0,302.75462962963,0.0140439917983725,2.3,0.718,1900-05-08,2013
JP2_2013,130,292,298.85,285.15,0,257.731481481482,0.0181654806922337,2.8,0.825,1900-05-09,2013
JP2_2013,131,289.5,291.65,287.35,0.000231481481481481,43.5648148148148,0.0185497258493333,2.3,0.989,1900-05-10,2013
JP2_2013,132,292.65,299.15,286.15,6.36574074074074e-05,310.729166666667,0.0207661531828358,2.4,0.905,1900-05-11,2013
JP2_2013,133,291.7,298.15,285.25,0,189.884259259259,0.0195715838242949,3,0.906,1900-05-12,2013
JP2_2013,134,295.05,302.45,287.65,0,304.444444444444,0.0219301435952891,2.6,0.822,1900-05-13,2013
JP2_2013,135,293.45,299.55,287.35,0,275.335648148148,0.0213353337944462,4,0.884,1900-05-14,2013
JP2_2013,136,292.3,298.35,286.25,1.15740740740741e-05,276.81712962963,0.0193903135836635,2.7,0.864,1900-05-15,2013
JP2_2013,137,290.1,296.15,284.05,0,331.724537037037,0.0154026056670736,2.4,0.79,1900-05-16,2013
JP2_2013,138,291.5,298.25,284.75,0,260.05787037037,0.0172973283197751,3.5,0.811,1900-05-17,2013
JP2_2013,139,293.1,298.15,288.05,5.20833333333333e-05,267.44212962963,0.0194767837491603,3.9,0.825,1900-05-18,2013
JP2_2013,140,291.7,293.95,289.45,0.000138888888888889,66.8634259259259,0.0216021896515397,1.9,1,1900-05-19,2013
JP2_2013,141,295.2,299.25,291.15,0,242.905092592593,0.0244249109563052,2.3,0.907,1900-05-20,2013
JP2_2013,142,295.35,300.95,289.75,0,287.488425925926,0.0244635869750138,2.6,0.9,1900-05-21,2013
JP2_2013,143,293.85,297.45,290.25,0,307.627314814815,0.018141625817185,2.5,0.733,1900-05-22,2013
JP2_2013,144,294,301.95,286.05,0,327.071759259259,0.0175887153483697,3,0.704,1900-05-23,2013
JP2_2013,145,290.3,295.45,285.15,0,283.796296296296,0.0165699899200049,2.7,0.839,1900-05-24,2013
JP2_2013,146,294.7,301.05,288.35,0,232.55787037037,0.0228661792498734,2.6,0.876,1900-05-25,2013
JP2_2013,147,294.95,300.15,289.75,0,233.958333333333,0.0228809542178389,2.6,0.863,1900-05-26,2013
JP2_2013,148,295.55,300.05,291.05,0,218.460648148148,0.0231181501611756,4.2,0.84,1900-05-27,2013
JP2_2013,149,295.8,298.95,292.65,0,129.143518518519,0.0256876428286284,5.2,0.919,1900-05-28,2013
JP2_2013,150,293.9,295.55,292.25,9.25925925925926e-05,46.099537037037,0.0248276589618946,5.6,1,1900-05-29,2013
JP2_2013,151,293.95,298.95,288.95,0.000121527777777778,336.5625,0.0193268274514036,2.7,0.776,1900-05-30,2013
JP2_2013,152,291.4,296.45,286.35,0,261.423611111111,0.0189674329894094,2.6,0.895,1900-05-31,2013
JP2_2013,153,290.1,293.65,286.55,0,288.668981481481,0.0175472722789446,3.1,0.9,1900-06-01,2013
JP2_2013,154,292.8,299.85,285.75,0,295.393518518519,0.0196669942482615,2.2,0.849,1900-06-02,2013
JP2_2013,155,295.1,302.85,287.35,0,321.319444444444,0.0223999778419834,2.7,0.837,1900-06-03,2013
JP2_2013,156,296.25,302.55,289.95,0,300.474537037037,0.0239125742251576,3.1,0.832,1900-06-04,2013
JP2_2013,157,295.3,299.35,291.25,0,192.384259259259,0.0244418446741517,2.7,0.902,1900-06-05,2013
JP2_2013,158,294.85,298.35,291.35,0,193.055555555556,0.0230548994412777,2.3,0.875,1900-06-06,2013
JP2_2013,159,294.9,299.85,289.95,5.78703703703704e-06,234.513888888889,0.0220961070287508,2.2,0.836,1900-06-07,2013
JP2_2013,160,295.45,302.05,288.85,0,288.69212962963,0.0231664791121736,2.4,0.847,1900-06-08,2013
JP2_2013,161,296.45,299.95,292.95,0,143.703703703704,0.0279633909380668,2.1,0.961,1900-06-09,2013
JP2_2013,162,294.4,296.65,292.15,1.15740740740741e-05,82.5694444444445,0.0242858910375166,1.8,0.948,1900-06-10,2013
JP2_2013,163,294.55,297.25,291.85,4.62962962962963e-05,93.8310185185185,0.025859473284625,2.5,1,1900-06-11,2013
JP2_2013,164,294.75,296.25,293.25,6.36574074074074e-05,83.6689814814815,0.0261845542133979,3.8,1,1900-06-12,2013
JP2_2013,165,297.05,300.75,293.35,4.62962962962963e-05,135.196759259259,0.0301934985849393,2.2,1,1900-06-13,2013
JP2_2013,166,299,303.35,294.65,0.000173611111111111,222.928240740741,0.0336030212114553,2.6,0.988,1900-06-14,2013
JP2_2013,167,295.85,298.15,293.55,0.000202546296296296,108.483796296296,0.0280384735498982,2.4,1,1900-06-15,2013
JP2_2013,168,297.2,301.55,292.85,0,190.011574074074,0.0300158947030698,2,0.985,1900-06-16,2013
JP2_2013,169,299.15,303.25,295.05,5.78703703703704e-05,173.80787037037,0.0330176428717235,2,0.962,1900-06-17,2013
JP2_2013,170,297.25,300.75,293.75,3.47222222222222e-05,45.6597222222222,0.0304749637868956,3.9,0.997,1900-06-18,2013
JP2_2013,171,294.45,295.75,293.15,2.31481481481481e-05,33.0208333333333,0.0256982858733576,2.5,1,1900-06-19,2013
JP2_2013,172,293.65,295.75,291.55,6.94444444444444e-05,68.275462962963,0.0244406878335142,2.2,1,1900-06-20,2013
JP2_2013,173,294.8,299.35,290.25,0.00056712962962963,172.141203703704,0.0259511947177598,2.2,0.988,1900-06-21,2013
JP2_2013,174,294.65,299.15,290.15,0,245.474537037037,0.0239658579315519,2.2,0.921,1900-06-22,2013
JP2_2013,175,295.3,298.65,291.95,5.78703703703704e-06,154.282407407407,0.026988999218908,2,0.996,1900-06-23,2013
JP2_2013,176,296.85,300.75,292.95,0,239.166666666667,0.0121087045469983,2.2,0.406,1900-06-24,2013
JP2_2013,177,294.05,296.35,291.75,0.000324074074074074,48.9814814814815,0.0235085828419583,2.7,0.938,1900-06-25,2013
JP2_2013,178,295.7,300.25,291.15,0,314.803240740741,0.0203619845923017,3,0.733,1900-06-26,2013
JP2_2013,179,294.85,298.75,290.95,0,219.108796296296,0.0216057343335404,2.4,0.82,1900-06-27,2013
JP2_2013,180,296,300.15,291.85,0,227.627314814815,0.0230080099085262,2.4,0.813,1900-06-28,2013
JP2_2013,181,296.7,300.95,292.45,0,207.777777777778,0.0236992689168646,2.7,0.802,1900-06-29,2013
JP2_2013,182,295.85,298.95,292.75,5.78703703703704e-06,143.18287037037,0.023159779152216,2.7,0.826,1900-06-30,2013
JP2_2013,183,296.65,300.85,292.45,0,283.680555555556,0.0219177309789864,2.6,0.744,1900-07-01,2013
JP2_2013,184,296,299.25,292.75,0,151.412037037037,0.0229797097733373,4.8,0.812,1900-07-02,2013
JP2_2013,185,297.7,300.25,295.15,0,72.037037037037,0.0279649915529944,3.6,0.89,1900-07-03,2013
JP2_2013,186,299.65,303.15,296.15,5.78703703703704e-06,105.949074074074,0.0311308143593612,5.4,0.88,1900-07-04,2013
JP2_2013,187,302.25,306.75,297.75,0,245.763888888889,0.0322826855034304,5.3,0.781,1900-07-05,2013
JP2_2013,188,302.15,307.55,296.75,0,308.657407407407,0.0323380965857998,2.3,0.787,1900-07-06,2013
JP2_2013,189,303.1,309.45,296.75,0,294.31712962963,0.0332096213384897,2.1,0.764,1900-07-07,2013
JP2_2013,190,302.3,308.45,296.15,0,311.50462962963,0.0315909293917943,2.1,0.762,1900-07-08,2013
JP2_2013,191,303.2,309.05,297.35,0,288.946759259259,0.0334061699068262,2.2,0.764,1900-07-09,2013
JP2_2013,192,303.6,309.45,297.75,0,296.956018518518,0.0344265761004217,2.1,0.769,1900-07-10,2013
JP2_2013,193,302.45,306.65,298.25,0,263.333333333333,0.0309111913510616,2.5,0.739,1900-07-11,2013
JP2_2013,194,300.7,304.75,296.65,0,162.24537037037,0.0307498554628318,1.7,0.816,1900-07-12,2013
JP2_2013,195,301.9,306.15,297.65,0,232.013888888889,0.0316181191068554,2.2,0.781,1900-07-13,2013
JP2_2013,196,299.65,305.55,293.75,0,239.6875,0.028689875506184,2.6,0.811,1900-07-14,2013
JP2_2013,197,297.5,302.25,292.75,0,249.293981481482,0.023186052077119,2.4,0.747,1900-07-15,2013
JP2_2013,198,296.25,300.25,292.25,3.47222222222222e-05,137.164351851852,0.0249472529175923,2.3,0.868,1900-07-16,2013
JP2_2013,199,300.45,306.85,294.05,5.78703703703704e-06,251.527777777778,0.0299948800842821,2.8,0.808,1900-07-17,2013
JP2_2013,200,297.15,301.75,292.55,0,276.793981481481,0.0232099922499852,2.5,0.764,1900-07-18,2013
JP2_2013,201,296.4,300.55,292.25,0,236.446759259259,0.0219594846747203,2.1,0.757,1900-07-19,2013
JP2_2013,202,296.45,301.15,291.75,0,217.199074074074,0.0221728448437117,2,0.762,1900-07-20,2013
JP2_2013,203,298.2,303.35,293.05,0,242.337962962963,0.025819510069408,2.4,0.797,1900-07-21,2013
JP2_2013,204,300.55,306.05,295.05,0,246.5625,0.0306610545430639,2.5,0.821,1900-07-22,2013
JP2_2013,205,296.3,298.35,294.25,1.73611111111111e-05,57.5462962962963,0.0268407239237238,2.2,0.931,1900-07-23,2013
JP2_2013,206,298.15,302.25,294.05,0,110.752314814815,0.0285830421396001,1.9,0.885,1900-07-24,2013
JP2_2013,207,301.5,306.05,296.95,0,228.49537037037,0.0337592697770636,2.4,0.854,1900-07-25,2013
JP2_2013,208,299.5,304.45,294.55,0.000538194444444444,176.168981481481,0.0299033883861514,2.7,0.853,1900-07-26,2013
JP2_2013,209,299.5,304.65,294.35,5.78703703703704e-06,280.300925925926,0.0287114596579813,1.8,0.819,1900-07-27,2013
JP2_2013,210,297.75,299.75,295.75,5.20833333333333e-05,63.5648148148148,0.0294374418003733,1.7,0.934,1900-07-28,2013
JP2_2013,211,300.5,304.45,296.55,0,196.296296296296,0.0318723313366974,2,0.856,1900-07-29,2013
JP2_2013,212,299.85,303.15,296.55,0,153.75,0.0307211562024455,2.2,0.858,1900-07-30,2013
JP2_2013,213,299.55,303.95,295.15,0,143.75,0.0307323228852263,2.4,0.874,1900-07-31,2013
JP2_2013,214,297.4,300.95,293.85,0,181.50462962963,0.025080421325892,2.4,0.813,1900-08-01,2013
JP2_2013,215,298.7,303.85,293.55,0,254.918981481481,0.0259830335233238,2.3,0.778,1900-08-02,2013
JP2_2013,216,299.9,303.45,296.35,0,130.891203703704,0.0295210369555651,2,0.822,1900-08-03,2013
JP2_2013,217,301.25,305.35,297.15,0,254.861111111111,0.0308834467366364,3.6,0.793,1900-08-04,2013
JP2_2013,218,300.85,304.55,297.15,4.05092592592593e-05,123.935185185185,0.0349060488921666,2.1,0.918,1900-08-05,2013
JP2_2013,219,301.25,306.55,295.95,0,278.240740740741,0.0308834467366364,1.9,0.793,1900-08-06,2013
JP2_2013,220,301.8,307.65,295.95,0,253.032407407407,0.0323963433903333,1.9,0.805,1900-08-07,2013
JP2_2013,221,303.15,308.25,298.05,0,251.81712962963,0.0357491738474779,2,0.82,1900-08-08,2013
JP2_2013,222,304.8,310.65,298.95,0,269.189814814815,0.0367426313114395,1.7,0.765,1900-08-09,2013
JP2_2013,223,305,311.05,298.95,0,222.569444444444,0.0378055249701943,1.7,0.778,1900-08-10,2013
JP2_2013,224,302.8,307.85,297.75,5.78703703703704e-06,257.337962962963,0.0327542369982283,2.1,0.767,1900-08-11,2013
JP2_2013,225,302,306.35,297.65,0,241.597222222222,0.0313587609527304,2.1,0.77,1900-08-12,2013
JP2_2013,226,301.9,307.35,296.45,0,277.685185185185,0.0306464995696409,2.2,0.757,1900-08-13,2013
JP2_2013,227,301.95,307.25,296.65,0,277.581018518519,0.0313874685880031,2.2,0.773,1900-08-14,2013
JP2_2013,228,302.5,306.85,298.15,0,265.983796296296,0.0322615145045067,2.6,0.769,1900-08-15,2013
JP2_2013,229,301.55,305.75,297.35,0,256.50462962963,0.0308071428109365,3.4,0.777,1900-08-16,2013
JP2_2013,230,301.9,305.95,297.85,0,275.381944444444,0.0304845629801051,3.8,0.753,1900-08-17,2013
JP2_2013,231,302.65,307.05,298.25,0,260.543981481482,0.0325917667880546,3.2,0.77,1900-08-18,2013
JP2_2013,232,301.7,306.05,297.35,0.000167824074074074,222.905092592593,0.0322039687262394,3.4,0.805,1900-08-19,2013
JP2_2013,233,301,305.35,296.65,0.000486111111111111,136.481481481481,0.0329957239882693,1.9,0.86,1900-08-20,2013
JP2_2013,234,301,305.25,296.75,5.78703703703704e-06,172.291666666667,0.0328806226255195,1.9,0.857,1900-08-21,2013
JP2_2013,235,299.8,302.55,297.05,5.20833333333333e-05,82.5347222222222,0.0331631689629208,1.8,0.929,1900-08-22,2013
JP2_2013,236,301.4,306.25,296.55,0,219.027777777778,0.0312006705327475,1.9,0.794,1900-08-23,2013
JP2_2013,237,296.35,298.95,293.75,1.15740740740741e-05,72.7430555555556,0.0251307475270284,1.5,0.869,1900-08-24,2013
JP2_2013,238,297.55,302.85,292.25,2.89351851851852e-05,220.902777777778,0.024751619736985,2.1,0.795,1900-08-25,2013
JP2_2013,239,297.9,303.45,292.35,0.000266203703703704,249.513888888889,0.0248102207193516,2.1,0.78,1900-08-26,2013
JP2_2013,240,298.7,305.85,291.55,0,284.513888888889,0.0241461866804153,1.9,0.723,1900-08-27,2013
JP2_2013,241,300,304.75,295.25,0,235.451388888889,0.0281820206349143,2.3,0.78,1900-08-28,2013
JP2_2013,242,302.15,307.75,296.55,0,246.226851851852,0.0328722709893771,2.2,0.8,1900-08-29,2013
JP2_2013,243,302.25,306.95,297.55,0,208.252314814815,0.032613366020751,3.2,0.789,1900-08-30,2013
JP2_2013,244,301.9,308.05,295.75,0,203.958333333333,0.0333994215917486,2.3,0.825,1900-08-31,2013
JP2_2013,245,300.95,305.75,296.15,0,173.668981481481,0.033011863358889,2.3,0.863,1900-09-01,2013
JP2_2013,246,301.5,305.85,297.15,1.73611111111111e-05,254.259259259259,0.0325338161903084,3.2,0.823,1900-09-02,2013
JP2_2013,247,300.25,304.15,296.35,8.10185185185185e-05,161.863425925926,0.032240599568875,3.2,0.879,1900-09-03,2013
JP2_2013,248,299.85,302.75,296.95,0.000133101851851852,85.9143518518519,0.0329052943473747,3,0.919,1900-09-04,2013
JP2_2013,249,297.9,300.65,295.15,0,119.618055555556,0.0268459311373497,2.8,0.844,1900-09-05,2013
JP2_2013,250,298,301.45,294.55,0,123.622685185185,0.0265943907293921,2.1,0.831,1900-09-06,2013
JP2_2013,251,296.75,300.15,293.35,0.000173611111111111,65.3356481481482,0.0280407219104765,2.1,0.946,1900-09-07,2013
JP2_2013,252,296.85,300.55,293.15,0,241.851851851852,0.0236805699761493,2,0.794,1900-09-08,2013
JP2_2013,253,296,300.95,291.05,0,211.701388888889,0.0228099089622043,1.8,0.806,1900-09-09,2013
JP2_2013,254,297.9,301.55,294.25,0,146.331018518519,0.0261779636564441,2,0.823,1900-09-10,2013
JP2_2013,255,299.2,305.05,293.35,0,233.784722222222,0.0268867113663272,1.8,0.781,1900-09-11,2013
JP2_2013,256,299.95,304.25,295.65,0,175.208333333333,0.0297902663450679,1.9,0.827,1900-09-12,2013
JP2_2013,257,300.15,305.75,294.55,0,209.270833333333,0.0297138185193627,2.1,0.815,1900-09-13,2013
JP2_2013,258,298.9,302.05,295.75,0.00109375,120.243055555556,0.0312361914216077,2.2,0.924,1900-09-14,2013
JP2_2013,259,295.6,301.05,290.15,0.000127314814814815,50.2314814814815,0.0218372617009879,6.9,0.791,1900-09-15,2013
JP2_2013,260,293.55,299.95,287.15,0,261.770833333333,0.016928325831694,1.8,0.697,1900-09-16,2013
JP2_2013,261,292.95,299.85,286.05,0,251.909722222222,0.0174573659934383,1.8,0.7465,1900-09-17,2013
JP2_2013,262,293.6,299.75,287.45,0,243.668981481481,0.0193936979873996,1.8,0.796,1900-09-18,2013
JP2_2013,263,296.3,302.15,290.45,0,232.384259259259,0.02306399477871,2.1,0.8,1900-09-19,2013
JP2_2013,264,297.05,303.15,290.95,0,165.902777777778,0.0244265403552159,1.7,0.809,1900-09-20,2013
JP2_2013,265,297.15,302.85,291.45,0,135.127314814815,0.0252758030785179,2.6,0.832,1900-09-21,2013
JP2_2013,266,293.85,296.95,290.75,0,184.826388888889,0.0177703783584431,3.5,0.718,1900-09-22,2013
JP2_2013,267,297.15,300.55,293.75,0.000104166666666667,64.3865740740741,0.0250935256524709,2.6,0.826,1900-09-23,2013
JP2_2013,268,292.15,299.15,285.15,2.31481481481481e-05,80.8449074074074,0.0220741196230832,2.1,0.993,1900-09-24,2013
JP2_2013,269,289.5,295.95,283.05,0,237.511574074074,0.0156988074174843,2.8,0.837,1900-09-25,2013
JP2_2013,270,289.2,295.75,282.65,0,215.833333333333,0.012453480363491,1.9,0.677,1900-09-26,2013
JP2_2013,271,293.05,297.05,289.05,0,193.553240740741,0.017203217326388,1.9,0.731,1900-09-27,2013
JP2_2013,272,293.2,299.85,286.55,0,168.842592592593,0.0174143735250162,1.8,0.733,1900-09-28,2013
JP2_2013,273,294.65,297.75,291.55,0.000428240740740741,56.3657407407407,0.0205830549661862,1.9,0.791,1900-09-29,2013
JP2_2013,274,295.25,296.35,294.15,0.000277777777777778,45.8449074074074,0.0263649297590126,1.9,0.976,1900-09-30,2013
JP2_2013,275,294.45,297.75,291.15,1.15740740740741e-05,193.043981481481,0.0251843201558904,3,0.98,1900-10-01,2013
JP2_2013,276,294.85,301.05,288.65,4.62962962962963e-05,29.7916666666667,0.0206835383558892,2.5,0.785,1900-10-02,2013
JP2_2013,277,289.8,291.65,287.95,8.10185185185185e-05,30.5439814814815,0.0164842855728465,2.5,0.862,1900-10-03,2013
JP2_2013,278,291.4,292.05,290.75,1.15740740740741e-05,57.2569444444444,0.0210231212575353,3.3,0.992,1900-10-04,2013
JP2_2013,279,295.05,296.85,293.25,0,147.12962962963,0.0260120316367481,1.9,0.975,1900-10-05,2013
JP2_2013,280,296.65,300.85,292.45,0,167.002314814815,0.026336628353782,1.7,0.894,1900-10-06,2013
JP2_2013,281,298.75,302.55,294.95,0,163.333333333333,0.028842508698821,2.7,0.861,1900-10-07,2013
JP2_2013,282,296.9,301.25,292.55,0,147.210648148148,0.0255485138097087,6.3,0.854,1900-10-08,2013
JP2_2013,283,296.6,299.85,293.35,0,179.548611111111,0.0256094803510977,2.3,0.872,1900-10-09,2013
JP2_2013,284,295.85,302.95,288.75,4.62962962962963e-05,199.94212962963,0.0236644716761142,4.4,0.844,1900-10-10,2013
JP2_2013,285,294.4,304.75,284.05,0,209.155092592593,0.0192647574474815,2.1,0.752,1900-10-11,2013
JP2_2013,286,290.5,298.95,282.05,0,168.923611111111,0.0112429964962601,2.6,0.562,1900-10-12,2013
JP2_2013,287,292.4,297.55,287.25,0.000572916666666667,35.1851851851852,0.0174132997017266,1.8,0.771,1900-10-13,2013
JP2_2013,288,288.95,291.95,285.95,0.00155092592592593,93.275462962963,0.0178275763770686,2.5,0.985,1900-10-14,2013
JP2_2013,289,289.75,297.65,281.85,0,184.918981481481,0.0141437434485287,6.4,0.742,1900-10-15,2013
JP2_2013,290,289.1,293.85,284.35,0,157.55787037037,0.0126836604117363,1.8,0.694,1900-10-16,2013
JP2_2013,291,289.4,293.25,285.55,0.000133101851851852,86.2615740740741,0.0132681415917274,2.2,0.712,1900-10-17,2013
JP2_2013,292,289.35,292.15,286.55,0.000555555555555556,16.7476851851852,0.0153056238831971,2.8,0.824,1900-10-18,2013
JP2_2013,293,287.15,288.35,285.95,0,119.143518518519,0.0160258865315939,4.4,0.996,1900-10-19,2013
JP2_2013,294,291.8,295.05,288.55,0,80.5787037037037,0.0193488310975085,2.1,0.89,1900-10-20,2013
JP2_2013,295,289.5,292.95,286.05,0,98.8657407407407,0.0156988074174843,2.8,0.837,1900-10-21,2013
JP2_2013,296,289.15,292.15,286.15,2.89351851851852e-05,36.2847222222222,0.0151634965437813,2.4,0.827,1900-10-22,2013
JP2_2013,297,288.55,288.85,288.25,0.000260416666666667,49.9074074074074,0.0168230780704317,2.3,0.954,1900-10-23,2013
JP2_2013,298,289.6,294.95,284.25,0.000555555555555556,30.5902777777778,0.0188588779880902,2,0.999,1900-10-24,2013
JP2_2013,299,285.2,290.55,279.85,0,187.476851851852,0.0138158740623812,2.4,0.977,1900-10-25,2013
JP2_2013,300,285.7,293.25,278.15,0,173.738425925926,0.0107454183954504,3,0.735,1900-10-26,2013
JP2_2013,301,287.35,293.15,281.55,2.89351851851852e-05,33.3217592592593,0.012586027453978,1.6,0.772,1900-10-27,2013
JP2_2013,302,286.8,288.15,285.45,0.000243055555555556,158.715277777778,0.0151261534722015,1.8,0.962,1900-10-28,2013
JP2_2013,303,288.4,295.55,281.25,0,160.428240740741,0.0155592832883703,1.7,0.891,1900-10-29,2013
JP2_2013,304,287.3,294.65,279.95,0,159.479166666667,0.0139097306991645,1.5,0.856,1900-10-30,2013
JP2_2013,305,287.95,293.95,281.95,0,57.3842592592593,0.0134299663260099,1.6,0.792,1900-10-31,2013
JP2_2013,306,287.7,290.25,285.15,0,97.3032407407407,0.0155807833487082,1.5,0.934,1900-11-01,2013
JP2_2013,307,287.3,293.55,281.05,3.47222222222222e-05,55.0462962962963,0.0148522124521453,1.4,0.914,1900-11-02,2013
JP2_2013,308,285.15,291.55,278.75,0,162.326388888889,0.0133047828245499,1.6,0.944,1900-11-03,2013
JP2_2013,309,284.55,291.85,277.25,0,153.078703703704,0.0104529127652002,1.5,0.772,1900-11-04,2013
JP2_2013,310,287.6,293.55,281.65,6.36574074074074e-05,30.8217592592593,0.0136891369465788,2.1,0.826,1900-11-05,2013
JP2_2013,311,283.45,287.95,278.95,0,163.912037037037,0.0124867342236602,1.4,0.993,1900-11-06,2013
JP2_2013,312,286.4,294.45,278.35,0,41.5393518518518,0.0112556769462065,2.1,0.735,1900-11-07,2013
JP2_2013,313,285.75,287.65,283.85,0,31.6435185185185,0.0128640589572865,2,0.877,1900-11-08,2013
JP2_2013,314,284.75,294.15,275.35,1.15740740740741e-05,85.4513888888889,0.0122816430921352,2.2,0.895,1900-11-09,2013
JP2_2013,315,282.35,289.95,274.75,0,115.416666666667,0.00868364128501505,2.5,0.744,1900-11-10,2013
JP2_2013,316,280,286.65,273.35,0,161.331018518519,0.00731137592260374,1.8,0.736,1900-11-11,2013
JP2_2013,317,278.85,286.15,271.55,0,148.657407407407,0.00650247173695241,2.1,0.709,1900-11-12,2013
JP2_2013,318,283.05,287.45,278.65,1.15740740740741e-05,25.9027777777778,0.00914277802197724,1.5,0.747,1900-11-13,2013
JP2_2013,319,279.05,283.25,274.85,0,149.328703703704,0.00857465346974471,1.8,0.922,1900-11-14,2013
JP2_2013,320,282.45,290.25,274.65,0,138.923611111111,0.00985925519509632,1.4,0.839,1900-11-15,2013
JP2_2013,321,284,290.95,277.05,0,128.356481481481,0.0111050491534196,1.4,0.851,1900-11-16,2013
JP2_2013,322,283.9,293.15,274.65,0,145.115740740741,0.010395472619239,1.7,0.802,1900-11-17,2013
JP2_2013,323,280.7,288.75,272.65,0,147.418981481481,0.00641168731199098,1.7,0.615,1900-11-18,2013
JP2_2013,324,282.4,289.95,274.85,0,147.44212962963,0.00750695537347126,1.6,0.641,1900-11-19,2013
JP2_2013,325,281.25,289.35,273.15,0,143.49537037037,0.00668021149327179,1.8,0.617,1900-11-20,2013
JP2_2013,326,282.15,290.15,274.15,0,144.525462962963,0.00810566969737783,1.7,0.704,1900-11-21,2013
JP2_2013,327,280.85,288.35,273.35,0,135.810185185185,0.0074472831848952,1.6,0.707,1900-11-22,2013
JP2_2013,328,283.15,290.05,276.25,1.73611111111111e-05,30.5324074074074,0.00926646385439794,1.5,0.752,1900-11-23,2013
JP2_2013,329,284.75,291.65,277.85,0,115.717592592593,0.0114582927172434,3.4,0.835,1900-11-24,2013
JP2_2013,330,283.6,291.35,275.85,0,109.699074074074,0.00946347457982127,2.1,0.745,1900-11-25,2013
JP2_2013,331,282.9,288.95,276.85,0,66.724537037037,0.00716033311197445,2.8,0.591,1900-11-26,2013
JP2_2013,332,281.05,289.45,272.65,0,137.118055555556,0.00717654261434204,2.4,0.672,1900-11-27,2013
JP2_2013,333,279.75,286.25,273.25,0,138.541666666667,0.00523322310403357,2.1,0.536,1900-11-28,2013
JP2_2013,334,279.05,286.95,271.15,0,134.386574074074,0.00561723502790218,1.7,0.604,1900-11-29,2013
JP2_2013,335,280.15,287.95,272.35,0,127.453703703704,0.00760841458898963,1.4,0.758,1900-11-30,2013
JP2_2013,336,280.6,288.55,272.65,0,130.578703703704,0.00830388707402061,1.4,0.802,1900-12-01,2013
JP2_2013,337,282.5,289.15,275.85,0,102.025462962963,0.00907922318885094,1.5,0.77,1900-12-02,2013
JP2_2013,338,280.85,287.95,273.75,0,128.726851851852,0.0092906701118495,1.9,0.882,1900-12-03,2013
JP2_2013,339,281.9,288.95,274.85,0,108.611111111111,0.00894212356091338,1.6,0.79,1900-12-04,2013
JP2_2013,340,281.85,289.85,273.85,0,109.467592592593,0.00901318416723553,1.5,0.799,1900-12-05,2013
JP2_2013,341,279.55,287.25,271.85,0,98.0439814814815,0.00705805898313446,1.4,0.733,1900-12-06,2013
JP2_2013,342,277.2,284.05,270.35,0,54.837962962963,0.00569365323490473,1.5,0.697,1900-12-07,2013
JP2_2013,343,278.45,282.15,274.75,5.78703703703704e-05,47.9166666666667,0.00712600450031003,1.3,0.799,1900-12-08,2013
JP2_2013,344,280.25,286.65,273.85,0,79.3865740740741,0.00795425410536161,3.5,0.787,1900-12-09,2013
JP2_2013,345,278.5,285.65,271.35,0,124.641203703704,0.00593377894181618,2.2,0.663,1900-12-10,2013
JP2_2013,346,277.8,285.25,270.35,5.78703703703704e-06,126.342592592593,0.00540254069742276,2.1,0.634,1900-12-11,2013
JP2_2013,347,280.45,287.95,272.95,0,131.446759259259,0.00668136865342723,3.4,0.652,1900-12-12,2013
JP2_2013,348,277.7,283.85,271.55,0,132.581018518519,0.00423083291706875,2.6,0.5,1900-12-13,2013
JP2_2013,349,279.55,283.95,275.15,0,127.743055555556,0.00510337143391714,3.6,0.53,1900-12-14,2013
JP2_2013,350,278.55,284.35,272.75,0,108.981481481481,0.00428404663779274,5.5,0.477,1900-12-15,2013
JP2_2013,351,279.15,284.75,273.55,3.47222222222222e-05,23.0092592592593,0.0058437779176702,1.4,0.624,1900-12-16,2013
JP2_2013,352,278.25,280.15,276.35,0.000150462962962963,19.2592592592593,0.00758980407118172,2.7,0.863,1900-12-17,2013
JP2_2013,353,276.8,280.25,273.35,0.000173611111111111,26.8981481481481,0.00784580085340308,4.8,0.988,1900-12-18,2013
JP2_2013,354,276.3,280.65,271.95,0,120.115740740741,0.00672941769682337,4.5,0.878,1900-12-19,2013
JP2_2013,355,278.7,284.45,272.95,0,132.75462962963,0.00757832014314873,1.3,0.835,1900-12-20,2013
JP2_2013,356,276.8,283.55,270.05,0,85.3587962962963,0.00516965218174636,3.4,0.651,1900-12-21,2013
JP2_2013,357,277,281.35,272.65,0,131.018518518519,0.00584736681549422,1.6,0.726,1900-12-22,2013
JP2_2013,358,276.85,284.35,269.35,0,131.111111111111,0.00482936063402876,3.6,0.606,1900-12-23,2013
JP2_2013,359,276.7,282.45,270.95,0,42.4305555555556,0.00522779853590533,1.5,0.663,1900-12-24,2013
JP2_2013,360,277.8,279.65,275.95,2.89351851851852e-05,29.9421296296296,0.00697899184730164,1.5,0.819,1900-12-25,2013
JP2_2013,361,275.85,280.75,270.95,0,135.104166666667,0.00637632992508215,2.1,0.859,1900-12-26,2013
JP2_2013,362,275.45,281.25,269.65,0,136.990740740741,0.00342667384444031,3.9,0.475,1900-12-27,2013
JP2_2013,363,274.5,281.65,267.35,0,133.18287037037,0.00322118675390745,3.1,0.478,1900-12-28,2013
JP2_2013,364,276.6,284.35,268.85,0,128.321759259259,0.00526918120105519,2,0.673,1900-12-29,2013
JP2_2013,365,278.55,286.45,270.65,0,123.009259259259,0.00602640522842543,1.5,0.671,1900-12-30,2013
JP2_2014,1,278.95,287.95,269.95,0,122.789351851852,0.00621548605822929,2,0.673,1899-12-31,2014
JP2_2014,2,277.9,285.25,270.55,0,132.928240740741,0.00479701767791492,3,0.559,1900-01-01,2014
JP2_2014,3,275.6,280.95,270.25,0,61.3888888888889,0.00503131941431894,1.2,0.69,1900-01-02,2014
JP2_2014,4,278.05,284.85,271.25,0,96.4583333333333,0.00572368091801745,1.6,0.66,1900-01-03,2014
JP2_2014,5,274.45,280.05,268.85,0,102.847222222222,0.00406909217956633,1.4,0.606,1900-01-04,2014
JP2_2014,6,275.55,282.75,268.35,0,133.391203703704,0.0040397727965643,3.3,0.556,1900-01-05,2014
JP2_2014,7,274.35,282.55,266.15,0,132.75462962963,0.00431988308624571,1.4,0.648,1900-01-06,2014
JP2_2014,8,276.5,283.05,269.95,0.00015625,78.8888888888889,0.00597048784846096,1.6,0.768,1900-01-07,2014
JP2_2014,9,278.9,283.05,274.75,8.10185185185185e-05,76.1805555555556,0.00765719545543554,2,0.832,1900-01-08,2014
JP2_2014,10,274.65,278.65,270.65,0,146.238425925926,0.00303814685983909,4.7,0.446,1900-01-09,2014
JP2_2014,11,274.25,281.65,266.85,0,140.87962962963,0.00438813841265153,1.5,0.663,1900-01-10,2014
JP2_2014,12,275.95,282.75,269.15,0,132.962962962963,0.00547993729415009,1.7,0.733,1900-01-11,2014
JP2_2014,13,275.55,280.75,270.35,0,143.356481481481,0.00411969635908626,3.4,0.567,1900-01-12,2014
JP2_2014,14,275.3,280.55,270.05,0,139.722222222222,0.00360422444830297,2,0.505,1900-01-13,2014
JP2_2014,15,272.95,276.45,269.45,0,28.8888888888889,0.00428287204437008,1.6,0.711,1900-01-14,2014
JP2_2014,16,273.8,281.25,266.35,0,146.400462962963,0.00429266904237754,1.4,0.67,1900-01-15,2014
JP2_2014,17,276.05,282.55,269.55,0,132.013888888889,0.00469837806456599,2.2,0.624,1900-01-16,2014
JP2_2014,18,275.2,281.55,268.85,0,131.597222222222,0.00469813346998784,1.6,0.663,1900-01-17,2014
JP2_2014,19,274.55,280.05,269.05,0,154.236111111111,0.00414582548501712,4.6,0.613,1900-01-18,2014
JP2_2014,20,274,280.25,267.75,0,116.736111111111,0.00400416542059259,1.5,0.616,1900-01-19,2014
JP2_2014,21,276.6,284.45,268.75,0,138.75,0.00532398694906023,2.2,0.68,1900-01-20,2014
JP2_2014,22,275.45,280.75,270.15,5.20833333333333e-05,145.462962962963,0.00573516990806326,1.6,0.795,1900-01-21,2014
JP2_2014,23,278,283.35,272.65,0,153.599537037037,0.00439871496137372,3.3,0.509,1900-01-22,2014
JP2_2014,24,278.5,285.05,271.95,0,138.460648148148,0.00614857636957424,1.5,0.687,1900-01-23,2014
JP2_2014,25,276.3,282.75,269.85,0,74.1782407407407,0.0061929037574411,1.3,0.808,1900-01-24,2014
JP2_2014,26,280.5,287.85,273.15,0,104.976851851852,0.00587152467183331,5,0.571,1900-01-25,2014
JP2_2014,27,275.55,280.75,270.35,0,160.925925925926,0.00343671318844409,2,0.473,1900-01-26,2014
JP2_2014,28,278.35,287.95,268.75,0,148.113425925926,0.0050393311661114,1.9,0.569,1900-01-27,2014
JP2_2014,29,279.7,286.45,272.95,0,164.074074074074,0.00435890590436036,3.3,0.448,1900-01-28,2014
JP2_2014,30,280.6,287.45,273.75,5.78703703703704e-06,43.8541666666667,0.00817963938712757,2,0.79,1900-01-29,2014
JP2_2014,31,280.2,287.25,273.15,0,164.74537037037,0.0056303698221213,4.6,0.559,1900-01-30,2014
JP2_2014,32,277.5,284.75,270.25,0,118.958333333333,0.00570689041519204,1.8,0.684,1900-01-31,2014
JP2_2014,33,279.25,284.65,273.85,5.78703703703704e-06,70.4282407407407,0.00788381966991251,1.5,0.836,1900-02-01,2014
JP2_2014,34,280.35,288.95,271.75,0,102.5,0.00885404256378389,1.7,0.87,1900-02-02,2014
JP2_2014,35,276.65,284.95,268.35,3.47222222222222e-05,16.2962962962963,0.00716575257393702,3.3,0.912,1900-02-03,2014
JP2_2014,36,272.55,277.15,267.95,1.73611111111111e-05,178.136574074074,0.00313593302253638,4,0.536,1900-02-04,2014
JP2_2014,37,271.95,277.65,266.25,0,137.638888888889,0.00318042538312265,1.6,0.568,1900-02-05,2014
JP2_2014,38,274.2,279.35,269.05,0,169.756944444444,0.00358756463306578,1.4,0.544,1900-02-06,2014
JP2_2014,39,273.15,274.95,271.35,0,37.0949074074074,0.005604704,6.1,0.917,1900-02-07,2014
JP2_2014,40,277.35,281.65,273.05,1.73611111111111e-05,141.62037037037,0.00576247082859297,4.9,0.698,1900-02-08,2014
JP2_2014,41,275.55,281.75,269.35,0,172.627314814815,0.00436673282506321,1.8,0.601,1900-02-09,2014
JP2_2014,42,275.35,277.05,273.65,0,86.7013888888889,0.00480614022341086,2.2,0.671,1900-02-10,2014
JP2_2014,43,276.4,281.05,271.75,0,134.641203703704,0.00476268724997259,3.8,0.617,1900-02-11,2014
JP2_2014,44,274.7,280.75,268.65,0,160.983796296296,0.00471035842085899,1.7,0.689,1900-02-12,2014
JP2_2014,45,274.65,276.75,272.55,3.47222222222222e-05,34.9652777777778,0.00622615746612764,3.1,0.914,1900-02-13,2014
JP2_2014,46,278.7,284.85,272.55,0.000891203703703704,48.587962962963,0.00842237256627783,5.4,0.928,1900-02-14,2014
JP2_2014,47,280.05,283.25,276.85,0,183.576388888889,0.00533306453815043,7.5,0.535,1900-02-15,2014
JP2_2014,48,280.35,284.95,275.75,0,190.428240740741,0.00462038542983665,4.6,0.454,1900-02-16,2014
JP2_2014,49,276.6,281.55,271.65,0,194.409722222222,0.00382074357520792,3.1,0.488,1900-02-17,2014
JP2_2014,50,274.75,280.75,268.75,0,182.5,0.00415097738902534,1.7,0.605,1900-02-18,2014
JP2_2014,51,275.05,280.75,269.35,0,154.386574074074,0.00461286277759032,1.6,0.658,1900-02-19,2014
JP2_2014,52,276.85,282.65,271.05,0,206.111111111111,0.00461419110082946,3.5,0.579,1900-02-20,2014
JP2_2014,53,275.55,282.55,268.55,0,200.613425925926,0.00414149369431952,1.8,0.57,1900-02-21,2014
JP2_2014,54,276.15,281.55,270.75,0,113.553240740741,0.00499733314198186,1.8,0.659,1900-02-22,2014
JP2_2014,55,277.75,282.05,273.45,0,102.766203703704,0.00557889225678236,1.5,0.657,1900-02-23,2014
JP2_2014,56,278.7,286.45,270.95,0,199.606481481481,0.00574500197678221,2.2,0.633,1900-02-24,2014
JP2_2014,57,279.4,288.15,270.65,0,198.217592592593,0.00617494781983314,2,0.648,1900-02-25,2014
JP2_2014,58,280.3,284.25,276.35,2.31481481481481e-05,41.5046296296296,0.00920894027809016,1.5,0.908,1900-02-26,2014
JP2_2014,59,286.35,292.15,280.55,4.62962962962963e-05,188.009259259259,0.01156957989744,2.7,0.758,1900-02-27,2014
JP2_2014,60,280.55,282.65,278.45,5.78703703703704e-06,22.7199074074074,0.00916271453833998,2.1,0.888,1900-02-28,2014
JP2_2014,61,277.9,278.85,276.95,0.00015625,22.9513888888889,0.00837547272566182,2.9,0.976,1900-03-01,2014
JP2_2014,62,278.55,282.95,274.15,5.78703703703704e-06,143.18287037037,0.00687962206404453,2.2,0.766,1900-03-02,2014
JP2_2014,63,276.75,283.35,270.15,5.78703703703704e-06,217.546296296296,0.00504851651876059,1.8,0.638,1900-03-03,2014
JP2_2014,64,278.85,280.65,277.05,0.00025462962962963,23.2523148148148,0.00897873036738563,2.8,0.979,1900-03-04,2014
JP2_2014,65,277.1,280.55,273.65,0,235.381944444444,0.00342298136307099,7.2,0.422,1900-03-05,2014
JP2_2014,66,276.1,281.35,270.85,0,223.37962962963,0.00393682520115933,3.2,0.521,1900-03-06,2014
JP2_2014,67,277.05,283.95,270.15,0,236.412037037037,0.00408986237891238,2.7,0.506,1900-03-07,2014
JP2_2014,68,277.4,282.75,272.05,0,171.608796296296,0.00547627648254793,1.9,0.661,1900-03-08,2014
JP2_2014,69,276.15,281.65,270.65,0,218.935185185185,0.00380676970754916,5.5,0.502,1900-03-09,2014
JP2_2014,70,277.45,284.35,270.55,0.000572916666666667,248.020833333333,0.00414040941664004,3.5,0.498,1900-03-10,2014
JP2_2014,71,281.6,291.15,272.05,0,208.18287037037,0.0063210304051534,2.6,0.57,1900-03-11,2014
JP2_2014,72,282.75,289.45,276.05,0.000196759259259259,48.0671296296296,0.0109256583126101,3.9,0.911,1900-03-12,2014
JP2_2014,73,280.75,284.25,277.25,0,58.6574074074074,0.00859930422189422,2,0.822,1900-03-13,2014
JP2_2014,74,279.25,285.05,273.45,0,252.094907407407,0.00552621809398173,2.2,0.586,1900-03-14,2014
JP2_2014,75,281.3,289.65,272.95,0,235.416666666667,0.00744190392700744,2,0.685,1900-03-15,2014
JP2_2014,76,281.35,289.85,272.85,0,236.643518518519,0.00740203564560755,2.4,0.679,1900-03-16,2014
JP2_2014,77,285.25,294.25,276.25,0,183.553240740741,0.0108115079564268,4.2,0.762,1900-03-17,2014
JP2_2014,78,281.55,286.05,277.05,0,159.537037037037,0.0055479363704836,3.3,0.502,1900-03-18,2014
JP2_2014,79,280.05,281.45,278.65,0.000127314814814815,21.2268518518519,0.00925062409608149,3.7,0.928,1900-03-19,2014
JP2_2014,80,282.25,286.75,277.75,0,257.291666666667,0.00639900893252842,7,0.552,1900-03-20,2014
JP2_2014,81,281.2,287.35,275.05,0,271.851851851852,0.00514676641915688,3.8,0.477,1900-03-21,2014
JP2_2014,82,281.7,289.65,273.75,0,242.24537037037,0.00515850619184595,2.9,0.462,1900-03-22,2014
JP2_2014,83,283.25,292.55,273.95,0,261.62037037037,0.0062030137873203,2.7,0.5,1900-03-23,2014
JP2_2014,84,287.45,295.35,279.55,0,248.680555555556,0.0103222260495964,2.3,0.629,1900-03-24,2014
JP2_2014,85,286.65,293.05,280.25,0,125.775462962963,0.012361658813903,2.2,0.794,1900-03-25,2014
JP2_2014,86,282.15,287.15,277.15,1.15740740740741e-05,29.849537037037,0.0100284635034319,2.2,0.871,1900-03-26,2014
JP2_2014,87,284.95,294.95,274.95,0,255.671296296296,0.00934561661873559,2.2,0.672,1900-03-27,2014
JP2_2014,88,287.6,296.55,278.65,0,251.354166666667,0.011402089853809,2.9,0.688,1900-03-28,2014
JP2_2014,89,289,292.05,285.95,7.52314814814815e-05,32.1412037037037,0.0162331861383123,5.9,0.894,1900-03-29,2014
JP2_2014,90,288.5,293.05,283.95,0,276.736111111111,0.00671437930997047,7.7,0.382,1900-03-30,2014
JP2_2014,91,283.55,291.45,275.65,0,270.87962962963,0.006026107950578,2.3,0.476,1900-03-31,2014
JP2_2014,92,284.1,292.85,275.35,0,203.020833333333,0.00873638105779651,2.3,0.665,1900-04-01,2014
JP2_2014,93,286.25,288.05,284.45,0.000607638888888889,40.8912037037037,0.014965534703317,1.6,0.987,1900-04-02,2014
JP2_2014,94,288,293.45,282.55,0.000503472222222222,121.770833333333,0.0144096402274181,3,0.847,1900-04-03,2014
JP2_2014,95,283.7,287.65,279.75,0,274.965277777778,0.00616408504544571,4.3,0.482,1900-04-04,2014
JP2_2014,96,281.7,285.85,277.55,3.47222222222222e-05,206.759259259259,0.00755910972268331,3.5,0.677,1900-04-05,2014
JP2_2014,97,283.65,290.05,277.25,0,287.881944444444,0.00681886363586384,3.9,0.535,1900-04-06,2014
JP2_2014,98,285.35,295.25,275.45,0,273.680555555556,0.0101124883542163,2,0.708,1900-04-07,2014
JP2_2014,99,285.65,292.75,278.55,0,242.546296296296,0.0099375064538232,2.3,0.682,1900-04-08,2014
JP2_2014,100,288.3,296.95,279.65,0,246.319444444444,0.00987169120709567,3.7,0.569,1900-04-09,2014
JP2_2014,101,282.85,291.45,274.25,0,297.037037037037,0.00429857090627259,3.7,0.356,1900-04-10,2014
JP2_2014,102,283.35,292.95,273.75,0,297.905092592593,0.00465882125177497,2.1,0.373,1900-04-11,2014
JP2_2014,103,283.65,292.05,275.25,0,257.372685185185,0.00602864018647401,2.5,0.473,1900-04-12,2014
JP2_2014,104,285.9,292.25,279.55,0,277.453703703704,0.00971866365680818,2.5,0.656,1900-04-13,2014
JP2_2014,105,286,295.25,276.75,0,291.435185185185,0.00975350694711187,2.9,0.654,1900-04-14,2014
JP2_2014,106,288.75,297.85,279.65,0,252.175925925926,0.00920063331535056,3,0.515,1900-04-15,2014
JP2_2014,107,289.65,296.45,282.85,0,265.023148148148,0.0112496927042234,2.6,0.594,1900-04-16,2014
JP2_2014,108,284.1,288.05,280.15,1.73611111111111e-05,31.0185185185185,0.0112719021768262,2.6,0.858,1900-04-17,2014
JP2_2014,109,284.3,289.45,279.15,0,277.12962962963,0.00942703277200958,3.6,0.708,1900-04-18,2014
JP2_2014,110,282.45,286.15,278.75,0,125.208333333333,0.00830809704759607,2,0.707,1900-04-19,2014
JP2_2014,111,285.85,289.45,282.25,5.20833333333333e-05,43.0208333333333,0.0142639206916976,2.3,0.966,1900-04-20,2014
JP2_2014,112,288.55,293.05,284.05,5.78703703703704e-06,150.25462962963,0.0150949212036578,2.4,0.856,1900-04-21,2014
JP2_2014,113,288.65,294.55,282.75,0,295.532407407407,0.0117501323473722,2.3,0.662,1900-04-22,2014
JP2_2014,114,287.7,294.65,280.75,0,305.717592592593,0.0100090685323608,2.3,0.6,1900-04-23,2014
JP2_2014,115,288.75,297.45,280.05,0,294.699074074074,0.0108799722117446,2.4,0.609,1900-04-24,2014
JP2_2014,116,289.55,298.05,281.05,0,262.002314814815,0.0129083324337729,2.3,0.686,1900-04-25,2014
JP2_2014,117,289.8,297.45,282.15,0,312.951388888889,0.0120094331087559,3.5,0.628,1900-04-26,2014
JP2_2014,118,289.2,295.95,282.45,0,165.081018518519,0.0119568127566752,2.8,0.65,1900-04-27,2014
JP2_2014,119,290.2,292.85,287.55,0,174.733796296296,0.0156591271133603,2.9,0.798,1900-04-28,2014
JP2_2014,120,288.45,290.75,286.15,0.000225694444444444,37.9976851851852,0.0172744550901477,3.4,0.986,1900-04-29,2014
JP2_2014,121,292.7,297.15,288.25,0.000109953703703704,198.333333333333,0.0203946351763821,3.8,0.886,1900-04-30,2014
JP2_2014,122,293.45,299.65,287.25,0,312.581018518519,0.0183667296578887,2.4,0.761,1900-05-01,2014
JP2_2014,123,293.6,300.25,286.95,0,266.041666666667,0.0183216845308097,3,0.752,1900-05-02,2014
JP2_2014,124,290.05,296.65,283.45,0,303.333333333333,0.00940617311830053,2.8,0.484,1900-05-03,2014
JP2_2014,125,289.75,292.95,286.55,1.15740740740741e-05,61.8865740740741,0.015592428761316,3.7,0.818,1900-05-04,2014
JP2_2014,126,286.1,290.05,282.15,1.15740740740741e-05,39.7685185185185,0.0133463691562234,2.5,0.889,1900-05-05,2014
JP2_2014,127,287.9,295.15,280.65,0,315.497685185185,0.012405815659294,2.5,0.734,1900-05-06,2014
JP2_2014,128,290.3,295.85,284.75,0,241.099537037037,0.0147332687488959,5.5,0.746,1900-05-07,2014
JP2_2014,129,291.55,299.05,284.05,1.15740740740741e-05,234.479166666667,0.0162827758311558,2.6,0.761,1900-05-08,2014
JP2_2014,130,290.35,296.85,283.85,0,310.439814814815,0.00980759611219207,2.4,0.495,1900-05-09,2014
JP2_2014,131,290.55,298.45,282.65,0,325.648148148148,0.0105165239286926,2.4,0.524,1900-05-10,2014
JP2_2014,132,290.5,296.15,284.85,5.78703703703704e-06,255.833333333333,0.0135636149901501,6.1,0.678,1900-05-11,2014
JP2_2014,133,292.6,296.25,288.95,8.10185185185185e-05,105.289351851852,0.0214553250061272,3.2,0.938,1900-05-12,2014
JP2_2014,134,294.9,302.45,287.35,0,247.222222222222,0.0206688465268937,3.2,0.782,1900-05-13,2014
JP2_2014,135,291.95,293.75,290.15,5.78703703703704e-06,114.386574074074,0.017800510415661,2.1,0.811,1900-05-14,2014
JP2_2014,136,292.55,298.95,286.15,0,265.300925925926,0.0129510479122726,3.8,0.568,1900-05-15,2014
JP2_2014,137,292.35,298.65,286.05,0,338.784722222222,0.0106715491940665,4.3,0.474,1900-05-16,2014
JP2_2014,138,292.65,299.85,285.45,0,324.409722222222,0.0141806438309309,2.4,0.618,1900-05-17,2014
JP2_2014,139,292.65,296.95,288.35,0,290.729166666667,0.0170488970329801,2.6,0.743,1900-05-18,2014
JP2_2014,140,294,299.75,288.25,0,216.493055555556,0.0201620643268954,2.1,0.807,1900-05-19,2014
JP2_2014,141,289.65,292.25,287.05,0.000422453703703704,54.5486111111111,0.0179161772696891,4.7,0.946,1900-05-20,2014
JP2_2014,142,290.9,297.35,284.45,5.78703703703704e-06,243.587962962963,0.0161535657603862,3,0.787,1900-05-21,2014
JP2_2014,143,290.4,295.35,285.45,0,259.085648148148,0.0148084722555826,2.1,0.745,1900-05-22,2014
JP2_2014,144,293,298.25,287.75,0,307.685185185185,0.0179231440191378,3.3,0.764,1900-05-23,2014
JP2_2014,145,295.8,300.55,291.05,0,196.087962962963,0.0223334348423004,2.8,0.799,1900-05-24,2014
JP2_2014,146,294.55,298.55,290.55,9.83796296296296e-05,155.219907407407,0.0217736765056543,5.5,0.842,1900-05-25,2014
JP2_2014,147,294.5,298.45,290.55,0.000283564814814815,163.923611111111,0.0235617932938183,3.5,0.914,1900-05-26,2014
JP2_2014,148,295.95,301.45,290.45,0,280.162037037037,0.0229651166016822,2.8,0.814,1900-05-27,2014
JP2_2014,149,295.85,301.65,290.05,0,276.585648148148,0.0220662786837699,2,0.787,1900-05-28,2014
JP2_2014,150,296.85,304.05,289.65,0,296.25,0.0216226866910683,2.5,0.725,1900-05-29,2014
JP2_2014,151,298.25,305.65,290.85,0,310.081018518519,0.0231037953677607,2.1,0.711,1900-05-30,2014
JP2_2014,152,299.2,306.95,291.45,0,322.650462962963,0.0241670568235106,2.2,0.702,1900-05-31,2014
JP2_2014,153,296.8,302.05,291.55,0,310.196759259259,0.021318381624351,2.6,0.717,1900-06-01,2014
JP2_2014,154,296.35,301.35,291.35,0,204.710648148148,0.0243499302851068,2.2,0.842,1900-06-02,2014
JP2_2014,155,297.6,302.25,292.95,0,272.430555555556,0.0243278537728453,3,0.779,1900-06-03,2014
JP2_2014,156,293.95,295.85,292.05,0.000104166666666667,72.650462962963,0.0219668322321366,2.4,0.882,1900-06-04,2014
JP2_2014,157,292.45,293.45,291.45,0.000827546296296296,54.224537037037,0.0224078446486426,3.8,0.989,1900-06-05,2014
JP2_2014,158,291.3,292.05,290.55,0.000787037037037037,54.212962962963,0.0209945285314683,3.5,0.997,1900-06-06,2014
JP2_2014,159,293.15,295.55,290.75,0.000300925925925926,55.2199074074074,0.0234460137654839,2.7,0.99,1900-06-07,2014
JP2_2014,160,295.3,298.05,292.55,0.000179398148148148,114.12037037037,0.026447051443428,2,0.976,1900-06-08,2014
JP2_2014,161,296.6,300.55,292.65,1.73611111111111e-05,247.708333333333,0.0267548584860665,2,0.911,1900-06-09,2014
JP2_2014,162,294.15,295.55,292.75,0.000202546296296296,49.6064814814815,0.0249678827491983,1.9,0.99,1900-06-10,2014
JP2_2014,163,293.95,295.05,292.85,0.000185185185185185,69.6527777777778,0.0248309883621771,3.1,0.997,1900-06-11,2014
JP2_2014,164,297.2,302.45,291.95,0,278.055555555556,0.0238603508147246,2.6,0.783,1900-06-12,2014
JP2_2014,165,296.7,302.85,290.55,0,331.053240740741,0.0216898545947364,2.7,0.734,1900-06-13,2014
JP2_2014,166,296.75,303.15,290.35,0,337.650462962963,0.021934602762952,2.3,0.74,1900-06-14,2014
JP2_2014,167,297.7,303.65,291.75,0,318.935185185185,0.0224976785976898,2.6,0.716,1900-06-15,2014
JP2_2014,168,297.95,302.95,292.95,0,243.553240740741,0.0252051819708024,2.4,0.79,1900-06-16,2014
JP2_2014,169,295.75,298.05,293.45,1.15740740740741e-05,113.506944444444,0.024716460817214,1.9,0.887,1900-06-17,2014
JP2_2014,170,297.15,302.55,291.75,0,311.25,0.0224201234037815,2.9,0.738,1900-06-18,2014
JP2_2014,171,296.7,300.95,292.45,5.20833333333333e-05,283.009259259259,0.0235810680743865,3,0.798,1900-06-19,2014
JP2_2014,172,297.75,301.75,293.75,0,230.266203703704,0.0258129173816978,2.7,0.819,1900-06-20,2014
JP2_2014,173,294.6,296.55,292.65,0.000190972222222222,70.4976851851852,0.0251362518956945,1.8,0.969,1900-06-21,2014
JP2_2014,174,296.7,300.75,292.65,0,219.108796296296,0.0258268840814709,2.4,0.874,1900-06-22,2014
JP2_2014,175,294.7,296.95,292.45,0.000104166666666667,128.368055555556,0.0241452235229828,2.1,0.925,1900-06-23,2014
JP2_2014,176,295.55,299.05,292.05,6.94444444444444e-05,162.199074074074,0.0257877460726447,2.1,0.937,1900-06-24,2014
JP2_2014,177,296.8,301.45,292.15,0,205.729166666667,0.0265513455935083,2,0.893,1900-06-25,2014
JP2_2014,178,297.05,300.75,293.35,0,223.055555555556,0.0262079567717273,2.2,0.868,1900-06-26,2014
JP2_2014,179,296.3,298.05,294.55,5.20833333333333e-05,84.7916666666667,0.0266965739563568,2.3,0.926,1900-06-27,2014
JP2_2014,180,297.4,301.55,293.25,0.000405092592592593,168.587962962963,0.0289674238930045,2.3,0.939,1900-06-28,2014
JP2_2014,181,296.45,300.55,292.35,5.78703703703704e-06,200.486111111111,0.0251408634448383,2.4,0.864,1900-06-29,2014
JP2_2014,182,297.15,302.25,292.05,0.000167824074074074,293.831018518519,0.0248808686554161,2.1,0.819,1900-06-30,2014
JP2_2014,183,297.55,303.15,291.95,0,327.638888888889,0.025498838446026,2.5,0.819,1900-07-01,2014
JP2_2014,184,297.7,301.65,293.75,4.05092592592593e-05,189.409722222222,0.0276193568259349,2.5,0.879,1900-07-02,2014
JP2_2014,185,294.15,295.55,292.75,0.000266203703703704,100.266203703704,0.0245643614118375,2.9,0.974,1900-07-03,2014
JP2_2014,186,295.65,298.55,292.75,5.78703703703704e-06,110.034722222222,0.0246744138388913,2.3,0.891,1900-07-04,2014
JP2_2014,187,296.25,301.55,290.95,0,252.951388888889,0.0247748064688532,2,0.862,1900-07-05,2014
JP2_2014,188,295.55,296.75,294.35,5.20833333333333e-05,47.0949074074074,0.027301434476055,2,0.992,1900-07-06,2014
JP2_2014,189,299.3,304.75,293.85,5.78703703703704e-06,319.444444444444,0.027292471444841,2.1,0.788,1900-07-07,2014
JP2_2014,190,296.25,298.45,294.05,9.83796296296296e-05,68.6226851851852,0.026959128152882,1.9,0.938,1900-07-08,2014
JP2_2014,191,299.15,302.75,295.55,5.78703703703704e-06,191.412037037037,0.0315761241600682,5.6,0.92,1900-07-09,2014
JP2_2014,192,302.45,307.65,297.25,3.47222222222222e-05,218.009259259259,0.0373109373276684,2.5,0.892,1900-07-10,2014
JP2_2014,193,301.2,305.85,296.55,0,291.793981481481,0.0313348990782588,2.4,0.807,1900-07-11,2014
JP2_2014,194,298.15,300.65,295.65,0,89.9305555555556,0.0281954754665208,2.8,0.873,1900-07-12,2014
JP2_2014,195,300.65,305.05,296.25,0,229.386574074074,0.0318224613182531,2.3,0.847,1900-07-13,2014
JP2_2014,196,300.35,304.85,295.85,5.78703703703704e-06,273.055555555556,0.0298889659329253,2.3,0.81,1900-07-14,2014
JP2_2014,197,300.6,305.75,295.45,1.15740740740741e-05,266.527777777778,0.0321017111343956,2.3,0.857,1900-07-15,2014
JP2_2014,198,298.1,301.55,294.65,0.000109953703703704,285.231481481481,0.0287535648912264,2.7,0.893,1900-07-16,2014
JP2_2014,199,296.85,299.35,294.35,1.73611111111111e-05,131.770833333333,0.0277366877554393,2.2,0.93,1900-07-17,2014
JP2_2014,200,296.45,299.65,293.25,0.000248842592592593,87.4537037037037,0.0276142122791107,1.8,0.949,1900-07-18,2014
JP2_2014,201,297.55,301.95,293.15,5.78703703703704e-06,222.719907407407,0.0284877132821903,1.9,0.915,1900-07-19,2014
JP2_2014,202,297.3,301.35,293.25,0,196.643518518519,0.027257268343283,2.2,0.889,1900-07-20,2014
JP2_2014,203,299.8,305.15,294.45,0,258.333333333333,0.031378283658135,1.9,0.879,1900-07-21,2014
JP2_2014,204,300.7,305.65,295.75,0,218.009259259259,0.0321441503796514,1.8,0.853,1900-07-22,2014
JP2_2014,205,302.55,307.35,297.75,5.78703703703704e-06,227.199074074074,0.0358917078146803,1.9,0.853,1900-07-23,2014
JP2_2014,206,302.1,307.45,296.75,0,305.787037037037,0.0332254204555669,2.3,0.811,1900-07-24,2014
JP2_2014,207,303.1,307.75,298.45,0,296.585648148148,0.0374260261419367,2.8,0.861,1900-07-25,2014
JP2_2014,208,302.25,306.55,297.95,4.05092592592593e-05,245.99537037037,0.0366642023579292,2.3,0.887,1900-07-26,2014
JP2_2014,209,299.35,303.75,294.95,0,281.875,0.0269930528482276,2.4,0.777,1900-07-27,2014
JP2_2014,210,298.7,304.25,293.15,0,298.020833333333,0.0270517444137434,2.4,0.81,1900-07-28,2014
JP2_2014,211,299.4,304.75,294.05,0,302.789351851852,0.0284686545660331,2.5,0.817,1900-07-29,2014
JP2_2014,212,301.75,306.85,296.65,0,271.377314814815,0.0339049991510459,2.1,0.845,1900-07-30,2014
JP2_2014,213,302.15,307.25,297.05,0,259.456018518519,0.0354609623297906,2.1,0.863,1900-07-31,2014
JP2_2014,214,302.6,309.45,295.75,0,288.668981481481,0.0339302763559496,1.9,0.804,1900-08-01,2014
JP2_2014,215,302.2,307.35,297.05,0,300.05787037037,0.033011244775796,2.2,0.801,1900-08-02,2014
JP2_2014,216,302.45,306.85,298.05,0,254.085648148148,0.0348012330231167,3.1,0.832,1900-08-03,2014
JP2_2014,217,303.4,308.55,298.25,0,304.618055555556,0.0342890525614542,3.9,0.775,1900-08-04,2014
JP2_2014,218,302.4,306.75,298.05,0,309.340277777778,0.0341560526995282,3.9,0.819,1900-08-05,2014
JP2_2014,219,301.8,305.75,297.85,0,272.291666666667,0.0320743921516716,4,0.797,1900-08-06,2014
JP2_2014,220,301,304.25,297.75,1.15740740740741e-05,150.243055555556,0.0346838773085994,1.7,0.904,1900-08-07,2014
JP2_2014,221,297.65,300.05,295.25,0,100.833333333333,0.0281928022528132,3.1,0.9,1900-08-08,2014
JP2_2014,222,298.85,303.15,294.55,0.000405092592592593,127.465277777778,0.031579656034344,5.8,0.937,1900-08-09,2014
JP2_2014,223,300.85,304.25,297.45,0,288.310185185185,0.0319781994752856,7,0.841,1900-08-10,2014
JP2_2014,224,297.95,302.35,293.55,7.52314814814815e-05,69.6180555555556,0.0307247977694717,2.4,0.963,1900-08-11,2014
JP2_2014,225,298.9,304.15,293.65,0,225.914351851852,0.0305262779802075,1.8,0.903,1900-08-12,2014
JP2_2014,226,300.5,303.85,297.15,0.000138888888888889,127.430555555556,0.0349999900192705,1.6,0.94,1900-08-13,2014
JP2_2014,227,301.7,305.75,297.65,0,253.773148148148,0.0354043631338161,3.6,0.885,1900-08-14,2014
JP2_2014,228,297.05,299.65,294.45,0.000271990740740741,84.9421296296296,0.0292273066302212,3,0.968,1900-08-15,2014
JP2_2014,229,297.6,301.05,294.15,5.78703703703704e-06,109.652777777778,0.0302302470502107,2,0.968,1900-08-16,2014
JP2_2014,230,301.05,306.35,295.75,0,242.083333333333,0.0345569244351239,2.3,0.898,1900-08-17,2014
JP2_2014,231,301.2,306.05,296.35,0,277.824074074074,0.0341694066776552,2.6,0.88,1900-08-18,2014
JP2_2014,232,302.75,308.05,297.45,0,268.622685185185,0.0364895399630255,1.9,0.857,1900-08-19,2014
JP2_2014,233,302.3,307.75,296.85,0,255.034722222222,0.0351148519617451,1.6,0.847,1900-08-20,2014
JP2_2014,234,302,306.45,297.55,0,247.800925925926,0.0360014866002774,2.5,0.884,1900-08-21,2014
JP2_2014,235,299.15,302.45,295.85,0,136.770833333333,0.0307523991819795,2.4,0.896,1900-08-22,2014
JP2_2014,236,300.2,305.15,295.25,0,182.12962962963,0.0318512087802218,1.7,0.871,1900-08-23,2014
JP2_2014,237,298.45,301.55,295.35,0.000277777777777778,107.488425925926,0.0309195636972137,1.7,0.94,1900-08-24,2014
JP2_2014,238,296.25,298.05,294.45,0.000248842592592593,41.0185185185185,0.0283674408175848,2.2,0.987,1900-08-25,2014
JP2_2014,239,293.8,295.25,292.35,1.15740740740741e-05,58.3333333333333,0.0232165588412422,2.5,0.941,1900-08-26,2014
JP2_2014,240,293.65,295.35,291.95,6.36574074074074e-05,56.3194444444444,0.024196280955179,1.7,0.99,1900-08-27,2014
JP2_2014,241,296.25,299.05,293.45,0,111.724537037037,0.0259531905352371,1.9,0.903,1900-08-28,2014
JP2_2014,242,295.3,298.85,291.75,0.000219907407407407,162.534722222222,0.0245502342292477,2.3,0.906,1900-08-29,2014
JP2_2014,243,294.9,298.65,291.15,0,131.354166666667,0.0239726902811925,2,0.907,1900-08-30,2014
JP2_2014,244,294.15,295.95,292.35,0.000335648148148148,47.7893518518518,0.0250183229163684,1.9,0.992,1900-08-31,2014
JP2_2014,245,296.95,302.75,291.15,5.78703703703704e-06,251.527777777778,0.0257472429514104,2.5,0.858,1900-09-01,2014
JP2_2014,246,295.5,298.25,292.75,0,144.270833333333,0.0232659767271626,2,0.848,1900-09-02,2014
JP2_2014,247,296.85,300.45,293.25,0,116.354166666667,0.0254700337023067,2,0.854,1900-09-03,2014
JP2_2014,248,299,303.85,294.15,0,161.377314814815,0.0307460841853802,2.8,0.904,1900-09-04,2014
JP2_2014,249,298.95,302.55,295.35,1.15740740740741e-05,181.967592592593,0.0291270919729697,2.1,0.859,1900-09-05,2014
JP2_2014,250,293.65,295.95,291.35,0.000208333333333333,66.724537037037,0.0238785520133433,1.8,0.977,1900-09-06,2014
JP2_2014,251,293,296.85,289.15,0,78.1597222222222,0.0217705204839789,1.5,0.928,1900-09-07,2014
JP2_2014,252,296.45,300.55,292.35,1.15740740740741e-05,202.986111111111,0.0245298007916651,2.7,0.843,1900-09-08,2014
JP2_2014,253,295.55,299.55,291.55,5.78703703703704e-06,122.835648148148,0.0244667089205775,1.9,0.889,1900-09-09,2014
JP2_2014,254,293.35,295.65,291.05,0.000127314814814815,45.8680555555556,0.0233598588905039,1.9,0.974,1900-09-10,2014
JP2_2014,255,295.15,300.95,289.35,5.78703703703704e-06,236.724537037037,0.021261765650075,1.9,0.792,1900-09-11,2014
JP2_2014,256,295.2,300.05,290.35,6.94444444444444e-05,215.324074074074,0.021731977003019,2.1,0.807,1900-09-12,2014
JP2_2014,257,295.3,301.05,289.55,0,251.354166666667,0.0216237162416552,1.8,0.798,1900-09-13,2014
JP2_2014,258,294.6,297.95,291.25,0,128.958333333333,0.0228016154967137,1.7,0.879,1900-09-14,2014
JP2_2014,259,297.15,302.95,291.35,0,225.173611111111,0.0245770729453377,1.9,0.809,1900-09-15,2014
JP2_2014,260,294.2,297.95,290.45,0.000271990740740741,142.974537037037,0.0200622884359931,2.2,0.793,1900-09-16,2014
JP2_2014,261,292.95,298.15,287.75,0,169.386574074074,0.0174690588038827,1.6,0.747,1900-09-17,2014
JP2_2014,262,291.2,297.75,284.65,0,180.162037037037,0.014479067796094,1.5,0.692,1900-09-18,2014
JP2_2014,263,290.85,294.25,287.45,0,61.8287037037037,0.017738666021496,1.5,0.867,1900-09-19,2014
JP2_2014,264,291.45,298.55,284.35,0,230.914351851852,0.0166043974602602,1.8,0.781,1900-09-20,2014
JP2_2014,265,294.1,299.85,288.35,0,224.178240740741,0.02013806850593,1.8,0.801,1900-09-21,2014
JP2_2014,266,292.75,299.05,286.45,0,213.368055555556,0.0173187984416821,1.8,0.75,1900-09-22,2014
JP2_2014,267,294.05,298.45,289.65,1.15740740740741e-05,109.965277777778,0.0214283990723608,2.8,0.855,1900-09-23,2014
JP2_2014,268,296.3,299.35,293.25,3.47222222222222e-05,50,0.0277632837148722,3.5,0.963,1900-09-24,2014
JP2_2014,269,294.55,299.45,289.65,0,215.983796296296,0.0199376539024459,2.6,0.771,1900-09-25,2014
JP2_2014,270,291.85,296.45,287.25,0,185.717592592593,0.0167715743498228,3,0.769,1900-09-26,2014
JP2_2014,271,293.1,299.15,287.05,0,229.363425925926,0.0188865781810039,2.8,0.8,1900-09-27,2014
JP2_2014,272,294.1,301.25,286.95,0,236.435185185185,0.0191324221385927,2.5,0.761,1900-09-28,2014
JP2_2014,273,295.25,301.55,288.95,0,210.555555555556,0.0215565716677172,1.8,0.798,1900-09-29,2014
JP2_2014,274,292.85,294.55,291.15,0,34.3402777777778,0.0200081432872053,2.7,0.861,1900-09-30,2014
JP2_2014,275,292.9,296.45,289.35,0,94.4791666666667,0.0215168259338064,1.9,0.923,1900-10-01,2014
JP2_2014,276,297.55,303.65,291.45,0,197.337962962963,0.025498838446026,2.6,0.819,1900-10-02,2014
JP2_2014,277,295.75,298.55,292.95,0,114.780092592593,0.0213169025086457,2,0.765,1900-10-03,2014
JP2_2014,278,290.55,293.65,287.45,0.00130787037037037,14.4560185185185,0.01874510181183,2.9,0.934,1900-10-04,2014
JP2_2014,279,294.4,300.35,288.45,0.00157407407407407,72.7314814814815,0.0230306076400078,4,0.899,1900-10-05,2014
JP2_2014,280,292.15,295.45,288.85,5.78703703703704e-06,163.599537037037,0.0176059443519455,2.2,0.792,1900-10-06,2014
JP2_2014,281,291.8,297.35,286.25,0,161.168981481481,0.0178052726616398,1.9,0.819,1900-10-07,2014
JP2_2014,282,293.05,297.55,288.55,0,110.428240740741,0.0197213353208114,1.9,0.838,1900-10-08,2014
JP2_2014,283,292.75,299.25,286.25,0,159.456018518519,0.019397054254684,2,0.84,1900-10-09,2014
JP2_2014,284,291.15,295.05,287.25,0,158.842592592593,0.01630993816959,2.2,0.782,1900-10-10,2014
JP2_2014,285,289.6,293.85,285.35,0,112.291666666667,0.0149511825491165,1.5,0.792,1900-10-11,2014
JP2_2014,286,290.8,296.25,285.35,0.000237268518518519,36.6319444444444,0.0196805341824312,2.7,0.965,1900-10-12,2014
JP2_2014,287,293.8,299.85,287.75,8.68055555555556e-05,211.168981481481,0.0166290761519631,6.8,0.674,1900-10-13,2014
JP2_2014,288,287.65,290.25,285.05,5.20833333333333e-05,44.3287037037037,0.0141331311738234,1.8,0.85,1900-10-14,2014
JP2_2014,289,289.25,293.65,284.85,0,125.162037037037,0.0166831571140873,2.3,0.904,1900-10-15,2014
JP2_2014,290,289.2,296.05,282.35,0,204.398148148148,0.0132812597081839,2.6,0.722,1900-10-16,2014
JP2_2014,291,286.8,294.65,278.95,0,195.706018518519,0.0114939898006022,1.6,0.731,1900-10-17,2014
JP2_2014,292,288.8,296.45,281.15,0,193.06712962963,0.0143208699650848,1.9,0.799,1900-10-18,2014
JP2_2014,293,290.35,297.05,283.65,1.73611111111111e-05,133.414351851852,0.0173960997707164,1.8,0.878,1900-10-19,2014
JP2_2014,294,291.25,294.45,288.05,1.15740740740741e-05,61.2847222222222,0.0203398034992146,2,0.969,1900-10-20,2014
JP2_2014,295,288.45,291.05,285.85,0.000185185185185185,18.7847222222222,0.0173270142841339,2.8,0.989,1900-10-21,2014
JP2_2014,296,286.8,288.65,284.95,5.20833333333333e-05,63.3333333333333,0.0145601019909133,2,0.926,1900-10-22,2014
JP2_2014,297,287.95,293.65,282.25,0,180.68287037037,0.0141930325945332,1.5,0.837,1900-10-23,2014
JP2_2014,298,288.35,296.15,280.55,0,175.902777777778,0.0150908927576275,1.6,0.867,1900-10-24,2014
JP2_2014,299,291.1,296.95,285.25,1.15740740740741e-05,99.8032407407407,0.0191476627260947,1.5,0.921,1900-10-25,2014
JP2_2014,300,290.65,296.15,285.15,5.78703703703704e-06,113.969907407407,0.0175731281111198,1.9,0.87,1900-10-26,2014
JP2_2014,301,286.55,291.65,281.45,0,189.513888888889,0.00796519097906341,4.1,0.515,1900-10-27,2014
JP2_2014,302,285.75,294.45,277.05,0,185.324074074074,0.00957837001038554,1.8,0.653,1900-10-28,2014
JP2_2014,303,285.85,294.55,277.15,0,165.532407407407,0.0118866005764146,1.5,0.805,1900-10-29,2014
JP2_2014,304,289.45,294.25,284.65,0,73.7731481481481,0.0167885130774771,1.5,0.898,1900-10-30,2014
JP2_2014,305,288.85,290.25,287.45,0.000150462962962963,26.3194444444444,0.0178919362616444,1.7,0.995,1900-10-31,2014
JP2_2014,306,291.25,294.75,287.75,1.15740740740741e-05,101.759259259259,0.0200039553506208,1.8,0.953,1900-11-01,2014
JP2_2014,307,287.7,293.95,281.45,0,134.756944444444,0.0116605648402003,2.3,0.699,1900-11-02,2014
JP2_2014,308,285.45,292.25,278.65,0,173.969907407407,0.00963365364075368,2.2,0.67,1900-11-03,2014
JP2_2014,309,285.75,290.75,280.75,0,75.9143518518519,0.0118812859240617,2.3,0.81,1900-11-04,2014
JP2_2014,310,290.8,295.15,286.45,1.73611111111111e-05,92.0949074074074,0.0177634666040389,2.2,0.871,1900-11-05,2014
JP2_2014,311,288.65,293.75,283.55,0,162.928240740741,0.0107029151139961,3,0.603,1900-11-06,2014
JP2_2014,312,284.4,286.85,281.95,0,29.0856481481481,0.0103081550193077,1.9,0.769,1900-11-07,2014
JP2_2014,313,286.95,287.85,286.05,1.15740740740741e-05,22.3032407407407,0.0152287664089555,1.6,0.959,1900-11-08,2014
JP2_2014,314,288.25,293.85,282.65,0,118.680555555556,0.0136093378828517,1.8,0.787,1900-11-09,2014
JP2_2014,315,283.9,286.35,281.45,5.78703703703704e-06,26.0185185185185,0.011432427493976,2,0.882,1900-11-10,2014
JP2_2014,316,283.55,286.95,280.15,2.89351851851852e-05,25.7291666666667,0.0123560532768154,1.9,0.976,1900-11-11,2014
JP2_2014,317,284.75,292.55,276.95,0,152.476851851852,0.00897451908632002,2.8,0.654,1900-11-12,2014
JP2_2014,318,282.6,290.05,275.15,0,158.310185185185,0.00739598610987136,1.8,0.623,1900-11-13,2014
JP2_2014,319,282.1,289.95,274.25,0,156.574074074074,0.00780271370262279,2.7,0.68,1900-11-14,2014
JP2_2014,320,281.4,289.05,273.75,0,137.743055555556,0.00802906251430582,1.6,0.734,1900-11-15,2014
JP2_2014,321,281.75,287.25,276.25,0,86.7476851851852,0.00935517991830578,1.6,0.835,1900-11-16,2014
JP2_2014,322,282.7,289.65,275.75,0,148.009259259259,0.00807983928223197,2.7,0.676,1900-11-17,2014
JP2_2014,323,280.95,288.45,273.45,0,149.583333333333,0.00709560456658887,1.6,0.669,1900-11-18,2014
JP2_2014,324,279.2,284.55,273.85,5.78703703703704e-05,65.625,0.00847669519277635,1.8,0.902,1900-11-19,2014
JP2_2014,325,283.55,290.65,276.45,0,120.601851851852,0.01130528235266,1.6,0.893,1900-11-20,2014
JP2_2014,326,284.2,292.25,276.15,0,137.071759259259,0.0114007686551502,1.4,0.862,1900-11-21,2014
JP2_2014,327,284.65,292.85,276.45,0,127.326388888889,0.0110274798833215,1.8,0.809,1900-11-22,2014
JP2_2014,328,284.05,288.35,279.75,0,44.1898148148148,0.0112602785073553,1.4,0.86,1900-11-23,2014
JP2_2014,329,281.9,284.55,279.25,0.000167824074074074,9.65277777777778,0.0112285905980077,2.1,0.992,1900-11-24,2014
JP2_2014,330,281.3,282.55,280.05,0.000283564814814815,13.287037037037,0.0106359473642924,6.7,0.979,1900-11-25,2014
JP2_2014,331,284.1,289.45,278.75,0,136.967592592593,0.0112719021768262,2,0.858,1900-11-26,2014
JP2_2014,332,283.55,288.75,278.35,0,71.4236111111111,0.0118243378694115,1.4,0.934,1900-11-27,2014
JP2_2014,333,284.55,286.65,282.45,2.89351851851852e-05,21.712962962963,0.0134994223146432,1.9,0.997,1900-11-28,2014
JP2_2014,334,284.4,289.75,279.05,5.78703703703704e-06,81.3541666666667,0.0120105421291283,1.8,0.896,1900-11-29,2014
JP2_2014,335,285,287.25,282.75,0.000133101851851852,16.099537037037,0.0139397253152574,1.7,0.999,1900-11-30,2014
JP2_2014,336,280.35,286.85,273.85,0,137.175925925926,0.00571950795499601,3.3,0.562,1900-12-01,2014
JP2_2014,337,278.9,286.05,271.75,0,138.460648148148,0.00532874539506872,2.2,0.579,1900-12-02,2014
JP2_2014,338,279.15,283.45,274.85,5.20833333333333e-05,24.4791666666667,0.00776360880408429,1.5,0.829,1900-12-03,2014
JP2_2014,339,279.55,285.65,273.45,0,114.965277777778,0.00750099310758764,1.9,0.779,1900-12-04,2014
JP2_2014,340,276.05,281.65,270.45,0,130.115740740741,0.00545885271924734,1.8,0.725,1900-12-05,2014
JP2_2014,341,276.5,282.95,270.05,0,128.425925925926,0.00520085464924529,2.2,0.669,1900-12-06,2014
JP2_2014,342,278.55,284.65,272.45,0,126.296296296296,0.00668203500737484,1.6,0.744,1900-12-07,2014
JP2_2014,343,278.5,285.55,271.45,0,126.215277777778,0.006211225619337,2.9,0.694,1900-12-08,2014
JP2_2014,344,276.7,283.15,270.25,0,101.585648148148,0.00520414333891028,1.4,0.66,1900-12-09,2014
JP2_2014,345,279.6,283.35,275.85,0,29.5717592592593,0.0086479055910064,1.6,0.895,1900-12-10,2014
JP2_2014,346,279.7,283.35,276.05,0,46.6898148148148,0.00772538233942438,1.8,0.794,1900-12-11,2014
JP2_2014,347,277.95,284.35,271.55,0,107.962962962963,0.00654481900906023,1.5,0.76,1900-12-12,2014
JP2_2014,348,275.45,281.95,268.95,0,130.300925925926,0.00532396904673042,1.7,0.738,1900-12-13,2014
JP2_2014,349,275.55,282.95,268.15,0,127.731481481481,0.00471549018879538,2.8,0.649,1900-12-14,2014
JP2_2014,350,276.2,278.65,273.75,0.000150462962962963,33.4953703703704,0.00686441204551293,2.8,0.902,1900-12-15,2014
JP2_2014,351,277.95,282.85,273.05,0,121.527777777778,0.00497750708846949,3.8,0.578,1900-12-16,2014
JP2_2014,352,276.05,281.15,270.95,0,132.592592592593,0.00460049518822087,4.9,0.611,1900-12-17,2014
JP2_2014,353,275.8,282.35,269.25,0,127.847222222222,0.00503705726293639,1.6,0.681,1900-12-18,2014
JP2_2014,354,276.9,279.95,273.85,0.000190972222222222,30.0115740740741,0.0070137895332049,1.9,0.877,1900-12-19,2014
JP2_2014,355,280.05,285.05,275.05,0,72.6967592592593,0.00745632200847948,1.9,0.748,1900-12-20,2014
JP2_2014,356,278.2,283.25,273.15,0,129.976851851852,0.00440825290518318,2.6,0.503,1900-12-21,2014
JP2_2014,357,278,283.65,272.35,0,129.861111111111,0.00473574813130216,3.5,0.548,1900-12-22,2014
JP2_2014,358,276.25,282.45,270.05,0,91.6666666666667,0.00623967866130247,1.5,0.817,1900-12-23,2014
JP2_2014,359,277.05,283.85,270.25,0,115.486111111111,0.00548009227846362,2.8,0.678,1900-12-24,2014
JP2_2014,360,275.1,281.95,268.25,0,133.402777777778,0.004179144416974,3.3,0.594,1900-12-25,2014
JP2_2014,361,275.25,281.25,269.25,0,129.768518518519,0.00432384381198626,1.7,0.608,1900-12-26,2014
JP2_2014,362,274.2,281.05,267.35,0,107.824074074074,0.00497906488596446,1.4,0.755,1900-12-27,2014
JP2_2014,363,275.9,279.05,272.75,8.10185185185185e-05,13.5185185185185,0.00733771984379976,1.9,0.985,1900-12-28,2014
JP2_2014,364,277.9,284.05,271.75,0,113.993055555556,0.00784342425333494,1.4,0.914,1900-12-29,2014
JP2_2014,365,278.25,285.85,270.65,0,123.009259259259,0.00656962183218163,2.2,0.747,1900-12-30,2014
JP2_2015,1,275.3,278.65,271.95,0,61.2268518518518,0.00412523115073092,3.3,0.578,1899-12-31,2015
JP2_2015,2,274.55,279.85,269.25,0,81.6319444444444,0.00357771889326926,2.1,0.529,1900-01-01,2015
JP2_2015,3,274.85,281.05,268.65,0,134.560185185185,0.00382845525122342,3.7,0.554,1900-01-02,2015
JP2_2015,4,275.45,281.85,269.05,0,101.25,0.00541053764911626,1.4,0.75,1900-01-03,2015
JP2_2015,5,277.1,285.45,268.75,0,126.111111111111,0.0060916090134273,1.4,0.751,1900-01-04,2015
JP2_2015,6,281.8,289.95,273.65,3.47222222222222e-05,35.8680555555556,0.00920730929081374,3.5,0.819,1900-01-05,2015
JP2_2015,7,278.85,283.05,274.65,0,129.189814814815,0.00385195786956278,6.1,0.42,1900-01-06,2015
JP2_2015,8,279.05,283.75,274.35,0,135.798611111111,0.00393392453113017,6.3,0.423,1900-01-07,2015
JP2_2015,9,278.25,284.05,272.45,0,137.361111111111,0.00371135262808654,5.6,0.422,1900-01-08,2015
JP2_2015,10,277.8,283.65,271.95,0,138.784722222222,0.00369826918404018,4.9,0.434,1900-01-09,2015
JP2_2015,11,277.2,284.35,270.05,0,135.486111111111,0.00522803166476187,2.2,0.64,1900-01-10,2015
JP2_2015,12,277.05,282.75,271.35,0,141.898148148148,0.00409794511088652,4.2,0.507,1900-01-11,2015
JP2_2015,13,276.65,284.15,269.15,0,139.814814814815,0.0046357390555075,2.1,0.59,1900-01-12,2015
JP2_2015,14,275.55,284.35,266.75,0,129.74537037037,0.00474455330243973,1.3,0.653,1900-01-13,2015
JP2_2015,15,277.75,279.65,275.85,0.000399305555555556,13.4953703703704,0.00762533523073145,3.4,0.898,1900-01-14,2015
JP2_2015,16,279.4,284.75,274.05,0,125.648148148148,0.00690869933546146,2.3,0.725,1900-01-15,2015
JP2_2015,17,279.15,284.75,273.55,0,136.365740740741,0.00605917357809715,5.3,0.647,1900-01-16,2015
JP2_2015,18,277.2,282.65,271.75,0,149.699074074074,0.0043703077197619,4.7,0.535,1900-01-17,2015
JP2_2015,19,278.15,285.15,271.15,0,143.518518518519,0.00592115476291197,2.3,0.678,1900-01-18,2015
JP2_2015,20,277.8,283.55,272.05,0,147.12962962963,0.00434589235912556,4.5,0.51,1900-01-19,2015
JP2_2015,21,272.85,275.35,270.35,4.05092592592593e-05,18.3796296296296,0.00495744189619018,2.9,0.829,1900-01-20,2015
JP2_2015,22,276.75,278.25,275.25,5.78703703703704e-05,16.5625,0.00789720922527127,2.4,0.998,1900-01-21,2015
JP2_2015,23,280.1,285.65,274.55,0.000109953703703704,130.601851851852,0.00668191183600482,4.6,0.668,1900-01-22,2015
JP2_2015,24,276.9,282.25,271.55,0,117.523148148148,0.00516637176562185,1.7,0.646,1900-01-23,2015
JP2_2015,25,277.95,285.45,270.45,0,135.844907407407,0.00671705108824606,1.8,0.78,1900-01-24,2015
JP2_2015,26,281.75,285.65,277.85,5.78703703703704e-06,102.037037037037,0.00948962561773053,1.9,0.847,1900-01-25,2015
JP2_2015,27,283.55,289.45,277.65,0.000190972222222222,114.467592592593,0.0106976076013412,2.6,0.845,1900-01-26,2015
JP2_2015,28,276.7,281.35,272.05,2.31481481481481e-05,136.238425925926,0.00547223557152079,3.6,0.694,1900-01-27,2015
JP2_2015,29,274.3,280.35,268.25,0,148.900462962963,0.00424456346745821,1.6,0.639,1900-01-28,2015
JP2_2015,30,275,276.55,273.45,0.000162037037037037,21.7476851851852,0.0066570326093335,3.4,0.953,1900-01-29,2015
JP2_2015,31,277.65,283.05,272.25,0,170.127314814815,0.00538802304183573,5.5,0.639,1900-01-30,2015
JP2_2015,32,277.15,281.15,273.15,0,172.581018518519,0.00366300869718125,6.5,0.45,1900-01-31,2015
JP2_2015,33,276.4,281.95,270.85,0,156.25,0.00370516998377122,3.4,0.48,1900-02-01,2015
JP2_2015,34,274.8,281.85,267.75,0,170.740740740741,0.00433805680853161,1.4,0.63,1900-02-02,2015
JP2_2015,35,275.85,282.75,268.95,0,155.509259259259,0.00511442528333132,1.6,0.689,1900-02-03,2015
JP2_2015,36,274.95,276.45,273.45,8.10185185185185e-05,19.7916666666667,0.0067306473022725,2.1,0.967,1900-02-04,2015
JP2_2015,37,277.85,284.35,271.35,0,171.30787037037,0.00651612483651306,2.6,0.762,1900-02-05,2015
JP2_2015,38,275.8,282.45,269.15,0,126.458333333333,0.00574712700925342,1.9,0.777,1900-02-06,2015
JP2_2015,39,276.3,278.85,273.75,6.36574074074074e-05,30.6712962962963,0.00748053721195855,2,0.976,1900-02-07,2015
JP2_2015,40,275.55,279.35,271.75,0,116.678240740741,0.00457017462057365,3.1,0.629,1900-02-08,2015
JP2_2015,41,274.55,281.25,267.85,0,182.291666666667,0.00458543177625059,1.8,0.678,1900-02-09,2015
JP2_2015,42,276.75,284.15,269.35,0,176.990740740741,0.00590312433071379,1.7,0.746,1900-02-10,2015
JP2_2015,43,278.5,285.95,271.05,0,170.208333333333,0.00700776608060644,1.7,0.783,1900-02-11,2015
JP2_2015,44,277.35,283.25,271.45,0,174.189814814815,0.00477178816465151,5,0.578,1900-02-12,2015
JP2_2015,45,277.4,282.85,271.95,0,192.060185185185,0.00352934006288263,4.7,0.426,1900-02-13,2015
JP2_2015,46,276.55,284.15,268.95,0,181.631944444444,0.00422071354034795,6,0.541,1900-02-14,2015
JP2_2015,47,278.85,286.45,271.25,0,180.671296296296,0.00381527255651934,2.9,0.416,1900-02-15,2015
JP2_2015,48,275.65,279.55,271.75,1.15740740740741e-05,41.1689814814815,0.00587622520161087,2,0.803,1900-02-16,2015
JP2_2015,49,275.6,277.05,274.15,0.000138888888888889,28.8194444444444,0.00724801666352609,4.3,0.994,1900-02-17,2015
JP2_2015,50,279.05,285.25,272.85,5.78703703703704e-06,188.668981481481,0.00795154958419927,2.2,0.855,1900-02-18,2015
JP2_2015,51,278.3,283.85,272.75,0,143.402777777778,0.00723692924654118,1.9,0.82,1900-02-19,2015
JP2_2015,52,276.6,283.25,269.95,0,191.273148148148,0.00600514410283706,1.8,0.767,1900-02-20,2015
JP2_2015,53,278,279.95,276.05,0,34.9189814814815,0.00763077664222592,1.7,0.883,1900-02-21,2015
JP2_2015,54,284.85,290.85,278.85,0.000109953703703704,95.6944444444445,0.0131100181845586,2.3,0.949,1900-02-22,2015
JP2_2015,55,280.85,284.65,277.05,0,69.4097222222222,0.00919586735560609,1.6,0.873,1900-02-23,2015
JP2_2015,56,281.7,284.05,279.35,0,98.2407407407407,0.00824021118957206,2.2,0.738,1900-02-24,2015
JP2_2015,57,279.2,280.45,277.95,0.00015625,15.9027777777778,0.00895597618482915,2.5,0.953,1900-02-25,2015
JP2_2015,58,279.65,286.45,272.85,0,183.275462962963,0.00654482041450588,4.8,0.675,1900-02-26,2015
JP2_2015,59,280.4,284.85,275.95,0,206.782407407407,0.00497335344225647,3.2,0.487,1900-02-27,2015
JP2_2015,60,279.05,280.95,277.15,0.000283564814814815,38.4490740740741,0.0085095530637922,2.8,0.915,1900-02-28,2015
JP2_2015,61,279.75,285.25,274.25,0,226.076388888889,0.00521369615215285,5.2,0.534,1900-03-01,2015
JP2_2015,62,277,280.05,273.95,0,43.0208333333333,0.00632256604705643,1.9,0.785,1900-03-02,2015
JP2_2015,63,283.85,291.25,276.45,0.000185185185185185,188.69212962963,0.0111614935849572,2.9,0.864,1900-03-03,2015
JP2_2015,64,281,287.05,274.95,0,223.4375,0.00648145035504359,2.7,0.609,1900-03-04,2015
JP2_2015,65,279.85,283.45,276.25,0,148.055555555556,0.006518179802444,2.4,0.663,1900-03-05,2015
JP2_2015,66,278.85,280.65,277.05,2.31481481481481e-05,66.4351851851852,0.00826336676303826,2.2,0.901,1900-03-06,2015
JP2_2015,67,281.7,284.55,278.85,5.78703703703704e-06,69.0162037037037,0.0103170123836918,3.6,0.924,1900-03-07,2015
JP2_2015,68,282.05,283.35,280.75,0.000277777777777778,50.0462962962963,0.0111039112198317,3.6,0.971,1900-03-08,2015
JP2_2015,69,280.05,285.85,274.25,6.36574074074074e-05,175.37037037037,0.00596107026881113,6.5,0.598,1900-03-09,2015
JP2_2015,70,277.55,284.25,270.85,0,224.247685185185,0.00397709510690428,3.3,0.475,1900-03-10,2015
JP2_2015,71,279.4,286.45,272.35,0,228.703703703704,0.00469791554811379,2.7,0.493,1900-03-11,2015
JP2_2015,72,280,287.05,272.95,0,238.101851851852,0.00486762799195086,2.7,0.49,1900-03-12,2015
JP2_2015,73,280,286.25,273.75,0,162.303240740741,0.00645705754034298,2.1,0.65,1900-03-13,2015
JP2_2015,74,279.8,284.45,275.15,0,83.2291666666667,0.00782808769425555,1.4,0.799,1900-03-14,2015
JP2_2015,75,282.85,289.15,276.55,0,132.881944444444,0.0103358895948576,1.7,0.856,1900-03-15,2015
JP2_2015,76,287.85,295.15,280.55,0,235.150462962963,0.0133929244943045,2.3,0.795,1900-03-16,2015
JP2_2015,77,285.85,291.95,279.75,0,177.881944444444,0.0111630683674155,2.2,0.756,1900-03-17,2015
JP2_2015,78,284.25,285.75,282.75,5.78703703703704e-05,31.8518518518519,0.0130846311476937,1.9,0.986,1900-03-18,2015
JP2_2015,79,283.7,286.65,280.75,0,105.486111111111,0.0117015307397984,2,0.915,1900-03-19,2015
JP2_2015,80,282.15,287.15,277.15,0,158.657407407407,0.00795599113762511,1.9,0.691,1900-03-20,2015
JP2_2015,81,283.8,291.65,275.95,0,235.636574074074,0.00964336433769307,2.9,0.749,1900-03-21,2015
JP2_2015,82,281.7,289.35,274.05,0,197.696759259259,0.00781591847249382,2.4,0.7,1900-03-22,2015
JP2_2015,83,280.05,286.35,273.75,0,273.530092592593,0.00436613507983156,6.1,0.438,1900-03-23,2015
JP2_2015,84,280.65,286.65,274.65,0,252.766203703704,0.00461302043911671,3.7,0.444,1900-03-24,2015
JP2_2015,85,279.4,287.85,270.95,0,274.143518518519,0.0050600266856966,1.9,0.531,1900-03-25,2015
JP2_2015,86,282.95,293.65,272.25,0,274.664351851852,0.00705090508701813,2.4,0.58,1900-03-26,2015
JP2_2015,87,284.25,294.25,274.25,0,219.247685185185,0.00853287812167041,1.9,0.643,1900-03-27,2015
JP2_2015,88,284.45,293.15,275.75,0,153.773148148148,0.0106521049305944,2.4,0.792,1900-03-28,2015
JP2_2015,89,287,296.55,277.45,0,259.398148148148,0.0108339026643149,2.2,0.68,1900-03-29,2015
JP2_2015,90,286.75,295.55,277.95,0,265.555555555556,0.011581531027297,3.9,0.739,1900-03-30,2015
JP2_2015,91,286,291.35,280.65,1.73611111111111e-05,85.150462962963,0.0134968253625936,2.5,0.905,1900-03-31,2015
JP2_2015,92,283.9,289.35,278.45,0,277.326388888889,0.00948813710384406,3,0.732,1900-04-01,2015
JP2_2015,93,286.85,293.75,279.95,0,74.6412037037037,0.0141033519514699,5.1,0.894,1900-04-02,2015
JP2_2015,94,286.2,290.05,282.35,0,59.5023148148148,0.0117575620820106,3.3,0.778,1900-04-03,2015
JP2_2015,95,283.45,284.75,282.15,1.73611111111111e-05,55.5208333333333,0.011493328379079,1.6,0.914,1900-04-04,2015
JP2_2015,96,288.65,296.85,280.45,0,236.284722222222,0.0145367951548305,2.6,0.819,1900-04-05,2015
JP2_2015,97,283,286.05,279.95,1.73611111111111e-05,32.1527777777778,0.0117954349072586,2.8,0.967,1900-04-06,2015
JP2_2015,98,277.6,280.55,274.65,0.000208333333333333,45.3356481481481,0.00820909564226421,3.2,0.977,1900-04-07,2015
JP2_2015,99,280.4,285.35,275.45,0,228.831018518519,0.00765916854556951,2.2,0.75,1900-04-08,2015
JP2_2015,100,279.6,284.45,274.75,7.52314814814815e-05,70.6134259259259,0.00868655544839641,2,0.899,1900-04-09,2015
JP2_2015,101,284.7,288.25,281.15,6.94444444444444e-05,78.1481481481482,0.0129518208630229,2.7,0.947,1900-04-10,2015
JP2_2015,102,283.25,289.05,277.45,0,258.043981481481,0.00973873164609287,2,0.785,1900-04-11,2015
JP2_2015,103,282,283.95,280.05,0.000271990740740741,32.3148148148148,0.0111231049566133,2.8,0.976,1900-04-12,2015
JP2_2015,104,285.1,287.35,282.85,0.000243055555555556,55.3587962962963,0.0138926013208613,2,0.989,1900-04-13,2015
JP2_2015,105,287.65,294.25,281.05,4.05092592592593e-05,250.300925925926,0.0137839596977643,4.1,0.829,1900-04-14,2015
JP2_2015,106,287.35,296.05,278.65,0,263.368055555556,0.0118034765241969,2.4,0.724,1900-04-15,2015
JP2_2015,107,287.95,295.25,280.65,2.89351851851852e-05,163.888888888889,0.0146169582992683,2.2,0.862,1900-04-16,2015
JP2_2015,108,284.05,291.55,276.55,0,282.708333333333,0.0101604373508229,3.7,0.776,1900-04-17,2015
JP2_2015,109,284.65,290.35,278.95,0,101.388888888889,0.011804446945558,1.5,0.866,1900-04-18,2015
JP2_2015,110,289.6,294.15,285.05,1.15740740740741e-05,69.3171296296296,0.0177450903992039,6.4,0.94,1900-04-19,2015
JP2_2015,111,289.2,293.45,284.95,0,52.7893518518519,0.0157094124526164,3,0.854,1900-04-20,2015
JP2_2015,112,288.8,294.05,283.55,0,231.712962962963,0.0126898322093617,2.4,0.708,1900-04-21,2015
JP2_2015,113,289.75,297.15,282.35,0,274.571759259259,0.0146774696163977,2,0.77,1900-04-22,2015
JP2_2015,114,291.2,296.75,285.65,0,247.87037037037,0.0165923421420557,3.9,0.793,1900-04-23,2015
JP2_2015,115,287.85,293.15,282.55,0,191.851851851852,0.0113713509857303,2.4,0.675,1900-04-24,2015
JP2_2015,116,289.1,297.25,280.95,0,308.587962962963,0.0115870903473211,2.8,0.634,1900-04-25,2015
JP2_2015,117,291.75,299.75,283.75,0,303.69212962963,0.0165133984151927,2.6,0.762,1900-04-26,2015
JP2_2015,118,293.8,302.25,285.35,0,291.400462962963,0.0184548204179056,2.8,0.748,1900-04-27,2015
JP2_2015,119,292.75,298.15,287.35,0,248.946759259259,0.0168800555478262,3,0.731,1900-04-28,2015
JP2_2015,120,292.1,298.45,285.75,0,266.851851851852,0.0168853158227384,2.3,0.762,1900-04-29,2015
JP2_2015,121,293.2,300.65,285.75,0,313.923611111111,0.0174381311969468,2.2,0.734,1900-04-30,2015
JP2_2015,122,292.9,298.95,286.85,0,310.543981481481,0.0178102437848625,2.1,0.764,1900-05-01,2015
JP2_2015,123,294.15,301.15,287.15,0,274.652777777778,0.0198482057814334,2.5,0.787,1900-05-02,2015
JP2_2015,124,295.55,300.05,291.05,0,237.025462962963,0.0217971130091084,5.6,0.792,1900-05-03,2015
JP2_2015,125,288.95,293.65,284.25,0,224.548611111111,0.011420508318711,2.7,0.631,1900-05-04,2015
JP2_2015,126,290.3,298.65,281.95,0,261.168981481481,0.0126398016076319,2.4,0.64,1900-05-05,2015
JP2_2015,127,292.15,297.65,286.65,0,138.368055555556,0.0162499309612022,1.7,0.731,1900-05-06,2015
JP2_2015,128,293.4,299.45,287.35,0,304.12037037037,0.0166007818032861,2.4,0.69,1900-05-07,2015
JP2_2015,129,291.1,294.05,288.15,0,84.212962962963,0.0179002579882383,2.1,0.861,1900-05-08,2015
JP2_2015,130,292.05,299.75,284.35,0,286.93287037037,0.0121930651825688,3.7,0.552,1900-05-09,2015
JP2_2015,131,288.65,296.85,280.45,0,322.534722222222,0.009726695659154,2.9,0.548,1900-05-10,2015
JP2_2015,132,291.75,295.95,287.55,0.000532407407407407,129.097222222222,0.0176619681212363,5.8,0.815,1900-05-11,2015
JP2_2015,133,295,299.65,290.35,0,313.171296296296,0.0191225417094248,3.4,0.719,1900-05-12,2015
JP2_2015,134,294.7,301.65,287.75,0,304.00462962963,0.0178022080461343,2.5,0.682,1900-05-13,2015
JP2_2015,135,295,301.25,288.75,0,275.023148148148,0.0189097735123798,2.8,0.711,1900-05-14,2015
JP2_2015,136,294.1,296.25,291.95,3.47222222222222e-05,82.2337962962963,0.0236578307916107,2.1,0.941,1900-05-15,2015
JP2_2015,137,296.3,301.65,290.95,0,312.407407407407,0.0198926954966374,2.5,0.69,1900-05-16,2015
JP2_2015,138,294.6,299.95,289.25,5.78703703703704e-06,226.423611111111,0.0208042043553633,3.3,0.802,1900-05-17,2015
JP2_2015,139,292.4,295.05,289.75,0.000115740740740741,65.5902777777778,0.0216141735597307,2,0.957,1900-05-18,2015
JP2_2015,140,294.4,298.55,290.25,5.78703703703704e-05,286.921296296296,0.0204431867594285,2.3,0.798,1900-05-19,2015
JP2_2015,141,292.25,297.85,286.65,0.000185185185185185,330.173611111111,0.0150783033462495,3.1,0.674,1900-05-20,2015
JP2_2015,142,292.45,298.25,286.65,0,268.333333333333,0.0158146365669894,3.5,0.698,1900-05-21,2015
JP2_2015,143,294.35,301.55,287.15,0,260.150462962963,0.018566122131081,2.6,0.727,1900-05-22,2015
JP2_2015,144,294.65,298.75,290.55,0,230.150462962963,0.0189176750447755,2.4,0.727,1900-05-23,2015
JP2_2015,145,292.9,297.35,288.45,0,231.747685185185,0.0181599213460836,2.2,0.779,1900-05-24,2015
JP2_2015,146,295.4,302.55,288.25,0,328.703703703704,0.0182684691476479,2,0.67,1900-05-25,2015
JP2_2015,147,295.15,300.65,289.65,0,319.814814814815,0.0178792120239267,3,0.666,1900-05-26,2015
JP2_2015,148,295.55,300.25,290.85,0,207.893518518519,0.0218246346164432,2.6,0.793,1900-05-27,2015
JP2_2015,149,293.55,295.85,291.25,6.94444444444444e-05,79.375,0.0224172808359448,2.8,0.923,1900-05-28,2015
JP2_2015,150,297.25,303.35,291.15,0,329.976851851852,0.0234140644541244,3.3,0.766,1900-05-29,2015
JP2_2015,151,298.8,304.75,292.85,0,321.134259259259,0.0238565375541166,2.3,0.71,1900-05-30,2015
JP2_2015,152,296.1,300.55,291.65,0,305.05787037037,0.0184238313405764,2.9,0.647,1900-05-31,2015
JP2_2015,153,296.7,302.05,291.35,0,254.606481481481,0.0223399592283661,3.5,0.756,1900-06-01,2015
JP2_2015,154,294.35,296.05,292.65,0.000173611111111111,77.4074074074074,0.0244398609070764,2.1,0.957,1900-06-02,2015
JP2_2015,155,294.8,301.25,288.35,0,325.763888888889,0.0133433268386862,4.5,0.508,1900-06-03,2015
JP2_2015,156,291,295.85,286.15,0.000329861111111111,128.611111111111,0.0160921220826056,1.8,0.779,1900-06-04,2015
JP2_2015,157,291.15,295.55,286.75,0.000190972222222222,219.189814814815,0.0181661843295561,2.7,0.871,1900-06-05,2015
JP2_2015,158,293.2,298.75,287.65,0,251.724537037037,0.0187448031531212,2.5,0.789,1900-06-06,2015
JP2_2015,159,293.9,298.45,289.35,5.78703703703704e-06,234.976851851852,0.0195641952619729,3.4,0.788,1900-06-07,2015
JP2_2015,160,293,295.35,290.65,0.000190972222222222,67.5694444444444,0.0225916069246462,2.5,0.963,1900-06-08,2015
JP2_2015,161,295.7,301.35,290.05,0,285.648148148148,0.0228065339021551,2.5,0.821,1900-06-09,2015
JP2_2015,162,296.1,301.25,290.95,0,254.780092592593,0.0234355690777347,2.6,0.823,1900-06-10,2015
JP2_2015,163,295.55,298.35,292.75,4.05092592592593e-05,93.9814814814815,0.0258152676799794,1.9,0.938,1900-06-11,2015
JP2_2015,164,297.7,303.05,292.35,0,255.613425925926,0.0268338233553451,2.7,0.854,1900-06-12,2015
JP2_2015,165,296.5,299.75,293.25,0,112.731481481481,0.0264736280990986,2.3,0.907,1900-06-13,2015
JP2_2015,166,298.1,304.45,291.75,0,280.590277777778,0.0248897039875902,2.3,0.773,1900-06-14,2015
JP2_2015,167,296.9,300.55,293.25,0,153.831018518519,0.0258775930273982,2,0.865,1900-06-15,2015
JP2_2015,168,295.85,298.65,293.05,0,140.763888888889,0.0251785492478086,2.3,0.898,1900-06-16,2015
JP2_2015,169,295,297.65,292.35,1.15740740740741e-05,106.921296296296,0.0242023824138757,2.5,0.91,1900-06-17,2015
JP2_2015,170,292.7,294.95,290.45,8.68055555555556e-05,85.8101851851852,0.0219829306923758,2.6,0.955,1900-06-18,2015
JP2_2015,171,295.1,300.25,289.95,0,317.1875,0.0211689157383619,2.6,0.791,1900-06-19,2015
JP2_2015,172,294.45,296.95,291.95,5.78703703703704e-06,80.6365740740741,0.023642423003489,2,0.92,1900-06-20,2015
JP2_2015,173,295.45,300.45,290.45,0,232.488425925926,0.0230297230371314,2.1,0.842,1900-06-21,2015
JP2_2015,174,297.45,302.35,292.55,0.000133101851851852,242.962962962963,0.0267046114372935,2.2,0.863,1900-06-22,2015
JP2_2015,175,296.7,302.55,290.85,0,266.296296296296,0.0249403777628849,2.1,0.844,1900-06-23,2015
JP2_2015,176,297.45,301.45,293.45,0,252.777777777778,0.0259619571215404,2.6,0.839,1900-06-24,2015
JP2_2015,177,295.35,298.65,292.05,8.10185185185185e-05,91.7708333333333,0.0256052210338477,2.1,0.942,1900-06-25,2015
JP2_2015,178,295.7,297.85,293.55,6.94444444444444e-05,80.6365740740741,0.0274178428275604,1.6,0.987,1900-06-26,2015
JP2_2015,179,296,301.25,290.75,0,262.858796296296,0.0238570139641913,3,0.843,1900-06-27,2015
JP2_2015,180,294.9,299.75,290.05,0,259.930555555555,0.0213560460277878,2.6,0.808,1900-06-28,2015
JP2_2015,181,294.6,299.05,290.15,0,177.708333333333,0.0223865690257836,2.5,0.863,1900-06-29,2015
JP2_2015,182,293.5,294.55,292.45,0.000109953703703704,34.6990740740741,0.0242110952927705,2,1,1900-06-30,2015
JP2_2015,183,295.2,297.55,292.85,5.78703703703704e-06,53.7731481481482,0.0264984701003354,1.6,0.984,1900-07-01,2015
JP2_2015,184,294.85,295.65,294.05,0.000561342592592593,42.6273148148148,0.0263484565043174,1.7,1,1900-07-02,2015
JP2_2015,185,296.75,299.55,293.95,6.36574074074074e-05,92.1527777777778,0.0286039076570928,1.9,0.965,1900-07-03,2015
JP2_2015,186,293.4,294.45,292.35,0.000162037037037037,49.4675925925926,0.0238425721261689,1.6,0.991,1900-07-04,2015
JP2_2015,187,293.25,294.25,292.25,0.000138888888888889,62.0717592592593,0.0238088797592518,1.5,0.999,1900-07-05,2015
JP2_2015,188,295.1,298.05,292.15,5.78703703703704e-06,122.881944444444,0.0252635353438857,1.4,0.944,1900-07-06,2015
JP2_2015,189,295.8,300.05,291.55,5.78703703703704e-05,119.178240740741,0.0268336638906238,2.1,0.96,1900-07-07,2015
JP2_2015,190,292.85,294.05,291.65,2.31481481481481e-05,53.6342592592593,0.02249463728457,2,0.968,1900-07-08,2015
JP2_2015,191,296.9,302.25,291.55,0,211.446759259259,0.0272836587757077,1.9,0.912,1900-07-09,2015
JP2_2015,192,299.4,305.75,293.05,0,290.625,0.0298624687430727,2.2,0.857,1900-07-10,2015
JP2_2015,193,300.05,306.35,293.75,0,296.81712962963,0.0314923823420065,2.4,0.869,1900-07-11,2015
JP2_2015,194,301,305.75,296.25,0,289.097222222222,0.032458584295437,3.5,0.846,1900-07-12,2015
JP2_2015,195,301.6,305.65,297.55,0,330.787037037037,0.0314558689361585,5.4,0.791,1900-07-13,2015
JP2_2015,196,301.9,306.25,297.55,0,325.428240740741,0.0322253813176144,3.8,0.796,1900-07-14,2015
JP2_2015,197,299.55,301.95,297.15,0.000451388888888889,102.5,0.0334398616291192,4.2,0.951,1900-07-15,2015
JP2_2015,198,300.1,303.55,296.65,9.25925925925926e-05,183.668981481481,0.0334411607591816,5.4,0.92,1900-07-16,2015
JP2_2015,199,300.1,302.95,297.25,0,147.905092592593,0.0327868771791107,5.2,0.902,1900-07-17,2015
JP2_2015,200,301.6,307.85,295.35,0,307.349537037037,0.0342395741517478,2.2,0.861,1900-07-18,2015
JP2_2015,201,302,306.05,297.95,0,290.023148148148,0.0347797166930282,2.5,0.854,1900-07-19,2015
JP2_2015,202,301.5,306.25,296.75,0,318.611111111111,0.0338778620596528,2.8,0.857,1900-07-20,2015
JP2_2015,203,300.5,305.15,295.85,0,329.143518518518,0.0285957365263827,5,0.768,1900-07-21,2015
JP2_2015,204,301.4,305.05,297.75,5.20833333333333e-05,191.018518518519,0.0348158615768441,3.7,0.886,1900-07-22,2015
JP2_2015,205,302.1,307.15,297.05,0.000949074074074074,244.537037037037,0.0379777617291127,1.8,0.927,1900-07-23,2015
JP2_2015,206,302.15,307.35,296.95,0,265.798611111111,0.0365704014756821,1.7,0.89,1900-07-24,2015
JP2_2015,207,303.2,308.45,297.95,0,270.868055555556,0.0357236136307292,2.3,0.817,1900-07-25,2015
JP2_2015,208,302.5,308.45,296.55,0,304.965277777778,0.0345689050087302,2,0.824,1900-07-26,2015
JP2_2015,209,302.05,306.55,297.55,0,230.856481481481,0.0355368039677232,2,0.87,1900-07-27,2015
JP2_2015,210,300.9,304.15,297.65,0,173.310185185185,0.033103854812033,1.9,0.868,1900-07-28,2015
JP2_2015,211,302.15,306.75,297.55,0,221.053240740741,0.035543143007264,1.8,0.865,1900-07-29,2015
JP2_2015,212,302.65,308.05,297.25,0,290.625,0.0361049052859878,2,0.853,1900-07-30,2015
JP2_2015,213,303.95,309.25,298.65,0,264.490740740741,0.0400317334811965,2,0.876,1900-07-31,2015
JP2_2015,214,303,308.25,297.75,0,269.594907407407,0.0366439231703504,2.1,0.848,1900-08-01,2015
JP2_2015,215,302.45,308.35,296.55,0,293.993055555556,0.0344666057825098,2.2,0.824,1900-08-02,2015
JP2_2015,216,303.4,308.35,298.45,0,256.5625,0.0372533964603155,2.3,0.842,1900-08-03,2015
JP2_2015,217,302.9,307.45,298.35,0,301.655092592593,0.0363421258445715,3.1,0.846,1900-08-04,2015
JP2_2015,218,303.1,308.75,297.45,0,299.803240740741,0.0360350472377068,2,0.829,1900-08-05,2015
JP2_2015,219,303.05,309.05,297.05,1.15740740740741e-05,283.217592592593,0.0342819118171962,2,0.791,1900-08-06,2015
JP2_2015,220,300.45,304.25,296.65,0,241.516203703704,0.0309600618691725,3,0.834,1900-08-07,2015
JP2_2015,221,300.15,304.45,295.85,0,218.009259259259,0.0310263307484388,2,0.851,1900-08-08,2015
JP2_2015,222,301.35,305.75,296.95,0,226.168981481481,0.0338109755453255,2.3,0.863,1900-08-09,2015
JP2_2015,223,301.45,305.95,296.95,0,235.451388888889,0.0337769426248127,2.1,0.857,1900-08-10,2015
JP2_2015,224,302.35,306.95,297.75,0,204.097222222222,0.035759732929995,1.8,0.86,1900-08-11,2015
JP2_2015,225,300.85,304.45,297.25,1.73611111111111e-05,143.958333333333,0.0354003611313804,3,0.931,1900-08-12,2015
JP2_2015,226,299.15,302.15,296.15,0.000474537037037037,137.349537037037,0.0326401022567661,2.4,0.951,1900-08-13,2015
JP2_2015,227,300.9,305.35,296.45,0,244.768518518519,0.0344005495857762,2.3,0.902,1900-08-14,2015
JP2_2015,228,300.7,303.55,297.85,0,213.321759259259,0.0345935873956857,2.6,0.918,1900-08-15,2015
JP2_2015,229,298.6,300.25,296.95,0.000225694444444444,64.9884259259259,0.0329624080253501,3.5,0.993,1900-08-16,2015
JP2_2015,230,301.35,304.75,297.95,5.78703703703704e-06,178.229166666667,0.0362400375196131,2.7,0.925,1900-08-17,2015
JP2_2015,231,300.45,304.35,296.55,0,234.907407407407,0.0302547367186756,2.1,0.815,1900-08-18,2015
JP2_2015,232,298.15,299.75,296.55,5.78703703703704e-06,62.5925925925926,0.0312637116283988,1.9,0.968,1900-08-19,2015
JP2_2015,233,299.3,302.15,296.45,0,116.921296296296,0.0322452930395266,1.8,0.931,1900-08-20,2015
JP2_2015,234,301.7,305.95,297.45,0,177.106481481481,0.0359244272250473,2.1,0.898,1900-08-21,2015
JP2_2015,235,299.55,302.95,296.15,0,214.548611111111,0.0300290660686307,3.2,0.854,1900-08-22,2015
JP2_2015,236,296.8,300.25,293.35,0,207.372685185185,0.023637536110682,3,0.795,1900-08-23,2015
JP2_2015,237,294.9,297.35,292.45,0,113.009259259259,0.020219523776309,2.7,0.765,1900-08-24,2015
JP2_2015,238,293.95,296.55,291.35,0.00025462962962963,59.9884259259259,0.0246317427183482,3.1,0.989,1900-08-25,2015
JP2_2015,239,295.9,298.75,293.05,0,102.384259259259,0.025903542769265,2,0.921,1900-08-26,2015
JP2_2015,240,294,295.75,292.25,5.78703703703704e-06,45.1157407407407,0.0231101728654006,2.6,0.925,1900-08-27,2015
JP2_2015,241,293,294.25,291.75,2.89351851851852e-05,31.8055555555556,0.0234596125904945,2.2,1,1900-08-28,2015
JP2_2015,242,293.85,294.85,292.85,2.89351851851852e-05,35.3356481481481,0.0247003309216242,1.6,0.998,1900-08-29,2015
JP2_2015,243,295.5,297.65,293.35,1.73611111111111e-05,64.837962962963,0.0265583319244026,1.6,0.968,1900-08-30,2015
JP2_2015,244,297.2,300.15,294.25,1.15740740740741e-05,81.3773148148148,0.0299244757344311,2,0.982,1900-08-31,2015
JP2_2015,245,301.3,305.25,297.35,1.73611111111111e-05,149.571759259259,0.0363663435668271,4.2,0.931,1900-09-01,2015
JP2_2015,246,298,300.45,295.55,0,128.831018518519,0.027202445391075,2.2,0.85,1900-09-02,2015
JP2_2015,247,299.75,303.95,295.55,1.15740740740741e-05,203.229166666667,0.0314261093349925,2.3,0.883,1900-09-03,2015
JP2_2015,248,298.05,301.55,294.55,0,179.548611111111,0.0265151995091411,2.1,0.826,1900-09-04,2015
JP2_2015,249,296.85,299.55,294.15,0.000295138888888889,84.9652777777778,0.0277068633600033,2.1,0.929,1900-09-05,2015
JP2_2015,250,294.75,296.25,293.25,0.000133101851851852,54.4097222222222,0.0260798159965443,2.6,0.996,1900-09-06,2015
JP2_2015,251,293.15,294.55,291.75,0.000439814814814815,34.2939814814815,0.0236828421873575,2.3,1,1900-09-07,2015
JP2_2015,252,295.65,299.05,292.25,0.000787037037037037,46.2384259259259,0.0274160153765459,4.2,0.99,1900-09-08,2015
JP2_2015,253,295.8,297.65,293.95,0.000810185185185185,40.0462962962963,0.0277840228200834,2.6,0.994,1900-09-09,2015
JP2_2015,254,297.4,301.85,292.95,0,243.761574074074,0.0275483594637412,2.1,0.893,1900-09-10,2015
JP2_2015,255,297.4,302.85,291.95,0,175.729166666667,0.027764304050803,2.1,0.9,1900-09-11,2015
JP2_2015,256,297.1,300.85,293.35,0,90.1041666666667,0.0276817765061638,2.4,0.914,1900-09-12,2015
JP2_2015,257,294.8,299.25,290.35,0,212.256944444444,0.0200937894322736,2.8,0.765,1900-09-13,2015
JP2_2015,258,293.85,298.95,288.75,0,207.141203703704,0.0209136068424574,2,0.845,1900-09-14,2015
JP2_2015,259,294.2,297.65,290.75,5.78703703703704e-06,116.388888888889,0.0212007537318565,1.8,0.838,1900-09-15,2015
JP2_2015,260,290.75,291.95,289.55,0.00056712962962963,29.1782407407407,0.0203290366694442,2.5,1,1900-09-16,2015
JP2_2015,261,293.4,295.95,290.85,3.47222222222222e-05,56.099537037037,0.0238666312302316,1.7,0.992,1900-09-17,2015
JP2_2015,262,298.1,302.55,293.65,0,192.75462962963,0.0287535648912264,1.8,0.893,1900-09-18,2015
JP2_2015,263,295.5,300.55,290.45,0,198.69212962963,0.0215100539553013,2,0.784,1900-09-19,2015
JP2_2015,264,294.2,299.75,288.65,0,184.282407407407,0.0213525491046383,1.7,0.844,1900-09-20,2015
JP2_2015,265,295,301.25,288.75,0,247.951388888889,0.0205055349902177,1.7,0.771,1900-09-21,2015
JP2_2015,266,294.6,300.75,288.45,0,220.127314814815,0.0204929195021659,1.7,0.79,1900-09-22,2015
JP2_2015,267,291.5,295.65,287.35,1.15740740740741e-05,72.9050925925926,0.0201979900355451,1.6,0.947,1900-09-23,2015
JP2_2015,268,290.75,292.45,289.05,0.000225694444444444,30.1736111111111,0.0203290366694442,2.8,1,1900-09-24,2015
JP2_2015,269,293.4,296.65,290.15,4.62962962962963e-05,84.4444444444444,0.0232410945246006,2,0.966,1900-09-25,2015
JP2_2015,270,294.9,297.95,291.85,5.78703703703704e-06,86.712962962963,0.0250299202825682,1.6,0.947,1900-09-26,2015
JP2_2015,271,296.3,301.75,290.85,0,215.983796296296,0.0243901744784858,1.9,0.846,1900-09-27,2015
JP2_2015,272,294,299.55,288.45,0,203.6,0.0164894206390966,1.6,0.66,1900-09-28,2015
JP2_2015,273,291.95,297.65,286.25,0,218.37962962963,0.0129937141381891,1.9,0.592,1900-09-29,2015
JP2_2015,274,291.1,296.35,285.85,7.52314814814815e-05,92.8703703703704,0.0183160595675238,3.2,0.881,1900-09-30,2015
JP2_2015,275,296.25,302.45,290.05,0.000225694444444444,126.238425925926,0.023251529504991,4.1,0.809,1900-10-01,2015
JP2_2015,276,294.55,300.25,288.85,0,224.884259259259,0.0209461733605463,1.7,0.81,1900-10-02,2015
JP2_2015,277,293.65,299.15,288.15,0,216.886574074074,0.0184282786264697,2.7,0.754,1900-10-03,2015
JP2_2015,278,290.1,293.05,287.15,0,106.215277777778,0.0115811997041034,2,0.594,1900-10-04,2015
JP2_2015,279,289.4,294.25,284.55,0,156.828703703704,0.0144607835325568,2.3,0.776,1900-10-05,2015
JP2_2015,280,288.4,294.55,282.25,0,229.467592592593,0.0119619630219233,3.8,0.685,1900-10-06,2015
JP2_2015,281,288.45,297.25,279.65,0,227.280092592593,0.00944313518619635,5.6,0.539,1900-10-07,2015
JP2_2015,282,293.35,299.35,287.35,0,207.106481481481,0.0134067362626198,3.7,0.559,1900-10-08,2015
JP2_2015,283,288.65,293.75,283.55,0,75.9606481481482,0.0159212518362429,1.7,0.897,1900-10-09,2015
JP2_2015,284,291.45,293.05,289.85,8.10185185185185e-05,40.2893518518519,0.0211116090627893,1.7,0.993,1900-10-10,2015
JP2_2015,285,292.35,297.05,287.65,0,174.00462962963,0.0185513850968583,1.8,0.824,1900-10-11,2015
JP2_2015,286,291.7,298.25,285.15,0,205.914351851852,0.0164824707041248,1.6,0.763,1900-10-12,2015
JP2_2015,287,289.55,296.65,282.45,0,192.314814814815,0.0135292872009953,1.8,0.719,1900-10-13,2015
JP2_2015,288,289.85,296.15,283.55,0,160.555555555556,0.0153864754123506,2,0.802,1900-10-14,2015
JP2_2015,289,289.45,290.55,288.35,8.68055555555556e-05,39.7685185185185,0.017125031156981,2.4,0.916,1900-10-15,2015
JP2_2015,290,291.75,294.95,288.55,4.05092592592593e-05,66.9560185185185,0.0206092413291972,2.1,0.951,1900-10-16,2015
JP2_2015,291,292.4,297.45,287.35,0,150.231481481481,0.0192201271675348,1.7,0.851,1900-10-17,2015
JP2_2015,292,290.6,297.05,284.15,0,190.532407407407,0.0170738502140831,1.9,0.848,1900-10-18,2015
JP2_2015,293,291.5,297.55,285.45,0,145.555555555556,0.0185343752279711,1.6,0.869,1900-10-19,2015
JP2_2015,294,288.8,292.45,285.15,0,122.835648148148,0.014625569326044,2.6,0.816,1900-10-20,2015
JP2_2015,295,288.35,293.95,282.75,0,142.44212962963,0.0148646163956332,2.2,0.854,1900-10-21,2015
JP2_2015,296,290.55,293.85,287.25,0,91.7708333333333,0.0170391771287406,1.6,0.849,1900-10-22,2015
JP2_2015,297,290.65,296.95,284.35,0,162.5,0.0178357150828951,2,0.883,1900-10-23,2015
JP2_2015,298,288.05,292.85,283.25,0,194.502314814815,0.0072540099958803,5.4,0.425,1900-10-24,2015
JP2_2015,299,284.6,293.15,276.05,0,191.909722222222,0.00857242124224525,1.5,0.631,1900-10-25,2015
JP2_2015,300,289.15,298.35,279.95,0,172.372685185185,0.0147967856237382,4.4,0.807,1900-10-26,2015
JP2_2015,301,294.15,299.75,288.55,0,162.372685185185,0.0194194643604875,2.4,0.77,1900-10-27,2015
JP2_2015,302,288.95,291.85,286.05,0,65.7060185185185,0.0154746982765417,1.9,0.855,1900-10-28,2015
JP2_2015,303,289.5,295.05,283.95,0,138.032407407407,0.0152111503172996,1.5,0.811,1900-10-29,2015
JP2_2015,304,285.9,288.45,283.35,0,67.8703703703704,0.0111260920827179,1.9,0.751,1900-10-30,2015
JP2_2015,305,283.7,290.65,276.75,0,159.409722222222,0.00973209277922031,1.4,0.761,1900-10-31,2015
JP2_2015,306,284.9,286.85,282.95,0.000329861111111111,14.6759259259259,0.0136806046371465,2.6,0.987,1900-11-01,2015
JP2_2015,307,287.85,293.25,282.45,4.62962962962963e-05,139.247685185185,0.0148080259503066,1.6,0.879,1900-11-02,2015
JP2_2015,308,286.05,293.15,278.95,0,172.118055555556,0.0125241401900873,1.4,0.837,1900-11-03,2015
JP2_2015,309,286.55,294.75,278.35,0,163.043981481481,0.0133320283960246,1.5,0.862,1900-11-04,2015
JP2_2015,310,287.15,295.25,279.05,0,162.1875,0.0138215226211237,1.5,0.859,1900-11-05,2015
JP2_2015,311,288.8,292.85,284.75,0,111.053240740741,0.0156472083598486,2.2,0.873,1900-11-06,2015
JP2_2015,312,286.25,288.25,284.25,0.000248842592592593,17.662037037037,0.0151626491421651,1.4,1,1900-11-07,2015
JP2_2015,313,290.4,293.25,287.55,5.78703703703704e-06,51.0300925925926,0.0195591096637494,1.5,0.984,1900-11-08,2015
JP2_2015,314,289.4,291.85,286.95,4.62962962962963e-05,34.0046296296296,0.0182250596582996,1.7,0.978,1900-11-09,2015
JP2_2015,315,286.35,289.45,283.25,0,94.4791666666667,0.0108827314866422,1.6,0.713,1900-11-10,2015
JP2_2015,316,285.55,288.55,282.55,0,107.719907407407,0.0103637915912055,2.4,0.716,1900-11-11,2015
JP2_2015,317,285.15,288.95,281.35,0,78.7731481481482,0.0117685314179017,2.2,0.835,1900-11-12,2015
JP2_2015,318,286.1,287.95,284.25,0.000225694444444444,31.5277777777778,0.0149977759134614,2.1,0.999,1900-11-13,2015
JP2_2015,319,288.2,292.75,283.65,8.10185185185185e-05,51.4236111111111,0.0170294917225875,1.9,0.988,1900-11-14,2015
JP2_2015,320,288.3,293.55,283.05,0,110.613425925926,0.0153713856054249,2,0.886,1900-11-15,2015
JP2_2015,321,290.95,294.05,287.85,5.78703703703704e-06,94.837962962963,0.0195206081080433,1.6,0.948,1900-11-16,2015
JP2_2015,322,289.9,293.65,286.15,0.000109953703703704,78.4143518518518,0.0182847832146551,2.5,0.95,1900-11-17,2015
JP2_2015,323,286.4,290.25,282.55,5.20833333333333e-05,77.9282407407407,0.0132464769502974,2.1,0.865,1900-11-18,2015
JP2_2015,324,285.15,287.65,282.65,5.78703703703704e-06,23.8541666666667,0.0133047828245499,1.4,0.944,1900-11-19,2015
JP2_2015,325,286.65,293.25,280.05,0,132.326388888889,0.012548484891695,1.8,0.806,1900-11-20,2015
JP2_2015,326,285.2,288.05,282.35,0,51.5046296296296,0.011609859370742,1.7,0.821,1900-11-21,2015
JP2_2015,327,283.15,284.95,281.35,1.73611111111111e-05,12.9513888888889,0.0121868786595739,2.6,0.989,1900-11-22,2015
JP2_2015,328,286.2,291.85,280.55,2.31481481481481e-05,92.5578703703704,0.0137826434688864,1.6,0.912,1900-11-23,2015
JP2_2015,329,280.45,283.15,277.75,2.89351851851852e-05,27.2337962962963,0.00815700835602465,3.8,0.796,1900-11-24,2015
JP2_2015,330,280.6,283.35,277.85,0.000190972222222222,34.3634259259259,0.0102918500643098,3.8,0.994,1900-11-25,2015
JP2_2015,331,281.65,287.75,275.55,0,146.689814814815,0.00709934766007626,3.3,0.638,1900-11-26,2015
JP2_2015,332,281.05,288.75,273.35,0,142.395833333333,0.0075396414966153,1.9,0.706,1900-11-27,2015
JP2_2015,333,281,287.55,274.45,0,129.074074074074,0.00822686555738702,1.8,0.773,1900-11-28,2015
JP2_2015,334,282.1,287.25,276.95,0,86.2615740740741,0.00975339212827849,1.6,0.85,1900-11-29,2015
JP2_2015,335,281.85,289.75,273.95,0,134.31712962963,0.0088665366150778,1.5,0.786,1900-11-30,2015
JP2_2015,336,279.75,283.95,275.55,5.78703703703704e-06,27.4884259259259,0.00886523615384791,1.8,0.908,1900-12-01,2015
JP2_2015,337,283.55,286.25,280.85,5.78703703703704e-06,27.7430555555556,0.0122041345889857,1.6,0.964,1900-12-02,2015
JP2_2015,338,282.2,288.15,276.25,1.15740740740741e-05,136.655092592593,0.00613464906899701,2.7,0.531,1900-12-03,2015
JP2_2015,339,281.65,289.65,273.65,0,137.75462962963,0.00723287771010904,2,0.65,1900-12-04,2015
JP2_2015,340,282.3,286.55,278.05,0,104.386574074074,0.00625797503575383,2.8,0.538,1900-12-05,2015
JP2_2015,341,280.2,286.25,274.15,0,131.597222222222,0.00707069698591978,1.5,0.702,1900-12-06,2015
JP2_2015,342,279.5,285.25,273.75,0,93.125,0.00759015522125596,1.8,0.791,1900-12-07,2015
JP2_2015,343,278.6,285.75,271.45,0,129.131944444444,0.00749853752115557,1.4,0.832,1900-12-08,2015
JP2_2015,344,278.7,284.65,272.75,0,71.9097222222222,0.00773260929576374,1.4,0.852,1900-12-09,2015
JP2_2015,345,289.3,297.85,280.75,0.000306712962962963,74.9884259259259,0.0158300823875771,3.6,0.855,1900-12-10,2015
JP2_2015,346,284.4,287.75,281.05,0,119.94212962963,0.00904812046558216,2.3,0.675,1900-12-11,2015
JP2_2015,347,282.2,285.25,279.15,0,41.712962962963,0.0108020656864637,1.8,0.935,1900-12-12,2015
JP2_2015,348,284.25,286.95,281.55,0,72.5115740740741,0.011226772769725,2.2,0.846,1900-12-13,2015
JP2_2015,349,283.7,286.65,280.75,0,46.2037037037037,0.0110876799468909,1.8,0.867,1900-12-14,2015
JP2_2015,350,284.55,290.55,278.55,0,105.046296296296,0.011847537136723,1.7,0.875,1900-12-15,2015
JP2_2015,351,280.2,285.05,275.35,0,35.2546296296296,0.0071613469472777,1.5,0.711,1900-12-16,2015
JP2_2015,352,278.5,283.35,273.65,0,131.041666666667,0.0057995305494674,1.8,0.648,1900-12-17,2015
JP2_2015,353,278.5,284.95,272.05,0,132.465277777778,0.00594272883463944,2.5,0.664,1900-12-18,2015
JP2_2015,354,276.95,284.35,269.55,0,131.030092592593,0.00561003899567239,1.5,0.699,1900-12-19,2015
JP2_2015,355,279.7,284.25,275.15,0,68.4606481481482,0.00743349131904312,1.4,0.764,1900-12-20,2015
JP2_2015,356,280.6,288.05,273.15,0,127.384259259259,0.00653335753579427,2.3,0.631,1900-12-21,2015
JP2_2015,357,276.95,280.55,273.35,2.89351851851852e-05,23.3680555555556,0.00678180679734358,1.9,0.845,1900-12-22,2015
JP2_2015,358,283.2,287.55,278.85,4.05092592592593e-05,80.3240740740741,0.0117954116694707,1.9,0.954,1900-12-23,2015
JP2_2015,359,281.15,287.55,274.75,0,86.875,0.00854857468053552,2.2,0.795,1900-12-24,2015
JP2_2015,360,279.1,285.35,272.85,0,125.856481481481,0.00715802185070432,1.5,0.767,1900-12-25,2015
JP2_2015,361,278.4,284.25,272.55,0,116.041666666667,0.00507476988704118,3,0.571,1900-12-26,2015
JP2_2015,362,277.3,283.35,271.25,0,135.405092592593,0.00474676781260782,2.2,0.577,1900-12-27,2015
JP2_2015,363,276.35,283.65,269.05,0,136.273148148148,0.00492272060815869,2.4,0.64,1900-12-28,2015
JP2_2015,364,277.95,284.05,271.85,0,120.868055555556,0.00508084633598097,1.6,0.59,1900-12-29,2015
JP2_2015,365,278.75,284.75,272.75,0,112.071759259259,0.00724962160268099,1.6,0.796,1900-12-30,2015
US1_2002,1,NA,NA,NA,NA,NA,NA,NA,NA,NA,2002
US1_2002,2,NA,NA,NA,NA,NA,NA,NA,NA,NA,2002
US1_2002,3,NA,NA,NA,NA,NA,NA,NA,NA,NA,2002
US1_2002,4,NA,NA,NA,NA,NA,NA,NA,NA,NA,2002
US1_2002,5,NA,NA,NA,NA,NA,NA,NA,NA,NA,2002
US1_2002,6,NA,NA,NA,NA,NA,NA,NA,NA,NA,2002
US1_2002,7,NA,NA,NA,NA,NA,NA,NA,NA,NA,2002
US1_2002,8,NA,NA,NA,NA,NA,NA,NA,NA,NA,2002
US1_2002,9,NA,NA,NA,NA,NA,NA,NA,NA,NA,2002
US1_2002,10,NA,NA,NA,NA,NA,NA,NA,NA,NA,2002
US1_2002,11,NA,NA,NA,NA,NA,NA,NA,NA,NA,2002
US1_2002,12,NA,NA,NA,NA,NA,NA,NA,NA,NA,2002
US1_2002,13,NA,NA,NA,NA,NA,NA,NA,NA,NA,2002
US1_2002,14,NA,NA,NA,NA,NA,NA,NA,NA,NA,2002
US1_2002,15,NA,NA,NA,NA,NA,NA,NA,NA,NA,2002
US1_2002,16,NA,NA,NA,NA,NA,NA,NA,NA,NA,2002
US1_2002,17,NA,NA,NA,NA,NA,NA,NA,NA,NA,2002
US1_2002,18,NA,NA,NA,NA,NA,NA,NA,NA,NA,2002
US1_2002,19,NA,NA,NA,NA,NA,NA,NA,NA,NA,2002
US1_2002,20,NA,NA,NA,NA,NA,NA,NA,NA,NA,2002
US1_2002,21,NA,NA,NA,NA,NA,NA,NA,NA,NA,2002
US1_2002,22,NA,NA,NA,NA,NA,NA,NA,NA,NA,2002
US1_2002,23,NA,NA,NA,NA,NA,NA,NA,NA,NA,2002
US1_2002,24,NA,NA,NA,NA,NA,NA,NA,NA,NA,2002
US1_2002,25,NA,NA,NA,NA,NA,NA,NA,NA,NA,2002
US1_2002,26,NA,NA,NA,NA,NA,NA,NA,NA,NA,2002
US1_2002,27,NA,NA,NA,NA,NA,NA,NA,NA,NA,2002
US1_2002,28,NA,NA,NA,NA,NA,NA,NA,NA,NA,2002
US1_2002,29,NA,NA,NA,NA,NA,NA,NA,NA,NA,2002
US1_2002,30,NA,NA,NA,NA,NA,NA,NA,NA,NA,2002
US1_2002,31,NA,NA,NA,NA,NA,NA,NA,NA,NA,2002
US1_2002,32,NA,NA,NA,NA,NA,NA,NA,NA,NA,2002
US1_2002,33,NA,NA,NA,NA,NA,NA,NA,NA,NA,2002
US1_2002,34,NA,NA,NA,NA,NA,NA,NA,NA,NA,2002
US1_2002,35,NA,NA,NA,NA,NA,NA,NA,NA,NA,2002
US1_2002,36,NA,NA,NA,NA,NA,NA,NA,NA,NA,2002
US1_2002,37,NA,NA,NA,NA,NA,NA,NA,NA,NA,2002
US1_2002,38,NA,NA,NA,NA,NA,NA,NA,NA,NA,2002
US1_2002,39,NA,NA,NA,NA,NA,NA,NA,NA,NA,2002
US1_2002,40,NA,NA,NA,NA,NA,NA,NA,NA,NA,2002
US1_2002,41,NA,NA,NA,NA,NA,NA,NA,NA,NA,2002
US1_2002,42,NA,NA,NA,NA,NA,NA,NA,NA,NA,2002
US1_2002,43,NA,NA,NA,NA,NA,NA,NA,NA,NA,2002
US1_2002,44,NA,NA,NA,NA,NA,NA,NA,NA,NA,2002
US1_2002,45,NA,NA,NA,NA,NA,NA,NA,NA,NA,2002
US1_2002,46,NA,NA,NA,NA,NA,NA,NA,NA,NA,2002
US1_2002,47,NA,NA,NA,NA,NA,NA,NA,NA,NA,2002
US1_2002,48,NA,NA,NA,NA,NA,NA,NA,NA,NA,2002
US1_2002,49,NA,NA,NA,NA,NA,NA,NA,NA,NA,2002
US1_2002,50,NA,NA,NA,NA,NA,NA,NA,NA,NA,2002
US1_2002,51,NA,NA,NA,NA,NA,NA,NA,NA,NA,2002
US1_2002,52,NA,NA,NA,NA,NA,NA,NA,NA,NA,2002
US1_2002,53,NA,NA,NA,NA,NA,NA,NA,NA,NA,2002
US1_2002,54,NA,NA,NA,NA,NA,NA,NA,NA,NA,2002
US1_2002,55,NA,NA,NA,NA,NA,NA,NA,NA,NA,2002
US1_2002,56,NA,NA,NA,NA,NA,NA,NA,NA,NA,2002
US1_2002,57,NA,NA,NA,NA,NA,NA,NA,NA,NA,2002
US1_2002,58,NA,NA,NA,NA,NA,NA,NA,NA,NA,2002
US1_2002,59,NA,NA,NA,NA,NA,NA,NA,NA,NA,2002
US1_2002,60,NA,NA,NA,NA,NA,NA,NA,NA,NA,2002
US1_2002,61,NA,NA,NA,NA,NA,NA,NA,NA,NA,2002
US1_2002,62,NA,NA,NA,NA,NA,NA,NA,NA,NA,2002
US1_2002,63,NA,NA,NA,NA,NA,NA,NA,NA,NA,2002
US1_2002,64,NA,NA,NA,NA,NA,NA,NA,NA,NA,2002
US1_2002,65,NA,NA,NA,NA,NA,NA,NA,NA,NA,2002
US1_2002,66,NA,NA,NA,NA,NA,NA,NA,NA,NA,2002
US1_2002,67,NA,NA,NA,NA,NA,NA,NA,NA,NA,2002
US1_2002,68,NA,NA,NA,NA,NA,NA,NA,NA,NA,2002
US1_2002,69,NA,NA,NA,NA,NA,NA,NA,NA,NA,2002
US1_2002,70,NA,NA,NA,NA,NA,NA,NA,NA,NA,2002
US1_2002,71,NA,NA,NA,NA,NA,NA,NA,NA,NA,2002
US1_2002,72,NA,NA,NA,NA,NA,NA,NA,NA,NA,2002
US1_2002,73,NA,NA,NA,NA,NA,NA,NA,NA,NA,2002
US1_2002,74,NA,NA,NA,NA,NA,NA,NA,NA,NA,2002
US1_2002,75,NA,NA,NA,NA,NA,NA,NA,NA,NA,2002
US1_2002,76,NA,NA,NA,NA,NA,NA,NA,NA,NA,2002
US1_2002,77,NA,NA,NA,NA,NA,NA,NA,NA,NA,2002
US1_2002,78,NA,NA,NA,NA,NA,NA,NA,NA,NA,2002
US1_2002,79,NA,NA,NA,NA,NA,NA,NA,NA,NA,2002
US1_2002,80,NA,NA,NA,NA,NA,NA,NA,NA,NA,2002
US1_2002,81,NA,NA,NA,NA,NA,NA,NA,NA,NA,2002
US1_2002,82,NA,NA,NA,NA,NA,NA,NA,NA,NA,2002
US1_2002,83,NA,NA,NA,NA,NA,NA,NA,NA,NA,2002
US1_2002,84,NA,NA,NA,NA,NA,NA,NA,NA,NA,2002
US1_2002,85,NA,NA,NA,NA,NA,NA,NA,NA,NA,2002
US1_2002,86,NA,NA,NA,NA,NA,NA,NA,NA,NA,2002
US1_2002,87,NA,NA,NA,NA,NA,NA,NA,NA,NA,2002
US1_2002,88,NA,NA,NA,NA,NA,NA,NA,NA,NA,2002
US1_2002,89,NA,NA,NA,NA,NA,NA,NA,NA,NA,2002
US1_2002,90,NA,NA,NA,NA,NA,NA,NA,NA,NA,2002
US1_2002,91,NA,NA,NA,NA,NA,NA,NA,NA,NA,2002
US1_2002,92,NA,NA,NA,NA,NA,NA,NA,NA,NA,2002
US1_2002,93,NA,NA,NA,NA,NA,NA,NA,NA,NA,2002
US1_2002,94,NA,NA,NA,NA,NA,NA,NA,NA,NA,2002
US1_2002,95,NA,NA,NA,NA,NA,NA,NA,NA,NA,2002
US1_2002,96,NA,NA,NA,NA,NA,NA,NA,NA,NA,2002
US1_2002,97,NA,NA,NA,NA,NA,NA,NA,NA,NA,2002
US1_2002,98,NA,NA,NA,NA,NA,NA,NA,NA,NA,2002
US1_2002,99,NA,NA,NA,NA,NA,NA,NA,NA,NA,2002
US1_2002,100,NA,NA,NA,NA,NA,NA,NA,NA,NA,2002
US1_2002,101,NA,NA,NA,NA,NA,NA,NA,NA,NA,2002
US1_2002,102,NA,NA,NA,NA,NA,NA,NA,NA,NA,2002
US1_2002,103,NA,NA,NA,NA,NA,NA,NA,NA,NA,2002
US1_2002,104,NA,NA,NA,NA,NA,NA,NA,NA,NA,2002
US1_2002,105,NA,NA,NA,NA,NA,NA,NA,NA,NA,2002
US1_2002,106,NA,NA,NA,NA,NA,NA,NA,NA,NA,2002
US1_2002,107,NA,NA,NA,NA,NA,NA,NA,NA,NA,2002
US1_2002,108,NA,NA,NA,NA,NA,NA,NA,NA,NA,2002
US1_2002,109,NA,NA,NA,NA,NA,NA,NA,NA,NA,2002
US1_2002,110,NA,NA,NA,NA,NA,NA,NA,NA,NA,2002
US1_2002,111,NA,NA,NA,NA,NA,NA,NA,NA,NA,2002
US1_2002,112,NA,NA,NA,NA,NA,NA,NA,NA,NA,2002
US1_2002,113,NA,NA,NA,NA,NA,NA,NA,NA,NA,2002
US1_2002,114,NA,NA,NA,NA,NA,NA,NA,NA,NA,2002
US1_2002,115,NA,NA,NA,NA,NA,NA,NA,NA,NA,2002
US1_2002,116,NA,NA,NA,NA,NA,NA,NA,NA,NA,2002
US1_2002,117,NA,NA,NA,NA,NA,NA,NA,NA,NA,2002
US1_2002,118,NA,NA,NA,NA,NA,NA,NA,NA,NA,2002
US1_2002,119,NA,NA,NA,NA,NA,NA,NA,NA,NA,2002
US1_2002,120,NA,NA,NA,NA,NA,NA,NA,NA,NA,2002
US1_2002,121,286.761111111111,292.594444444444,280.927777777778,4.11574074074074e-05,NA,NA,2.2352,NA,2795143-05-23,2002
US1_2002,122,282.316666666667,287.038888888889,277.594444444444,0,NA,NA,3.12928,NA,2795379-12-11,2002
US1_2002,123,283.427777777778,290.927777777778,275.927777777778,0,NA,NA,1.34112,NA,2795616-07-01,2002
US1_2002,124,286.205555555556,294.261111111111,278.15,0,NA,NA,1.34112,NA,2795853-01-20,2002
US1_2002,125,290.094444444444,298.705555555556,281.483333333333,0,NA,NA,2.548128,NA,2796089-08-10,2002
US1_2002,126,293.15,298.15,288.15,0.000238125,NA,NA,3.442208,NA,2796326-03-02,2002
US1_2002,127,291.483333333333,297.038888888889,285.927777777778,0.00015287037037037,NA,NA,2.056384,NA,2796562-09-20,2002
US1_2002,128,292.038888888889,297.594444444444,286.483333333333,3.82175925925926e-05,NA,NA,2.45872,NA,2796799-04-11,2002
US1_2002,129,287.594444444444,293.705555555556,281.483333333333,0.00016462962962963,NA,NA,4.068064,NA,2797035-10-31,2002
US1_2002,130,284.816666666667,292.594444444444,277.038888888889,0,NA,NA,1.1176,NA,2797272-05-20,2002
US1_2002,131,286.761111111111,292.038888888889,281.483333333333,0.000188148148148148,NA,NA,1.698752,NA,2797508-12-10,2002
US1_2002,132,289.261111111111,295.927777777778,282.594444444444,0.00039099537037037,NA,NA,3.397504,NA,2797745-06-30,2002
US1_2002,133,283.705555555556,287.594444444444,279.816666666667,3.82175925925926e-05,NA,NA,3.3528,NA,2797982-01-19,2002
US1_2002,134,285.927777777778,291.483333333333,280.372222222222,0,NA,NA,1.922272,NA,2798218-08-10,2002
US1_2002,135,288.705555555556,297.038888888889,280.372222222222,0,NA,NA,3.486912,NA,2798455-02-28,2002
US1_2002,136,288.427777777778,293.705555555556,283.15,0.00024400462962963,NA,NA,3.084576,NA,2798691-09-19,2002
US1_2002,137,279.538888888889,283.15,275.927777777778,6.46759259259259e-05,NA,NA,3.486912,NA,2798928-04-09,2002
US1_2002,138,280.65,286.483333333333,274.816666666667,0,NA,NA,2.726944,NA,2799164-10-29,2002
US1_2002,139,283.15,288.705555555556,277.594444444444,NA,NA,NA,1.922272,NA,2799401-05-20,2002
US1_2002,140,281.205555555556,285.927777777778,276.483333333333,0,NA,NA,2.145792,NA,2799637-12-08,2002
US1_2002,141,284.261111111111,288.15,280.372222222222,0,NA,NA,1.385824,NA,2799874-06-29,2002
US1_2002,142,284.538888888889,292.594444444444,276.483333333333,0,NA,NA,2.726944,NA,2800111-01-18,2002
US1_2002,143,290.372222222222,299.261111111111,281.483333333333,1.46990740740741e-05,NA,NA,3.3528,NA,2800347-08-09,2002
US1_2002,144,288.427777777778,293.15,283.705555555556,3.2337962962963e-05,NA,NA,1.922272,NA,2800584-02-27,2002
US1_2002,145,289.261111111111,296.483333333333,282.038888888889,4.11574074074074e-05,NA,NA,3.12928,NA,2800820-09-17,2002
US1_2002,146,288.705555555556,298.15,279.261111111111,0,NA,NA,1.1176,NA,2801057-04-08,2002
US1_2002,147,292.594444444444,300.927777777778,284.261111111111,7.34953703703704e-05,NA,NA,1.1176,NA,2801293-10-27,2002
US1_2002,148,294.816666666667,300.372222222222,289.261111111111,0.000126412037037037,NA,NA,1.609344,NA,2801530-05-19,2002
US1_2002,149,294.538888888889,298.705555555556,290.372222222222,NA,NA,NA,1.162304,NA,2801766-12-07,2002
US1_2002,150,296.761111111111,302.038888888889,291.483333333333,NA,NA,NA,1.877568,NA,2802003-06-28,2002
US1_2002,151,300.094444444444,307.038888888889,293.15,0,NA,NA,2.861056,NA,2802240-01-17,2002
US1_2002,152,298.427777777778,304.816666666667,292.038888888889,1.17592592592593e-05,NA,NA,2.324608,NA,2802476-08-06,2002
US1_2002,153,297.316666666667,303.15,291.483333333333,0,NA,NA,1.251712,NA,2802713-02-26,2002
US1_2002,154,298.705555555556,305.927777777778,291.483333333333,0,NA,NA,2.414016,NA,2802949-09-16,2002
US1_2002,155,299.261111111111,305.927777777778,292.594444444444,0.000129351851851852,NA,NA,2.950464,NA,2803186-04-07,2002
US1_2002,156,290.65,293.705555555556,287.594444444444,7.64351851851852e-05,NA,NA,1.832864,NA,2803422-10-27,2002
US1_2002,157,288.705555555556,291.483333333333,285.927777777778,0,NA,NA,1.56464,NA,2803659-05-17,2002
US1_2002,158,291.761111111111,298.705555555556,284.816666666667,0,NA,NA,1.1176,NA,2803895-12-06,2002
US1_2002,159,294.816666666667,303.15,286.483333333333,0,NA,NA,1.1176,NA,2804132-06-26,2002
US1_2002,160,297.316666666667,305.372222222222,289.261111111111,NA,NA,NA,1.743456,NA,2804369-01-15,2002
US1_2002,161,298.427777777778,303.705555555556,293.15,1.46990740740741e-05,NA,NA,2.90576,NA,2804605-08-06,2002
US1_2002,162,295.927777777778,299.816666666667,292.038888888889,0.000414513888888889,NA,NA,2.324608,NA,2804842-02-24,2002
US1_2002,163,296.761111111111,301.483333333333,292.038888888889,0,NA,NA,1.296416,NA,2805078-09-15,2002
US1_2002,164,292.594444444444,297.038888888889,288.15,8.81944444444444e-05,NA,NA,1.743456,NA,2805315-04-06,2002
US1_2002,165,290.65,294.261111111111,287.038888888889,6.17361111111111e-05,NA,NA,3.039872,NA,2805551-10-26,2002
US1_2002,166,292.594444444444,299.816666666667,285.372222222222,2.93981481481481e-06,NA,NA,3.039872,NA,2805788-05-15,2002
US1_2002,167,292.872222222222,298.15,287.594444444444,0,NA,NA,1.743456,NA,2806024-12-04,2002
US1_2002,168,293.427777777778,300.372222222222,286.483333333333,0,NA,NA,1.519936,NA,2806261-06-25,2002
US1_2002,169,294.538888888889,301.483333333333,287.594444444444,0,NA,NA,1.519936,NA,2806498-01-13,2002
US1_2002,170,297.038888888889,304.261111111111,289.816666666667,0,NA,NA,1.56464,NA,2806734-08-05,2002
US1_2002,171,299.816666666667,306.483333333333,293.15,0,NA,NA,1.519936,NA,2806971-02-23,2002
US1_2002,172,299.538888888889,306.483333333333,292.594444444444,0,NA,NA,1.162304,NA,2807207-09-14,2002
US1_2002,173,300.094444444444,307.038888888889,293.15,0,NA,NA,0.849376,NA,2807444-04-04,2002
US1_2002,174,298.983333333333,305.927777777778,292.038888888889,0,NA,NA,0.983488,NA,2807680-10-23,2002
US1_2002,175,299.816666666667,306.483333333333,293.15,1.46990740740741e-05,NA,NA,1.028192,NA,2807917-05-15,2002
US1_2002,176,299.816666666667,304.816666666667,294.816666666667,2.93981481481481e-06,NA,NA,1.162304,NA,2808153-12-03,2002
US1_2002,177,299.538888888889,304.816666666667,294.261111111111,0,NA,NA,2.503424,NA,2808390-06-24,2002
US1_2002,178,298.705555555556,303.705555555556,293.705555555556,0,NA,NA,1.877568,NA,2808627-01-13,2002
US1_2002,179,296.483333333333,302.594444444444,290.372222222222,0,NA,NA,0.67056,NA,2808863-08-03,2002
US1_2002,180,297.594444444444,304.261111111111,290.927777777778,0,NA,NA,1.1176,NA,2809100-02-22,2002
US1_2002,181,300.372222222222,305.927777777778,294.816666666667,0,NA,NA,1.78816,NA,2809336-09-12,2002
US1_2002,182,300.927777777778,307.038888888889,294.816666666667,0,NA,NA,1.743456,NA,2809573-04-03,2002
US1_2002,183,301.483333333333,308.15,294.261111111111,0,NA,NA,0.715264,NA,2809809-10-23,2002
US1_2002,184,301.483333333333,308.15,294.816666666667,0,NA,NA,0.938784,NA,2810046-05-13,2002
US1_2002,185,302.038888888889,308.15,295.927777777778,0,NA,NA,1.1176,NA,2810282-12-02,2002
US1_2002,186,301.483333333333,307.038888888889,295.372222222222,0,NA,NA,1.385824,NA,2810519-06-23,2002
US1_2002,187,298.705555555556,304.261111111111,292.594444444444,0,NA,NA,1.1176,NA,2810756-01-12,2002
US1_2002,188,299.816666666667,305.372222222222,293.705555555556,0,NA,NA,0.759968,NA,2810992-08-01,2002
US1_2002,189,300.927777777778,307.038888888889,294.261111111111,0,NA,NA,1.609344,NA,2811229-02-20,2002
US1_2002,190,302.594444444444,308.15,296.483333333333,NA,NA,NA,2.548128,NA,2811465-09-11,2002
US1_2002,191,298.15,301.483333333333,294.816666666667,0,NA,NA,1.698752,NA,2811702-04-02,2002
US1_2002,192,295.927777777778,300.372222222222,290.927777777778,0,NA,NA,1.654048,NA,2811938-10-22,2002
US1_2002,193,295.372222222222,300.927777777778,289.816666666667,0,NA,NA,1.34112,NA,2812175-05-12,2002
US1_2002,194,295.927777777778,302.594444444444,288.705555555556,0,NA,NA,2.056384,NA,2812411-12-01,2002
US1_2002,195,297.594444444444,304.261111111111,290.927777777778,0,NA,NA,1.1176,NA,2812648-06-21,2002
US1_2002,196,297.594444444444,305.372222222222,289.261111111111,0,NA,NA,0.804672,NA,2812885-01-09,2002
US1_2002,197,298.705555555556,305.927777777778,291.483333333333,0,NA,NA,0.804672,NA,2813121-08-01,2002
US1_2002,198,299.816666666667,305.927777777778,293.705555555556,0,NA,NA,1.34112,NA,2813358-02-19,2002
US1_2002,199,299.816666666667,305.372222222222,294.261111111111,4.40972222222222e-05,NA,NA,1.654048,NA,2813594-09-10,2002
US1_2002,200,299.261111111111,305.372222222222,293.15,0.000167569444444444,NA,NA,1.34112,NA,2813831-04-01,2002
US1_2002,201,300.372222222222,307.038888888889,293.15,0,NA,NA,0.938784,NA,2814067-10-20,2002
US1_2002,202,303.15,309.816666666667,295.927777777778,5.87962962962963e-06,NA,NA,1.296416,NA,2814304-05-11,2002
US1_2002,203,302.038888888889,308.705555555556,294.816666666667,0.000252824074074074,NA,NA,1.922272,NA,2814540-11-29,2002
US1_2002,204,297.038888888889,301.483333333333,292.038888888889,0,NA,NA,2.056384,NA,2814777-06-20,2002
US1_2002,205,295.927777777778,300.927777777778,290.927777777778,0,NA,NA,1.430528,NA,2815014-01-09,2002
US1_2002,206,297.594444444444,303.705555555556,291.483333333333,0,NA,NA,1.162304,NA,2815250-07-30,2002
US1_2002,207,298.705555555556,304.261111111111,293.15,2.93981481481481e-06,NA,NA,2.01168,NA,2815487-02-18,2002
US1_2002,208,300.372222222222,306.483333333333,294.261111111111,6.46759259259259e-05,NA,NA,2.726944,NA,2815723-09-09,2002
US1_2002,209,300.372222222222,305.927777777778,294.816666666667,0.000258703703703704,NA,NA,2.592832,NA,2815960-03-30,2002
US1_2002,210,298.15,301.483333333333,294.816666666667,5.87962962962963e-06,NA,NA,2.726944,NA,2816196-10-18,2002
US1_2002,211,299.261111111111,305.372222222222,293.15,0,NA,NA,0.849376,NA,2816433-05-09,2002
US1_2002,212,298.705555555556,304.816666666667,292.594444444444,0,NA,NA,1.028192,NA,2816669-11-28,2002
US1_2002,213,300.372222222222,306.483333333333,293.705555555556,0,NA,NA,1.56464,NA,2816906-06-19,2002
US1_2002,214,299.816666666667,305.372222222222,294.261111111111,NA,NA,NA,1.877568,NA,2817143-01-08,2002
US1_2002,215,300.372222222222,306.483333333333,293.705555555556,0,NA,NA,1.1176,NA,2817379-07-29,2002
US1_2002,216,301.483333333333,307.594444444444,295.372222222222,0,NA,NA,1.162304,NA,2817616-02-17,2002
US1_2002,217,301.483333333333,306.483333333333,296.483333333333,0,NA,NA,1.34112,NA,2817852-09-07,2002
US1_2002,218,294.816666666667,299.816666666667,289.816666666667,0,NA,NA,2.45872,NA,2818089-03-28,2002
US1_2002,219,293.15,298.705555555556,287.594444444444,0,NA,NA,1.78816,NA,2818325-10-18,2002
US1_2002,220,293.705555555556,299.816666666667,287.594444444444,0,NA,NA,1.34112,NA,2818562-05-08,2002
US1_2002,221,295.927777777778,302.594444444444,288.705555555556,0,NA,NA,1.028192,NA,2818798-11-27,2002
US1_2002,222,298.15,305.927777777778,289.816666666667,0,NA,NA,1.162304,NA,2819035-06-18,2002
US1_2002,223,298.15,302.594444444444,293.15,0,NA,NA,1.609344,NA,2819272-01-06,2002
US1_2002,224,298.705555555556,305.927777777778,291.483333333333,0,NA,NA,2.145792,NA,2819508-07-28,2002
US1_2002,225,297.594444444444,302.038888888889,293.15,8.81944444444444e-06,NA,NA,2.279904,NA,2819745-02-15,2002
US1_2002,226,294.261111111111,296.483333333333,291.483333333333,7.34953703703704e-05,NA,NA,1.028192,NA,2819981-09-06,2002
US1_2002,227,297.038888888889,303.15,290.927777777778,0.000173449074074074,NA,NA,2.503424,NA,2820218-03-28,2002
US1_2002,228,296.483333333333,300.372222222222,292.038888888889,0.00024400462962963,NA,NA,2.190496,NA,2820454-10-16,2002
US1_2002,229,298.15,303.15,293.15,0,NA,NA,2.726944,NA,2820691-05-07,2002
US1_2002,230,295.372222222222,299.261111111111,290.927777777778,2.05787037037037e-05,NA,NA,1.1176,NA,2820927-11-26,2002
US1_2002,231,293.705555555556,297.594444444444,289.816666666667,0.000887824074074074,NA,NA,2.190496,NA,2821164-06-16,2002
US1_2002,232,294.261111111111,299.261111111111,288.705555555556,0,NA,NA,1.1176,NA,2821401-01-05,2002
US1_2002,233,298.15,304.261111111111,291.483333333333,0,NA,NA,1.78816,NA,2821637-07-26,2002
US1_2002,234,300.372222222222,305.372222222222,294.816666666667,0.00047625,NA,NA,2.548128,NA,2821874-02-14,2002
US1_2002,235,297.594444444444,300.372222222222,294.261111111111,0.000155810185185185,NA,NA,1.385824,NA,2822110-09-05,2002
US1_2002,236,298.15,302.038888888889,294.261111111111,9.70138888888889e-05,NA,NA,1.251712,NA,2822347-03-27,2002
US1_2002,237,297.038888888889,302.038888888889,292.038888888889,0,NA,NA,0.536448,NA,2822583-10-15,2002
US1_2002,238,297.594444444444,302.594444444444,292.038888888889,0,NA,NA,0.849376,NA,2822820-05-05,2002
US1_2002,239,296.483333333333,300.927777777778,292.038888888889,0,NA,NA,1.56464,NA,2823056-11-24,2002
US1_2002,240,295.927777777778,300.927777777778,290.927777777778,0,NA,NA,1.922272,NA,2823293-06-14,2002
US1_2002,241,295.927777777778,301.483333333333,289.816666666667,0,NA,NA,1.385824,NA,2823530-01-04,2002
US1_2002,242,295.927777777778,301.483333333333,290.372222222222,0,NA,NA,1.385824,NA,2823766-07-25,2002
US1_2002,243,296.483333333333,302.594444444444,289.816666666667,0,NA,NA,0.715264,NA,2824003-02-13,2002
US1_2002,244,297.594444444444,303.705555555556,291.483333333333,0,NA,NA,0.715264,NA,2824239-09-04,2002
US1_2002,245,298.705555555556,305.927777777778,290.927777777778,0,NA,NA,1.877568,NA,2824476-03-24,2002
US1_2002,246,297.594444444444,302.038888888889,292.594444444444,0,NA,NA,1.385824,NA,2824712-10-14,2002
US1_2002,247,294.816666666667,302.038888888889,287.594444444444,0,NA,NA,0.759968,NA,2824949-05-04,2002
US1_2002,248,295.372222222222,302.594444444444,287.594444444444,0,NA,NA,0.983488,NA,2825185-11-23,2002
US1_2002,249,296.483333333333,303.705555555556,288.705555555556,0,NA,NA,0.804672,NA,2825422-06-14,2002
US1_2002,250,298.15,306.483333333333,289.816666666667,0,NA,NA,0.625856,NA,2825659-01-02,2002
US1_2002,251,299.261111111111,306.483333333333,292.038888888889,0,NA,NA,0.715264,NA,2825895-07-24,2002
US1_2002,252,300.372222222222,305.927777777778,294.261111111111,0,NA,NA,0.44704,NA,2826132-02-12,2002
US1_2002,253,299.261111111111,305.927777777778,292.038888888889,NA,NA,NA,1.832864,NA,2826368-09-02,2002
US1_2002,254,292.594444444444,297.594444444444,287.038888888889,0,NA,NA,1.78816,NA,2826605-03-24,2002
US1_2002,255,293.15,299.261111111111,286.483333333333,0,NA,NA,0.804672,NA,2826841-10-12,2002
US1_2002,256,294.261111111111,302.038888888889,285.927777777778,0,NA,NA,0.625856,NA,2827078-05-03,2002
US1_2002,257,297.038888888889,304.816666666667,288.705555555556,5.87962962962963e-06,NA,NA,1.430528,NA,2827314-11-22,2002
US1_2002,258,292.038888888889,294.816666666667,289.261111111111,4.40972222222222e-05,NA,NA,1.251712,NA,2827551-06-13,2002
US1_2002,259,293.15,299.261111111111,287.038888888889,0,NA,NA,0.759968,NA,2827788-01-01,2002
US1_2002,260,293.15,299.816666666667,286.483333333333,9.40740740740741e-05,NA,NA,1.1176,NA,2828024-07-22,2002
US1_2002,261,297.038888888889,302.594444444444,291.483333333333,2.93981481481481e-06,NA,NA,2.2352,NA,2828261-02-10,2002
US1_2002,262,297.038888888889,301.483333333333,292.594444444444,8.23148148148148e-05,NA,NA,NA,NA,2828497-08-31,2002
US1_2002,263,291.483333333333,294.261111111111,288.15,0.000288101851851852,NA,NA,2.548128,NA,2828734-03-23,2002
US1_2002,264,293.705555555556,300.927777777778,285.927777777778,0,NA,NA,1.296416,NA,2828970-10-11,2002
US1_2002,265,288.705555555556,294.261111111111,282.594444444444,NA,NA,NA,1.56464,NA,2829207-05-02,2002
US1_2002,266,288.15,295.927777777778,280.372222222222,0,NA,NA,1.296416,NA,2829443-11-21,2002
US1_2002,267,286.483333333333,293.15,279.816666666667,0,NA,NA,1.162304,NA,2829680-06-10,2002
US1_2002,268,290.372222222222,298.15,282.038888888889,0,NA,NA,0.983488,NA,2829916-12-31,2002
US1_2002,269,290.372222222222,297.038888888889,283.705555555556,0,NA,NA,0.938784,NA,2830153-07-21,2002
US1_2002,270,292.594444444444,297.594444444444,287.594444444444,2.93981481481481e-06,NA,NA,1.743456,NA,2830390-02-09,2002
US1_2002,271,293.15,300.927777777778,284.816666666667,0,NA,NA,1.072896,NA,2830626-08-31,2002
US1_2002,272,295.372222222222,303.15,287.038888888889,0,NA,NA,2.101088,NA,2830863-03-21,2002
US1_2002,273,294.816666666667,302.594444444444,286.483333333333,0,NA,NA,2.816352,NA,2831099-10-10,2002
US1_2002,274,297.594444444444,303.705555555556,291.483333333333,0,NA,NA,2.2352,NA,2831336-04-30,2002
US1_2002,275,298.705555555556,304.816666666667,292.594444444444,NA,NA,NA,1.966976,NA,2831572-11-19,2002
US1_2002,276,296.483333333333,301.483333333333,290.927777777778,NA,NA,NA,0.89408,NA,2831809-06-10,2002
US1_2002,277,292.038888888889,297.038888888889,286.483333333333,0.000208726851851852,NA,NA,3.442208,NA,2832045-12-29,2002
US1_2002,278,288.15,294.261111111111,281.483333333333,0,NA,NA,0.983488,NA,2832282-07-20,2002
US1_2002,279,287.038888888889,293.705555555556,279.816666666667,NA,NA,NA,2.503424,NA,2832519-02-08,2002
US1_2002,280,282.594444444444,288.15,276.483333333333,0,NA,NA,0.849376,NA,2832755-08-30,2002
US1_2002,281,284.816666666667,292.038888888889,277.038888888889,0,NA,NA,0.938784,NA,2832992-03-19,2002
US1_2002,282,288.15,294.816666666667,280.927777777778,0,NA,NA,0.44704,NA,2833228-10-08,2002
US1_2002,283,288.15,295.372222222222,280.927777777778,0,NA,NA,0.581152,NA,2833465-04-29,2002
US1_2002,284,290.927777777778,298.705555555556,283.15,0,NA,NA,0.89408,NA,2833701-11-18,2002
US1_2002,285,290.372222222222,297.038888888889,283.705555555556,4.11574074074074e-05,NA,NA,1.56464,NA,2833938-06-09,2002
US1_2002,286,279.261111111111,284.261111111111,274.261111111111,0,NA,NA,1.698752,NA,2834174-12-28,2002
US1_2002,287,281.483333333333,290.372222222222,272.594444444444,0,NA,NA,1.028192,NA,2834411-07-19,2002
US1_2002,288,282.594444444444,291.483333333333,273.15,0,NA,NA,1.475232,NA,2834648-02-07,2002
US1_2002,289,280.372222222222,285.372222222222,275.372222222222,0,NA,NA,1.34112,NA,2834884-08-27,2002
US1_2002,290,280.372222222222,283.705555555556,276.483333333333,NA,NA,NA,1.475232,NA,2835121-03-19,2002
US1_2002,291,284.261111111111,294.261111111111,273.705555555556,0.000279282407407407,NA,NA,NA,NA,2835357-10-07,2002
US1_2002,292,282.038888888889,287.038888888889,277.038888888889,2.35185185185185e-05,NA,NA,1.475232,NA,2835594-04-28,2002
US1_2002,293,280.372222222222,285.927777777778,274.261111111111,0,NA,NA,0.759968,NA,2835830-11-17,2002
US1_2002,294,282.038888888889,289.261111111111,274.816666666667,0,NA,NA,0.938784,NA,2836067-06-07,2002
US1_2002,295,280.372222222222,284.816666666667,275.927777777778,0,NA,NA,1.34112,NA,2836303-12-28,2002
US1_2002,296,279.816666666667,283.15,276.483333333333,NA,NA,NA,1.519936,NA,2836540-07-17,2002
US1_2002,297,282.594444444444,286.483333333333,278.15,NA,NA,NA,1.519936,NA,2836777-02-05,2002
US1_2002,298,279.261111111111,280.927777777778,277.594444444444,0.000196967592592593,NA,NA,1.1176,NA,2837013-08-27,2002
US1_2002,299,282.038888888889,283.15,280.372222222222,NA,NA,NA,1.1176,NA,2837250-03-17,2002
US1_2002,300,281.483333333333,284.261111111111,278.705555555556,NA,NA,NA,1.207008,NA,2837486-10-06,2002
US1_2002,301,282.594444444444,287.038888888889,277.594444444444,0,NA,NA,1.698752,NA,2837723-04-27,2002
US1_2002,302,279.261111111111,280.927777777778,277.038888888889,0.000173449074074074,NA,NA,3.263392,NA,2837959-11-16,2002
US1_2002,303,279.261111111111,282.038888888889,276.483333333333,5.87962962962963e-06,NA,NA,1.56464,NA,2838196-06-05,2002
US1_2002,304,279.816666666667,284.261111111111,274.816666666667,2.93981481481481e-06,NA,NA,1.654048,NA,2838432-12-25,2002
US1_2003,1,NA,NA,NA,NA,NA,NA,NA,NA,NA,2003
US1_2003,2,NA,NA,NA,NA,NA,NA,NA,NA,NA,2003
US1_2003,3,NA,NA,NA,NA,NA,NA,NA,NA,NA,2003
US1_2003,4,NA,NA,NA,NA,NA,NA,NA,NA,NA,2003
US1_2003,5,NA,NA,NA,NA,NA,NA,NA,NA,NA,2003
US1_2003,6,NA,NA,NA,NA,NA,NA,NA,NA,NA,2003
US1_2003,7,NA,NA,NA,NA,NA,NA,NA,NA,NA,2003
US1_2003,8,NA,NA,NA,NA,NA,NA,NA,NA,NA,2003
US1_2003,9,NA,NA,NA,NA,NA,NA,NA,NA,NA,2003
US1_2003,10,NA,NA,NA,NA,NA,NA,NA,NA,NA,2003
US1_2003,11,NA,NA,NA,NA,NA,NA,NA,NA,NA,2003
US1_2003,12,NA,NA,NA,NA,NA,NA,NA,NA,NA,2003
US1_2003,13,NA,NA,NA,NA,NA,NA,NA,NA,NA,2003
US1_2003,14,NA,NA,NA,NA,NA,NA,NA,NA,NA,2003
US1_2003,15,NA,NA,NA,NA,NA,NA,NA,NA,NA,2003
US1_2003,16,NA,NA,NA,NA,NA,NA,NA,NA,NA,2003
US1_2003,17,NA,NA,NA,NA,NA,NA,NA,NA,NA,2003
US1_2003,18,NA,NA,NA,NA,NA,NA,NA,NA,NA,2003
US1_2003,19,NA,NA,NA,NA,NA,NA,NA,NA,NA,2003
US1_2003,20,NA,NA,NA,NA,NA,NA,NA,NA,NA,2003
US1_2003,21,NA,NA,NA,NA,NA,NA,NA,NA,NA,2003
US1_2003,22,NA,NA,NA,NA,NA,NA,NA,NA,NA,2003
US1_2003,23,NA,NA,NA,NA,NA,NA,NA,NA,NA,2003
US1_2003,24,NA,NA,NA,NA,NA,NA,NA,NA,NA,2003
US1_2003,25,NA,NA,NA,NA,NA,NA,NA,NA,NA,2003
US1_2003,26,NA,NA,NA,NA,NA,NA,NA,NA,NA,2003
US1_2003,27,NA,NA,NA,NA,NA,NA,NA,NA,NA,2003
US1_2003,28,NA,NA,NA,NA,NA,NA,NA,NA,NA,2003
US1_2003,29,NA,NA,NA,NA,NA,NA,NA,NA,NA,2003
US1_2003,30,NA,NA,NA,NA,NA,NA,NA,NA,NA,2003
US1_2003,31,NA,NA,NA,NA,NA,NA,NA,NA,NA,2003
US1_2003,32,NA,NA,NA,NA,NA,NA,NA,NA,NA,2003
US1_2003,33,NA,NA,NA,NA,NA,NA,NA,NA,NA,2003
US1_2003,34,NA,NA,NA,NA,NA,NA,NA,NA,NA,2003
US1_2003,35,NA,NA,NA,NA,NA,NA,NA,NA,NA,2003
US1_2003,36,NA,NA,NA,NA,NA,NA,NA,NA,NA,2003
US1_2003,37,NA,NA,NA,NA,NA,NA,NA,NA,NA,2003
US1_2003,38,NA,NA,NA,NA,NA,NA,NA,NA,NA,2003
US1_2003,39,NA,NA,NA,NA,NA,NA,NA,NA,NA,2003
US1_2003,40,NA,NA,NA,NA,NA,NA,NA,NA,NA,2003
US1_2003,41,NA,NA,NA,NA,NA,NA,NA,NA,NA,2003
US1_2003,42,NA,NA,NA,NA,NA,NA,NA,NA,NA,2003
US1_2003,43,NA,NA,NA,NA,NA,NA,NA,NA,NA,2003
US1_2003,44,NA,NA,NA,NA,NA,NA,NA,NA,NA,2003
US1_2003,45,NA,NA,NA,NA,NA,NA,NA,NA,NA,2003
US1_2003,46,NA,NA,NA,NA,NA,NA,NA,NA,NA,2003
US1_2003,47,NA,NA,NA,NA,NA,NA,NA,NA,NA,2003
US1_2003,48,NA,NA,NA,NA,NA,NA,NA,NA,NA,2003
US1_2003,49,NA,NA,NA,NA,NA,NA,NA,NA,NA,2003
US1_2003,50,NA,NA,NA,NA,NA,NA,NA,NA,NA,2003
US1_2003,51,NA,NA,NA,NA,NA,NA,NA,NA,NA,2003
US1_2003,52,NA,NA,NA,NA,NA,NA,NA,NA,NA,2003
US1_2003,53,NA,NA,NA,NA,NA,NA,NA,NA,NA,2003
US1_2003,54,NA,NA,NA,NA,NA,NA,NA,NA,NA,2003
US1_2003,55,NA,NA,NA,NA,NA,NA,NA,NA,NA,2003
US1_2003,56,NA,NA,NA,NA,NA,NA,NA,NA,NA,2003
US1_2003,57,NA,NA,NA,NA,NA,NA,NA,NA,NA,2003
US1_2003,58,NA,NA,NA,NA,NA,NA,NA,NA,NA,2003
US1_2003,59,NA,NA,NA,NA,NA,NA,NA,NA,NA,2003
US1_2003,60,NA,NA,NA,NA,NA,NA,NA,NA,NA,2003
US1_2003,61,NA,NA,NA,NA,NA,NA,NA,NA,NA,2003
US1_2003,62,NA,NA,NA,NA,NA,NA,NA,NA,NA,2003
US1_2003,63,NA,NA,NA,NA,NA,NA,NA,NA,NA,2003
US1_2003,64,NA,NA,NA,NA,NA,NA,NA,NA,NA,2003
US1_2003,65,NA,NA,NA,NA,NA,NA,NA,NA,NA,2003
US1_2003,66,NA,NA,NA,NA,NA,NA,NA,NA,NA,2003
US1_2003,67,NA,NA,NA,NA,NA,NA,NA,NA,NA,2003
US1_2003,68,NA,NA,NA,NA,NA,NA,NA,NA,NA,2003
US1_2003,69,NA,NA,NA,NA,NA,NA,NA,NA,NA,2003
US1_2003,70,NA,NA,NA,NA,NA,NA,NA,NA,NA,2003
US1_2003,71,NA,NA,NA,NA,NA,NA,NA,NA,NA,2003
US1_2003,72,NA,NA,NA,NA,NA,NA,NA,NA,NA,2003
US1_2003,73,NA,NA,NA,NA,NA,NA,NA,NA,NA,2003
US1_2003,74,NA,NA,NA,NA,NA,NA,NA,NA,NA,2003
US1_2003,75,NA,NA,NA,NA,NA,NA,NA,NA,NA,2003
US1_2003,76,NA,NA,NA,NA,NA,NA,NA,NA,NA,2003
US1_2003,77,NA,NA,NA,NA,NA,NA,NA,NA,NA,2003
US1_2003,78,NA,NA,NA,NA,NA,NA,NA,NA,NA,2003
US1_2003,79,NA,NA,NA,NA,NA,NA,NA,NA,NA,2003
US1_2003,80,NA,NA,NA,NA,NA,NA,NA,NA,NA,2003
US1_2003,81,NA,NA,NA,NA,NA,NA,NA,NA,NA,2003
US1_2003,82,NA,NA,NA,NA,NA,NA,NA,NA,NA,2003
US1_2003,83,NA,NA,NA,NA,NA,NA,NA,NA,NA,2003
US1_2003,84,NA,NA,NA,NA,NA,NA,NA,NA,NA,2003
US1_2003,85,NA,NA,NA,NA,NA,NA,NA,NA,NA,2003
US1_2003,86,NA,NA,NA,NA,NA,NA,NA,NA,NA,2003
US1_2003,87,NA,NA,NA,NA,NA,NA,NA,NA,NA,2003
US1_2003,88,NA,NA,NA,NA,NA,NA,NA,NA,NA,2003
US1_2003,89,NA,NA,NA,NA,NA,NA,NA,NA,NA,2003
US1_2003,90,NA,NA,NA,NA,NA,NA,NA,NA,NA,2003
US1_2003,91,NA,NA,NA,NA,NA,NA,NA,NA,NA,2003
US1_2003,92,NA,NA,NA,NA,NA,NA,NA,NA,NA,2003
US1_2003,93,NA,NA,NA,NA,NA,NA,NA,NA,NA,2003
US1_2003,94,NA,NA,NA,NA,NA,NA,NA,NA,NA,2003
US1_2003,95,NA,NA,NA,NA,NA,NA,NA,NA,NA,2003
US1_2003,96,NA,NA,NA,NA,NA,NA,NA,NA,NA,2003
US1_2003,97,NA,NA,NA,NA,NA,NA,NA,NA,NA,2003
US1_2003,98,NA,NA,NA,NA,NA,NA,NA,NA,NA,2003
US1_2003,99,NA,NA,NA,NA,NA,NA,NA,NA,NA,2003
US1_2003,100,NA,NA,NA,NA,NA,NA,NA,NA,NA,2003
US1_2003,101,NA,NA,NA,NA,NA,NA,NA,NA,NA,2003
US1_2003,102,NA,NA,NA,NA,NA,NA,NA,NA,NA,2003
US1_2003,103,NA,NA,NA,NA,NA,NA,NA,NA,NA,2003
US1_2003,104,NA,NA,NA,NA,NA,NA,NA,NA,NA,2003
US1_2003,105,NA,NA,NA,NA,NA,NA,NA,NA,NA,2003
US1_2003,106,NA,NA,NA,NA,NA,NA,NA,NA,NA,2003
US1_2003,107,NA,NA,NA,NA,NA,NA,NA,NA,NA,2003
US1_2003,108,NA,NA,NA,NA,NA,NA,NA,NA,NA,2003
US1_2003,109,NA,NA,NA,NA,NA,NA,NA,NA,NA,2003
US1_2003,110,NA,NA,NA,NA,NA,NA,NA,NA,NA,2003
US1_2003,111,NA,NA,NA,NA,NA,NA,NA,NA,NA,2003
US1_2003,112,NA,NA,NA,NA,NA,NA,NA,NA,NA,2003
US1_2003,113,NA,NA,NA,NA,NA,NA,NA,NA,NA,2003
US1_2003,114,NA,NA,NA,NA,NA,NA,NA,NA,NA,2003
US1_2003,115,NA,NA,NA,NA,NA,NA,NA,NA,NA,2003
US1_2003,116,NA,NA,NA,NA,NA,NA,NA,NA,NA,2003
US1_2003,117,NA,NA,NA,NA,NA,NA,NA,NA,NA,2003
US1_2003,118,NA,NA,NA,NA,NA,NA,NA,NA,NA,2003
US1_2003,119,NA,NA,NA,NA,NA,NA,NA,NA,NA,2003
US1_2003,120,NA,NA,NA,NA,NA,NA,NA,NA,NA,2003
US1_2003,121,289.816666666667,294.816666666667,284.816666666667,6.17361111111111e-05,NA,NA,2.771648,NA,2881486-01-09,2003
US1_2003,122,284.816666666667,290.927777777778,278.15,NA,NA,NA,3.039872,NA,2881722-07-31,2003
US1_2003,123,284.816666666667,293.15,275.927777777778,0,NA,NA,1.207008,NA,2881959-02-19,2003
US1_2003,124,283.15,285.927777777778,280.372222222222,0.000326319444444444,NA,NA,2.995168,NA,2882195-09-09,2003
US1_2003,125,292.594444444444,299.261111111111,285.372222222222,8.81944444444444e-06,NA,NA,3.084576,NA,2882432-03-30,2003
US1_2003,126,290.372222222222,297.594444444444,283.15,4.99768518518519e-05,NA,NA,1.385824,NA,2882668-10-19,2003
US1_2003,127,291.483333333333,296.483333333333,286.483333333333,NA,NA,NA,2.101088,NA,2882905-05-10,2003
US1_2003,128,287.594444444444,290.927777777778,284.261111111111,3.82175925925926e-05,NA,NA,1.832864,NA,2883141-11-29,2003
US1_2003,129,297.594444444444,303.705555555556,290.927777777778,8.52546296296296e-05,NA,NA,3.621024,NA,2883378-06-19,2003
US1_2003,130,294.816666666667,298.705555555556,290.927777777778,0.000235185185185185,NA,NA,2.592832,NA,2883615-01-08,2003
US1_2003,131,288.705555555556,293.705555555556,283.705555555556,0,NA,NA,NA,NA,2883851-07-30,2003
US1_2003,132,288.705555555556,294.261111111111,283.15,0,NA,NA,4.515104,NA,2884088-02-17,2003
US1_2003,133,288.705555555556,295.927777777778,280.927777777778,0,NA,NA,1.519936,NA,2884324-09-08,2003
US1_2003,134,291.483333333333,297.038888888889,285.927777777778,4.40972222222222e-05,NA,NA,1.743456,NA,2884561-03-29,2003
US1_2003,135,287.594444444444,292.038888888889,283.15,2.05787037037037e-05,NA,NA,1.78816,NA,2884797-10-18,2003
US1_2003,136,289.261111111111,293.705555555556,284.261111111111,0,NA,NA,1.519936,NA,2885034-05-09,2003
US1_2003,137,290.372222222222,294.261111111111,286.483333333333,2.64583333333333e-05,NA,NA,2.056384,NA,2885270-11-27,2003
US1_2003,138,293.705555555556,297.594444444444,289.816666666667,NA,NA,NA,1.430528,NA,2885507-06-19,2003
US1_2003,139,294.816666666667,298.705555555556,290.927777777778,0,NA,NA,1.698752,NA,2885744-01-07,2003
US1_2003,140,288.705555555556,293.705555555556,283.15,7.9375e-05,NA,NA,2.816352,NA,2885980-07-28,2003
US1_2003,141,286.483333333333,292.038888888889,280.927777777778,0,NA,NA,1.922272,NA,2886217-02-16,2003
US1_2003,142,287.038888888889,293.705555555556,279.816666666667,0,NA,NA,1.832864,NA,2886453-09-06,2003
US1_2003,143,287.594444444444,293.15,281.483333333333,NA,NA,NA,1.609344,NA,2886690-03-28,2003
US1_2003,144,288.705555555556,295.372222222222,281.483333333333,0,NA,NA,1.430528,NA,2886926-10-17,2003
US1_2003,145,289.261111111111,293.15,284.816666666667,0,NA,NA,2.056384,NA,2887163-05-08,2003
US1_2003,146,289.816666666667,296.483333333333,283.15,0,NA,NA,1.56464,NA,2887399-11-26,2003
US1_2003,147,292.038888888889,298.705555555556,284.816666666667,0,NA,NA,1.519936,NA,2887636-06-16,2003
US1_2003,148,290.927777777778,296.483333333333,284.816666666667,2.35185185185185e-05,NA,NA,2.190496,NA,2887873-01-05,2003
US1_2003,149,290.372222222222,295.372222222222,284.816666666667,0,NA,NA,2.68224,NA,2888109-07-27,2003
US1_2003,150,289.816666666667,297.038888888889,282.594444444444,5.58564814814815e-05,NA,NA,2.548128,NA,2888346-02-15,2003
US1_2003,151,287.038888888889,292.594444444444,280.927777777778,NA,NA,NA,3.442208,NA,2888582-09-05,2003
US1_2003,152,285.927777777778,292.594444444444,278.705555555556,0,NA,NA,1.162304,NA,2888819-03-27,2003
US1_2003,153,286.483333333333,291.483333333333,280.927777777778,8.81944444444444e-05,NA,NA,1.385824,NA,2889055-10-16,2003
US1_2003,154,285.372222222222,286.483333333333,283.705555555556,3.52777777777778e-05,NA,NA,2.145792,NA,2889292-05-05,2003
US1_2003,155,289.816666666667,294.816666666667,284.261111111111,0,NA,NA,1.698752,NA,2889528-11-25,2003
US1_2003,156,290.372222222222,298.15,282.594444444444,0,NA,NA,1.072896,NA,2889765-06-15,2003
US1_2003,157,289.261111111111,294.816666666667,283.705555555556,8.52546296296296e-05,NA,NA,1.162304,NA,2890002-01-04,2003
US1_2003,158,290.927777777778,297.038888888889,284.816666666667,0,NA,NA,0.938784,NA,2890238-07-26,2003
US1_2003,159,292.038888888889,295.927777777778,288.15,0,NA,NA,NA,NA,2890475-02-13,2003
US1_2003,160,293.15,299.816666666667,285.927777777778,0,NA,NA,2.190496,NA,2890711-09-05,2003
US1_2003,161,293.15,297.594444444444,288.15,6.46759259259259e-05,NA,NA,3.12928,NA,2890948-03-25,2003
US1_2003,162,295.372222222222,301.483333333333,288.705555555556,0.000282222222222222,NA,NA,1.698752,NA,2891184-10-14,2003
US1_2003,163,293.705555555556,298.705555555556,288.705555555556,2.93981481481481e-06,NA,NA,1.296416,NA,2891421-05-05,2003
US1_2003,164,294.261111111111,297.038888888889,291.483333333333,9.70138888888889e-05,NA,NA,1.028192,NA,2891657-11-23,2003
US1_2003,165,295.372222222222,299.816666666667,290.372222222222,0,NA,NA,1.922272,NA,2891894-06-14,2003
US1_2003,166,295.372222222222,302.038888888889,288.705555555556,0,NA,NA,1.654048,NA,2892131-01-03,2003
US1_2003,167,295.927777777778,302.038888888889,289.816666666667,0,NA,NA,1.56464,NA,2892367-07-25,2003
US1_2003,168,295.927777777778,302.038888888889,289.816666666667,0,NA,NA,1.162304,NA,2892604-02-13,2003
US1_2003,169,295.927777777778,303.705555555556,288.15,0,NA,NA,1.296416,NA,2892840-09-02,2003
US1_2003,170,292.038888888889,298.15,285.372222222222,0.000105833333333333,NA,NA,2.68224,NA,2893077-03-24,2003
US1_2003,171,290.927777777778,298.15,283.705555555556,0,NA,NA,1.519936,NA,2893313-10-13,2003
US1_2003,172,292.594444444444,300.927777777778,284.261111111111,0,NA,NA,0.581152,NA,2893550-05-04,2003
US1_2003,173,294.261111111111,302.038888888889,286.483333333333,0,NA,NA,1.1176,NA,2893786-11-22,2003
US1_2003,174,295.372222222222,303.705555555556,287.038888888889,0,NA,NA,1.56464,NA,2894023-06-13,2003
US1_2003,175,297.594444444444,305.372222222222,289.816666666667,0,NA,NA,1.698752,NA,2894260-01-02,2003
US1_2003,176,298.15,305.927777777778,290.372222222222,0,NA,NA,2.279904,NA,2894496-07-22,2003
US1_2003,177,292.594444444444,297.038888888889,287.594444444444,3.2337962962963e-05,NA,NA,2.45872,NA,2894733-02-11,2003
US1_2003,178,293.15,300.927777777778,285.372222222222,0,NA,NA,2.369312,NA,2894969-09-01,2003
US1_2003,179,295.927777777778,302.038888888889,289.261111111111,5.87962962962963e-06,NA,NA,2.45872,NA,2895206-03-23,2003
US1_2003,180,297.038888888889,301.483333333333,292.038888888889,9.40740740740741e-05,NA,NA,1.609344,NA,2895442-10-12,2003
US1_2003,181,297.038888888889,302.038888888889,291.483333333333,0,NA,NA,0.938784,NA,2895679-05-02,2003
US1_2003,182,298.15,303.705555555556,292.038888888889,0,NA,NA,0.89408,NA,2895915-11-22,2003
US1_2003,183,298.705555555556,304.261111111111,292.594444444444,2.93981481481481e-06,NA,NA,0.67056,NA,2896152-06-11,2003
US1_2003,184,299.261111111111,305.927777777778,292.038888888889,0,NA,NA,1.743456,NA,2896388-12-31,2003
US1_2003,185,302.594444444444,308.705555555556,296.483333333333,0,NA,NA,3.084576,NA,2896625-07-22,2003
US1_2003,186,302.038888888889,307.594444444444,295.927777777778,0,NA,NA,2.503424,NA,2896862-02-09,2003
US1_2003,187,299.816666666667,307.038888888889,292.594444444444,2.05787037037037e-05,NA,NA,2.45872,NA,2897098-08-31,2003
US1_2003,188,302.038888888889,307.594444444444,295.927777777778,0,NA,NA,2.950464,NA,2897335-03-22,2003
US1_2003,189,300.372222222222,306.483333333333,293.705555555556,0.000288101851851852,NA,NA,2.369312,NA,2897571-10-11,2003
US1_2003,190,296.483333333333,301.483333333333,291.483333333333,0.000955439814814815,NA,NA,1.519936,NA,2897808-05-01,2003
US1_2003,191,295.372222222222,300.927777777778,289.816666666667,5.87962962962963e-05,NA,NA,3.218688,NA,2898044-11-19,2003
US1_2003,192,294.261111111111,299.261111111111,289.261111111111,2.93981481481481e-06,NA,NA,2.90576,NA,2898281-06-10,2003
US1_2003,193,294.261111111111,299.261111111111,288.705555555556,0,NA,NA,1.251712,NA,2898517-12-30,2003
US1_2003,194,294.261111111111,300.372222222222,287.594444444444,0,NA,NA,0.67056,NA,2898754-07-21,2003
US1_2003,195,296.483333333333,302.594444444444,289.816666666667,0,NA,NA,1.1176,NA,2898991-02-08,2003
US1_2003,196,298.15,304.261111111111,292.038888888889,NA,NA,NA,2.2352,NA,2899227-08-30,2003
US1_2003,197,297.038888888889,301.483333333333,292.594444444444,0,NA,NA,1.028192,NA,2899464-03-20,2003
US1_2003,198,297.594444444444,303.705555555556,291.483333333333,0,NA,NA,1.519936,NA,2899700-10-09,2003
US1_2003,199,296.483333333333,300.927777777778,291.483333333333,0.000385115740740741,NA,NA,2.056384,NA,2899937-04-30,2003
US1_2003,200,295.372222222222,300.927777777778,289.816666666667,0,NA,NA,1.072896,NA,2900173-11-18,2003
US1_2003,201,297.038888888889,303.705555555556,290.372222222222,0,NA,NA,1.966976,NA,2900410-06-09,2003
US1_2003,202,297.594444444444,302.038888888889,292.594444444444,0.000241064814814815,NA,NA,1.78816,NA,2900646-12-29,2003
US1_2003,203,294.816666666667,298.15,290.927777777778,2.93981481481481e-05,NA,NA,1.654048,NA,2900883-07-19,2003
US1_2003,204,293.705555555556,298.705555555556,288.15,0,NA,NA,1.743456,NA,2901120-02-08,2003
US1_2003,205,293.15,299.816666666667,285.927777777778,0,NA,NA,0.849376,NA,2901356-08-28,2003
US1_2003,206,294.261111111111,301.483333333333,287.038888888889,0,NA,NA,1.385824,NA,2901593-03-19,2003
US1_2003,207,295.927777777778,302.594444444444,289.261111111111,0,NA,NA,2.414016,NA,2901829-10-08,2003
US1_2003,208,299.261111111111,304.816666666667,293.705555555556,NA,NA,NA,2.503424,NA,2902066-04-28,2003
US1_2003,209,294.816666666667,298.705555555556,290.372222222222,6.76157407407407e-05,NA,NA,0.938784,NA,2902302-11-18,2003
US1_2003,210,293.705555555556,299.261111111111,288.15,0,NA,NA,0.89408,NA,2902539-06-08,2003
US1_2003,211,294.816666666667,300.927777777778,288.705555555556,0,NA,NA,0.759968,NA,2902775-12-28,2003
US1_2003,212,296.483333333333,302.594444444444,289.816666666667,0,NA,NA,0.67056,NA,2903012-07-18,2003
US1_2003,213,297.594444444444,303.705555555556,291.483333333333,0,NA,NA,0,NA,2903249-02-05,2003
US1_2003,214,295.927777777778,300.927777777778,290.372222222222,9.99537037037037e-05,NA,NA,0,NA,2903485-08-27,2003
US1_2003,215,295.372222222222,300.927777777778,289.261111111111,8.23148148148148e-05,NA,NA,0,NA,2903722-03-18,2003
US1_2003,216,294.816666666667,300.372222222222,289.261111111111,0,NA,NA,0,NA,2903958-10-07,2003
US1_2003,217,295.372222222222,300.372222222222,289.816666666667,0,NA,NA,0,NA,2904195-04-27,2003
US1_2003,218,297.594444444444,302.038888888889,293.15,2.93981481481481e-06,NA,NA,0,NA,2904431-11-16,2003
US1_2003,219,297.038888888889,302.038888888889,291.483333333333,NA,NA,NA,0,NA,2904668-06-06,2003
US1_2003,220,295.927777777778,300.372222222222,291.483333333333,NA,NA,NA,0,NA,2904904-12-26,2003
US1_2003,221,295.372222222222,300.372222222222,290.372222222222,NA,NA,NA,0,NA,2905141-07-17,2003
US1_2003,222,294.261111111111,299.816666666667,288.705555555556,1.17592592592593e-05,NA,NA,0,NA,2905378-02-04,2003
US1_2003,223,295.927777777778,301.483333333333,290.372222222222,NA,NA,NA,0,NA,2905614-08-26,2003
US1_2003,224,296.483333333333,300.372222222222,292.038888888889,0,NA,NA,0,NA,2905851-03-17,2003
US1_2003,225,296.483333333333,301.483333333333,291.483333333333,5.58564814814815e-05,NA,NA,0,NA,2906087-10-05,2003
US1_2003,226,299.261111111111,304.261111111111,294.261111111111,0,NA,NA,0,NA,2906324-04-26,2003
US1_2003,227,298.705555555556,304.816666666667,292.594444444444,0,NA,NA,0,NA,2906560-11-14,2003
US1_2003,228,300.372222222222,306.483333333333,294.261111111111,0,NA,NA,0,NA,2906797-06-05,2003
US1_2003,229,298.15,303.705555555556,292.594444444444,0,NA,NA,0,NA,2907033-12-25,2003
US1_2003,230,295.927777777778,301.483333333333,290.372222222222,0,NA,NA,0,NA,2907270-07-15,2003
US1_2003,231,294.816666666667,302.038888888889,287.594444444444,0,NA,NA,0,NA,2907507-02-04,2003
US1_2003,232,297.038888888889,304.816666666667,288.705555555556,0,NA,NA,0,NA,2907743-08-25,2003
US1_2003,233,300.927777777778,309.261111111111,292.594444444444,0,NA,NA,0,NA,2907980-03-15,2003
US1_2003,234,297.594444444444,304.261111111111,290.927777777778,0,NA,NA,0,NA,2908216-10-04,2003
US1_2003,235,295.927777777778,302.038888888889,289.261111111111,0,NA,NA,0,NA,2908453-04-24,2003
US1_2003,236,296.483333333333,303.705555555556,288.705555555556,0,NA,NA,0,NA,2908689-11-13,2003
US1_2003,237,299.816666666667,307.594444444444,291.483333333333,0,NA,NA,0,NA,2908926-06-04,2003
US1_2003,238,301.483333333333,309.816666666667,292.594444444444,8.81944444444444e-06,NA,NA,0,NA,2909162-12-24,2003
US1_2003,239,300.372222222222,307.594444444444,293.15,8.81944444444444e-06,NA,NA,0,NA,2909399-07-14,2003
US1_2003,240,299.261111111111,307.038888888889,290.927777777778,0,NA,NA,0,NA,2909636-02-02,2003
US1_2003,241,295.372222222222,298.15,292.594444444444,0.000764351851851852,NA,NA,0,NA,2909872-08-23,2003
US1_2003,242,295.372222222222,299.261111111111,291.483333333333,0,NA,NA,0,NA,2910109-03-14,2003
US1_2003,243,292.594444444444,294.816666666667,289.816666666667,0.000808449074074074,NA,NA,0,NA,2910345-10-03,2003
US1_2003,244,290.927777777778,293.15,288.15,0.00056150462962963,NA,NA,0.983488,NA,2910582-04-23,2003
US1_2003,245,290.927777777778,292.594444444444,289.261111111111,NA,NA,NA,1.028192,NA,2910818-11-12,2003
US1_2003,246,294.816666666667,299.816666666667,289.816666666667,2.93981481481481e-06,NA,NA,1.072896,NA,2911055-06-03,2003
US1_2003,247,291.483333333333,297.038888888889,285.927777777778,0,NA,NA,1.743456,NA,2911291-12-22,2003
US1_2003,248,290.372222222222,296.483333333333,283.705555555556,0,NA,NA,0.715264,NA,2911528-07-13,2003
US1_2003,249,291.483333333333,299.816666666667,283.15,0,NA,NA,0.44704,NA,2911765-01-31,2003
US1_2003,250,293.705555555556,302.038888888889,285.372222222222,0,NA,NA,0.44704,NA,2912001-08-22,2003
US1_2003,251,294.816666666667,300.927777777778,288.15,0,NA,NA,0.44704,NA,2912238-03-13,2003
US1_2003,252,295.372222222222,301.483333333333,288.705555555556,0,NA,NA,0.491744,NA,2912474-10-01,2003
US1_2003,253,295.927777777778,302.038888888889,289.261111111111,0,NA,NA,0.849376,NA,2912711-04-23,2003
US1_2003,254,296.483333333333,302.594444444444,289.816666666667,0,NA,NA,1.34112,NA,2912947-11-11,2003
US1_2003,255,294.816666666667,300.927777777778,288.705555555556,2.93981481481481e-06,NA,NA,1.654048,NA,2913184-06-01,2003
US1_2003,256,297.594444444444,302.594444444444,292.594444444444,1.76388888888889e-05,NA,NA,1.877568,NA,2913420-12-21,2003
US1_2003,257,291.483333333333,294.261111111111,288.705555555556,3.52777777777778e-05,NA,NA,1.966976,NA,2913657-07-11,2003
US1_2003,258,290.927777777778,298.15,283.705555555556,0,NA,NA,1.966976,NA,2913894-01-30,2003
US1_2003,259,292.594444444444,301.483333333333,283.705555555556,0,NA,NA,1.34112,NA,2914130-08-21,2003
US1_2003,260,292.038888888889,299.816666666667,284.261111111111,0,NA,NA,1.475232,NA,2914367-03-12,2003
US1_2003,261,294.261111111111,302.038888888889,285.927777777778,0,NA,NA,0.715264,NA,2914603-10-01,2003
US1_2003,262,288.15,293.705555555556,282.038888888889,NA,NA,NA,1.922272,NA,2914840-04-20,2003
US1_2003,263,288.15,296.483333333333,279.261111111111,0,NA,NA,0.536448,NA,2915076-11-09,2003
US1_2003,264,290.927777777778,299.816666666667,281.483333333333,1.17592592592593e-05,NA,NA,1.207008,NA,2915313-05-31,2003
US1_2003,265,290.927777777778,296.483333333333,285.372222222222,0.000105833333333333,NA,NA,2.2352,NA,2915549-12-20,2003
US1_2003,266,288.15,295.372222222222,280.927777777778,0,NA,NA,2.190496,NA,2915786-07-10,2003
US1_2003,267,294.261111111111,302.594444444444,285.927777777778,3.52777777777778e-05,NA,NA,NA,NA,2916023-01-29,2003
US1_2003,268,286.483333333333,292.594444444444,280.372222222222,0,NA,NA,1.1176,NA,2916259-08-20,2003
US1_2003,269,287.038888888889,294.816666666667,279.261111111111,0.000423333333333333,NA,NA,2.056384,NA,2916496-03-09,2003
US1_2003,270,286.483333333333,292.038888888889,280.372222222222,NA,NA,NA,2.369312,NA,2916732-09-29,2003
US1_2003,271,283.705555555556,288.15,278.705555555556,NA,NA,NA,1.832864,NA,2916969-04-19,2003
US1_2003,272,282.594444444444,289.261111111111,275.372222222222,0,NA,NA,1.56464,NA,2917205-11-08,2003
US1_2003,273,282.038888888889,287.038888888889,276.483333333333,0,NA,NA,1.698752,NA,2917442-05-30,2003
US1_2003,274,282.038888888889,289.261111111111,274.816666666667,0,NA,NA,2.726944,NA,2917678-12-18,2003
US1_2003,275,279.816666666667,285.927777777778,273.705555555556,0,NA,NA,0.89408,NA,2917915-07-10,2003
US1_2003,276,279.816666666667,287.038888888889,272.038888888889,7.34953703703704e-05,NA,NA,2.995168,NA,2918152-01-28,2003
US1_2003,277,284.261111111111,290.927777777778,277.594444444444,0,NA,NA,1.475232,NA,2918388-08-18,2003
US1_2003,278,287.038888888889,294.816666666667,279.261111111111,0,NA,NA,0.938784,NA,2918625-03-09,2003
US1_2003,279,287.594444444444,295.372222222222,279.816666666667,0,NA,NA,0.89408,NA,2918861-09-27,2003
US1_2003,280,290.927777777778,300.372222222222,281.483333333333,0,NA,NA,0.938784,NA,2919098-04-18,2003
US1_2003,281,291.483333333333,300.372222222222,282.594444444444,0,NA,NA,0.759968,NA,2919334-11-07,2003
US1_2003,282,290.372222222222,294.816666666667,285.372222222222,NA,NA,NA,0.849376,NA,2919571-05-29,2003
US1_2003,283,NA,299.261111111111,286.483333333333,0,NA,NA,1.028192,NA,2919807-12-18,2003
US1_2003,284,NA,299.261111111111,286.483333333333,0,NA,NA,1.743456,NA,2920044-07-07,2003
US1_2003,285,288.15,294.816666666667,280.927777777778,2.93981481481481e-06,NA,NA,1.207008,NA,2920281-01-26,2003
US1_2003,286,287.038888888889,296.483333333333,277.594444444444,0,NA,NA,0.89408,NA,2920517-08-17,2003
US1_2003,287,284.816666666667,288.705555555556,280.372222222222,0.000196967592592593,NA,NA,2.548128,NA,2920754-03-08,2003
US1_2003,288,284.261111111111,291.483333333333,277.038888888889,0,NA,NA,1.78816,NA,2920990-09-26,2003
US1_2003,289,284.261111111111,289.261111111111,279.261111111111,NA,NA,NA,1.430528,NA,2921227-04-17,2003
US1_2003,290,282.038888888889,287.594444444444,276.483333333333,0,NA,NA,1.34112,NA,2921463-11-06,2003
US1_2003,291,285.372222222222,294.261111111111,275.927777777778,0,NA,NA,2.637536,NA,2921700-05-27,2003
US1_2003,292,290.372222222222,298.15,282.594444444444,0,NA,NA,0.759968,NA,2921936-12-16,2003
US1_2003,293,292.038888888889,301.483333333333,282.038888888889,0,NA,NA,3.12928,NA,2922173-07-06,2003
US1_2003,294,289.261111111111,293.705555555556,284.261111111111,0,NA,NA,2.2352,NA,2922410-01-25,2003
US1_2003,295,284.816666666667,288.705555555556,280.372222222222,0,NA,NA,1.251712,NA,2922646-08-16,2003
US1_2003,296,283.705555555556,289.261111111111,277.594444444444,0,NA,NA,1.028192,NA,2922883-03-06,2003
US1_2003,297,283.705555555556,290.927777777778,275.927777777778,0,NA,NA,2.01168,NA,2923119-09-26,2003
US1_2003,298,284.261111111111,287.038888888889,281.483333333333,9.40740740740741e-05,NA,NA,1.475232,NA,2923356-04-15,2003
US1_2003,299,279.261111111111,282.594444444444,275.372222222222,0,NA,NA,1.609344,NA,2923592-11-04,2003
US1_2003,300,279.816666666667,282.594444444444,276.483333333333,0,NA,NA,1.430528,NA,2923829-05-26,2003
US1_2003,301,283.15,287.038888888889,278.705555555556,1.76388888888889e-05,NA,NA,2.995168,NA,2924065-12-14,2003
US1_2003,302,277.594444444444,280.927777777778,274.261111111111,NA,NA,NA,2.279904,NA,2924302-07-06,2003
US1_2003,303,286.483333333333,295.927777777778,277.038888888889,0,NA,NA,NA,NA,2924539-01-24,2003
US1_2003,304,289.261111111111,295.927777777778,282.594444444444,NA,NA,NA,3.442208,NA,2924775-08-15,2003
US1_2004,1,NA,NA,NA,NA,NA,NA,NA,NA,NA,2004
US1_2004,2,NA,NA,NA,NA,NA,NA,NA,NA,NA,2004
US1_2004,3,NA,NA,NA,NA,NA,NA,NA,NA,NA,2004
US1_2004,4,NA,NA,NA,NA,NA,NA,NA,NA,NA,2004
US1_2004,5,NA,NA,NA,NA,NA,NA,NA,NA,NA,2004
US1_2004,6,NA,NA,NA,NA,NA,NA,NA,NA,NA,2004
US1_2004,7,NA,NA,NA,NA,NA,NA,NA,NA,NA,2004
US1_2004,8,NA,NA,NA,NA,NA,NA,NA,NA,NA,2004
US1_2004,9,NA,NA,NA,NA,NA,NA,NA,NA,NA,2004
US1_2004,10,NA,NA,NA,NA,NA,NA,NA,NA,NA,2004
US1_2004,11,NA,NA,NA,NA,NA,NA,NA,NA,NA,2004
US1_2004,12,NA,NA,NA,NA,NA,NA,NA,NA,NA,2004
US1_2004,13,NA,NA,NA,NA,NA,NA,NA,NA,NA,2004
US1_2004,14,NA,NA,NA,NA,NA,NA,NA,NA,NA,2004
US1_2004,15,NA,NA,NA,NA,NA,NA,NA,NA,NA,2004
US1_2004,16,NA,NA,NA,NA,NA,NA,NA,NA,NA,2004
US1_2004,17,NA,NA,NA,NA,NA,NA,NA,NA,NA,2004
US1_2004,18,NA,NA,NA,NA,NA,NA,NA,NA,NA,2004
US1_2004,19,NA,NA,NA,NA,NA,NA,NA,NA,NA,2004
US1_2004,20,NA,NA,NA,NA,NA,NA,NA,NA,NA,2004
US1_2004,21,NA,NA,NA,NA,NA,NA,NA,NA,NA,2004
US1_2004,22,NA,NA,NA,NA,NA,NA,NA,NA,NA,2004
US1_2004,23,NA,NA,NA,NA,NA,NA,NA,NA,NA,2004
US1_2004,24,NA,NA,NA,NA,NA,NA,NA,NA,NA,2004
US1_2004,25,NA,NA,NA,NA,NA,NA,NA,NA,NA,2004
US1_2004,26,NA,NA,NA,NA,NA,NA,NA,NA,NA,2004
US1_2004,27,NA,NA,NA,NA,NA,NA,NA,NA,NA,2004
US1_2004,28,NA,NA,NA,NA,NA,NA,NA,NA,NA,2004
US1_2004,29,NA,NA,NA,NA,NA,NA,NA,NA,NA,2004
US1_2004,30,NA,NA,NA,NA,NA,NA,NA,NA,NA,2004
US1_2004,31,NA,NA,NA,NA,NA,NA,NA,NA,NA,2004
US1_2004,32,NA,NA,NA,NA,NA,NA,NA,NA,NA,2004
US1_2004,33,NA,NA,NA,NA,NA,NA,NA,NA,NA,2004
US1_2004,34,NA,NA,NA,NA,NA,NA,NA,NA,NA,2004
US1_2004,35,NA,NA,NA,NA,NA,NA,NA,NA,NA,2004
US1_2004,36,NA,NA,NA,NA,NA,NA,NA,NA,NA,2004
US1_2004,37,NA,NA,NA,NA,NA,NA,NA,NA,NA,2004
US1_2004,38,NA,NA,NA,NA,NA,NA,NA,NA,NA,2004
US1_2004,39,NA,NA,NA,NA,NA,NA,NA,NA,NA,2004
US1_2004,40,NA,NA,NA,NA,NA,NA,NA,NA,NA,2004
US1_2004,41,NA,NA,NA,NA,NA,NA,NA,NA,NA,2004
US1_2004,42,NA,NA,NA,NA,NA,NA,NA,NA,NA,2004
US1_2004,43,NA,NA,NA,NA,NA,NA,NA,NA,NA,2004
US1_2004,44,NA,NA,NA,NA,NA,NA,NA,NA,NA,2004
US1_2004,45,NA,NA,NA,NA,NA,NA,NA,NA,NA,2004
US1_2004,46,NA,NA,NA,NA,NA,NA,NA,NA,NA,2004
US1_2004,47,NA,NA,NA,NA,NA,NA,NA,NA,NA,2004
US1_2004,48,NA,NA,NA,NA,NA,NA,NA,NA,NA,2004
US1_2004,49,NA,NA,NA,NA,NA,NA,NA,NA,NA,2004
US1_2004,50,NA,NA,NA,NA,NA,NA,NA,NA,NA,2004
US1_2004,51,NA,NA,NA,NA,NA,NA,NA,NA,NA,2004
US1_2004,52,NA,NA,NA,NA,NA,NA,NA,NA,NA,2004
US1_2004,53,NA,NA,NA,NA,NA,NA,NA,NA,NA,2004
US1_2004,54,NA,NA,NA,NA,NA,NA,NA,NA,NA,2004
US1_2004,55,NA,NA,NA,NA,NA,NA,NA,NA,NA,2004
US1_2004,56,NA,NA,NA,NA,NA,NA,NA,NA,NA,2004
US1_2004,57,NA,NA,NA,NA,NA,NA,NA,NA,NA,2004
US1_2004,58,NA,NA,NA,NA,NA,NA,NA,NA,NA,2004
US1_2004,59,NA,NA,NA,NA,NA,NA,NA,NA,NA,2004
US1_2004,60,NA,NA,NA,NA,NA,NA,NA,NA,NA,2004
US1_2004,61,NA,NA,NA,NA,NA,NA,NA,NA,NA,2004
US1_2004,62,NA,NA,NA,NA,NA,NA,NA,NA,NA,2004
US1_2004,63,NA,NA,NA,NA,NA,NA,NA,NA,NA,2004
US1_2004,64,NA,NA,NA,NA,NA,NA,NA,NA,NA,2004
US1_2004,65,NA,NA,NA,NA,NA,NA,NA,NA,NA,2004
US1_2004,66,NA,NA,NA,NA,NA,NA,NA,NA,NA,2004
US1_2004,67,NA,NA,NA,NA,NA,NA,NA,NA,NA,2004
US1_2004,68,NA,NA,NA,NA,NA,NA,NA,NA,NA,2004
US1_2004,69,NA,NA,NA,NA,NA,NA,NA,NA,NA,2004
US1_2004,70,NA,NA,NA,NA,NA,NA,NA,NA,NA,2004
US1_2004,71,NA,NA,NA,NA,NA,NA,NA,NA,NA,2004
US1_2004,72,NA,NA,NA,NA,NA,NA,NA,NA,NA,2004
US1_2004,73,NA,NA,NA,NA,NA,NA,NA,NA,NA,2004
US1_2004,74,NA,NA,NA,NA,NA,NA,NA,NA,NA,2004
US1_2004,75,NA,NA,NA,NA,NA,NA,NA,NA,NA,2004
US1_2004,76,NA,NA,NA,NA,NA,NA,NA,NA,NA,2004
US1_2004,77,NA,NA,NA,NA,NA,NA,NA,NA,NA,2004
US1_2004,78,NA,NA,NA,NA,NA,NA,NA,NA,NA,2004
US1_2004,79,NA,NA,NA,NA,NA,NA,NA,NA,NA,2004
US1_2004,80,NA,NA,NA,NA,NA,NA,NA,NA,NA,2004
US1_2004,81,NA,NA,NA,NA,NA,NA,NA,NA,NA,2004
US1_2004,82,NA,NA,NA,NA,NA,NA,NA,NA,NA,2004
US1_2004,83,NA,NA,NA,NA,NA,NA,NA,NA,NA,2004
US1_2004,84,NA,NA,NA,NA,NA,NA,NA,NA,NA,2004
US1_2004,85,NA,NA,NA,NA,NA,NA,NA,NA,NA,2004
US1_2004,86,NA,NA,NA,NA,NA,NA,NA,NA,NA,2004
US1_2004,87,NA,NA,NA,NA,NA,NA,NA,NA,NA,2004
US1_2004,88,NA,NA,NA,NA,NA,NA,NA,NA,NA,2004
US1_2004,89,NA,NA,NA,NA,NA,NA,NA,NA,NA,2004
US1_2004,90,NA,NA,NA,NA,NA,NA,NA,NA,NA,2004
US1_2004,91,NA,NA,NA,NA,NA,NA,NA,NA,NA,2004
US1_2004,92,NA,NA,NA,NA,NA,NA,NA,NA,NA,2004
US1_2004,93,NA,NA,NA,NA,NA,NA,NA,NA,NA,2004
US1_2004,94,NA,NA,NA,NA,NA,NA,NA,NA,NA,2004
US1_2004,95,NA,NA,NA,NA,NA,NA,NA,NA,NA,2004
US1_2004,96,NA,NA,NA,NA,NA,NA,NA,NA,NA,2004
US1_2004,97,NA,NA,NA,NA,NA,NA,NA,NA,NA,2004
US1_2004,98,NA,NA,NA,NA,NA,NA,NA,NA,NA,2004
US1_2004,99,NA,NA,NA,NA,NA,NA,NA,NA,NA,2004
US1_2004,100,NA,NA,NA,NA,NA,NA,NA,NA,NA,2004
US1_2004,101,NA,NA,NA,NA,NA,NA,NA,NA,NA,2004
US1_2004,102,NA,NA,NA,NA,NA,NA,NA,NA,NA,2004
US1_2004,103,NA,NA,NA,NA,NA,NA,NA,NA,NA,2004
US1_2004,104,NA,NA,NA,NA,NA,NA,NA,NA,NA,2004
US1_2004,105,NA,NA,NA,NA,NA,NA,NA,NA,NA,2004
US1_2004,106,NA,NA,NA,NA,NA,NA,NA,NA,NA,2004
US1_2004,107,NA,NA,NA,NA,NA,NA,NA,NA,NA,2004
US1_2004,108,NA,NA,NA,NA,NA,NA,NA,NA,NA,2004
US1_2004,109,NA,NA,NA,NA,NA,NA,NA,NA,NA,2004
US1_2004,110,NA,NA,NA,NA,NA,NA,NA,NA,NA,2004
US1_2004,111,NA,NA,NA,NA,NA,NA,NA,NA,NA,2004
US1_2004,112,NA,NA,NA,NA,NA,NA,NA,NA,NA,2004
US1_2004,113,NA,NA,NA,NA,NA,NA,NA,NA,NA,2004
US1_2004,114,NA,NA,NA,NA,NA,NA,NA,NA,NA,2004
US1_2004,115,NA,NA,NA,NA,NA,NA,NA,NA,NA,2004
US1_2004,116,NA,NA,NA,NA,NA,NA,NA,NA,NA,2004
US1_2004,117,NA,NA,NA,NA,NA,NA,NA,NA,NA,2004
US1_2004,118,NA,NA,NA,NA,NA,NA,NA,NA,NA,2004
US1_2004,119,NA,NA,NA,NA,NA,NA,NA,NA,NA,2004
US1_2004,120,NA,NA,NA,NA,NA,NA,NA,NA,NA,2004
US1_2004,121,NA,NA,NA,NA,NA,NA,NA,NA,NA,2004
US1_2004,122,281.483333333333,283.15,279.261111111111,8.23148148148148e-05,NA,NA,3.173984,NA,2968065-03-19,2004
US1_2004,123,282.594444444444,286.483333333333,278.15,1.17592592592593e-05,NA,NA,1.922272,NA,2968301-10-09,2004
US1_2004,124,281.483333333333,286.483333333333,276.483333333333,0,NA,NA,1.430528,NA,2968538-04-29,2004
US1_2004,125,283.705555555556,289.261111111111,277.594444444444,8.81944444444444e-06,NA,NA,3.3528,NA,2968774-11-18,2004
US1_2004,126,289.261111111111,297.038888888889,281.483333333333,0,NA,NA,1.519936,NA,2969011-06-09,2004
US1_2004,127,294.816666666667,303.705555555556,285.372222222222,0,NA,NA,3.12928,NA,2969247-12-28,2004
US1_2004,128,290.927777777778,296.483333333333,284.816666666667,0,NA,NA,2.548128,NA,2969484-07-18,2004
US1_2004,129,293.705555555556,303.15,283.705555555556,0,NA,NA,2.45872,NA,2969721-02-06,2004
US1_2004,130,295.927777777778,303.15,288.15,0,NA,NA,3.12928,NA,2969957-08-28,2004
US1_2004,131,297.038888888889,302.038888888889,291.483333333333,5.87962962962963e-05,NA,NA,2.995168,NA,2970194-03-18,2004
US1_2004,132,296.483333333333,302.038888888889,290.372222222222,3.2337962962963e-05,NA,NA,2.414016,NA,2970430-10-07,2004
US1_2004,133,296.483333333333,302.594444444444,289.816666666667,0.000123472222222222,NA,NA,3.263392,NA,2970667-04-28,2004
US1_2004,134,294.816666666667,298.15,290.927777777778,0.000214606481481481,NA,NA,2.101088,NA,2970903-11-17,2004
US1_2004,135,289.816666666667,295.372222222222,283.705555555556,0.000170509259259259,NA,NA,1.877568,NA,2971140-06-07,2004
US1_2004,136,285.927777777778,288.15,283.15,0,NA,NA,1.385824,NA,2971376-12-26,2004
US1_2004,137,288.15,295.372222222222,280.372222222222,0,NA,NA,1.296416,NA,2971613-07-17,2004
US1_2004,138,293.705555555556,300.372222222222,286.483333333333,1.46990740740741e-05,NA,NA,2.90576,NA,2971850-02-05,2004
US1_2004,139,294.261111111111,300.372222222222,287.594444444444,0.000338078703703704,NA,NA,1.966976,NA,2972086-08-26,2004
US1_2004,140,292.038888888889,299.261111111111,284.816666666667,0,NA,NA,1.609344,NA,2972323-03-18,2004
US1_2004,141,297.038888888889,300.372222222222,293.15,0,NA,NA,2.548128,NA,2972559-10-06,2004
US1_2004,142,299.261111111111,303.705555555556,294.261111111111,0,NA,NA,2.816352,NA,2972796-04-26,2004
US1_2004,143,298.15,302.594444444444,293.705555555556,0,NA,NA,3.755136,NA,2973032-11-15,2004
US1_2004,144,294.816666666667,297.594444444444,291.483333333333,5.87962962962963e-06,NA,NA,3.844544,NA,2973269-06-05,2004
US1_2004,145,293.15,300.372222222222,285.927777777778,0,NA,NA,1.743456,NA,2973505-12-26,2004
US1_2004,146,292.038888888889,295.372222222222,288.705555555556,0.000185208333333333,NA,NA,2.145792,NA,2973742-07-16,2004
US1_2004,147,290.927777777778,294.816666666667,286.483333333333,8.81944444444444e-06,NA,NA,1.385824,NA,2973979-02-04,2004
US1_2004,148,295.372222222222,302.038888888889,288.15,NA,NA,NA,2.190496,NA,2974215-08-26,2004
US1_2004,149,290.927777777778,296.483333333333,284.816666666667,0,NA,NA,1.743456,NA,2974452-03-15,2004
US1_2004,150,291.483333333333,299.816666666667,282.594444444444,0,NA,NA,2.145792,NA,2974688-10-04,2004
US1_2004,151,297.038888888889,302.594444444444,290.927777777778,7.64351851851852e-05,NA,NA,3.173984,NA,2974925-04-25,2004
US1_2004,152,292.038888888889,297.038888888889,287.038888888889,8.81944444444444e-06,NA,NA,4.738624,NA,2975161-11-14,2004
US1_2004,153,292.594444444444,299.816666666667,285.372222222222,NA,NA,NA,3.173984,NA,2975398-06-04,2004
US1_2004,154,290.372222222222,294.816666666667,285.927777777778,3.52777777777778e-05,NA,NA,2.145792,NA,2975634-12-24,2004
US1_2004,155,290.927777777778,296.483333333333,284.816666666667,0,NA,NA,1.78816,NA,2975871-07-15,2004
US1_2004,156,290.927777777778,298.705555555556,282.594444444444,0,NA,NA,1.1176,NA,2976108-02-03,2004
US1_2004,157,293.705555555556,299.261111111111,287.594444444444,0,NA,NA,1.1176,NA,2976344-08-24,2004
US1_2004,158,295.927777777778,301.483333333333,289.816666666667,NA,NA,NA,1.832864,NA,2976581-03-14,2004
US1_2004,159,296.483333333333,303.705555555556,288.705555555556,0,NA,NA,2.592832,NA,2976817-10-03,2004
US1_2004,160,300.372222222222,305.927777777778,294.261111111111,0,NA,NA,2.995168,NA,2977054-04-24,2004
US1_2004,161,297.038888888889,299.816666666667,293.705555555556,1.17592592592593e-05,NA,NA,2.369312,NA,2977290-11-12,2004
US1_2004,162,295.927777777778,298.15,293.15,0.000649699074074074,NA,NA,1.162304,NA,2977527-06-04,2004
US1_2004,163,299.261111111111,304.261111111111,294.261111111111,6.76157407407407e-05,NA,NA,1.877568,NA,2977763-12-23,2004
US1_2004,164,299.261111111111,305.372222222222,293.15,5.87962962962963e-06,NA,NA,1.877568,NA,2978000-07-13,2004
US1_2004,165,297.038888888889,302.038888888889,292.038888888889,0,NA,NA,2.548128,NA,2978237-02-01,2004
US1_2004,166,297.594444444444,303.705555555556,290.927777777778,0,NA,NA,1.654048,NA,2978473-08-22,2004
US1_2004,167,297.038888888889,301.483333333333,292.594444444444,0.000117592592592593,NA,NA,1.072896,NA,2978710-03-14,2004
US1_2004,168,298.15,301.483333333333,294.261111111111,0.000123472222222222,NA,NA,1.251712,NA,2978946-10-02,2004
US1_2004,169,298.15,301.483333333333,294.261111111111,0,NA,NA,2.2352,NA,2979183-04-23,2004
US1_2004,170,297.038888888889,301.483333333333,292.038888888889,0,NA,NA,1.296416,NA,2979419-11-12,2004
US1_2004,171,289.261111111111,294.261111111111,284.261111111111,0,NA,NA,2.101088,NA,2979656-06-01,2004
US1_2004,172,289.261111111111,295.927777777778,282.594444444444,2.93981481481481e-06,NA,NA,1.207008,NA,2979892-12-21,2004
US1_2004,173,291.483333333333,296.483333333333,286.483333333333,2.93981481481481e-06,NA,NA,1.78816,NA,2980129-07-12,2004
US1_2004,174,290.927777777778,295.927777777778,285.927777777778,0,NA,NA,1.207008,NA,2980366-01-31,2004
US1_2004,175,292.038888888889,299.816666666667,283.705555555556,0,NA,NA,1.966976,NA,2980602-08-22,2004
US1_2004,176,293.705555555556,300.372222222222,286.483333333333,1.76388888888889e-05,NA,NA,2.279904,NA,2980839-03-12,2004
US1_2004,177,288.705555555556,294.261111111111,282.594444444444,7.05555555555555e-05,NA,NA,1.519936,NA,2981075-10-01,2004
US1_2004,178,290.927777777778,297.594444444444,284.261111111111,0,NA,NA,1.654048,NA,2981312-04-21,2004
US1_2004,179,292.038888888889,298.705555555556,285.372222222222,2.93981481481481e-06,NA,NA,1.78816,NA,2981548-11-10,2004
US1_2004,180,293.15,298.15,287.594444444444,0,NA,NA,1.1176,NA,2981785-05-31,2004
US1_2004,181,292.038888888889,299.261111111111,284.816666666667,0,NA,NA,0.849376,NA,2982021-12-20,2004
US1_2004,182,293.705555555556,300.927777777778,286.483333333333,0,NA,NA,0.67056,NA,2982258-07-11,2004
US1_2004,183,295.927777777778,303.705555555556,288.705555555556,0,NA,NA,0.625856,NA,2982495-01-29,2004
US1_2004,184,296.483333333333,302.038888888889,290.372222222222,2.93981481481481e-05,NA,NA,1.207008,NA,2982731-08-21,2004
US1_2004,185,296.483333333333,299.261111111111,293.705555555556,0.000229305555555556,NA,NA,2.101088,NA,2982968-03-10,2004
US1_2004,186,297.594444444444,301.483333333333,293.705555555556,1.76388888888889e-05,NA,NA,2.726944,NA,2983204-09-29,2004
US1_2004,187,297.038888888889,302.038888888889,291.483333333333,5.87962962962963e-06,NA,NA,1.56464,NA,2983441-04-20,2004
US1_2004,188,297.594444444444,302.594444444444,292.038888888889,0.00032337962962963,NA,NA,2.414016,NA,2983677-11-08,2004
US1_2004,189,292.594444444444,296.483333333333,288.705555555556,NA,NA,NA,2.45872,NA,2983914-05-31,2004
US1_2004,190,292.594444444444,297.038888888889,287.594444444444,NA,NA,NA,0.849376,NA,2984150-12-19,2004
US1_2004,191,298.705555555556,305.372222222222,292.038888888889,5.87962962962963e-05,NA,NA,1.34112,NA,2984387-07-10,2004
US1_2004,192,298.15,302.594444444444,293.15,0.000388055555555556,NA,NA,0.938784,NA,2984624-01-29,2004
US1_2004,193,298.705555555556,303.705555555556,293.705555555556,1.46990740740741e-05,NA,NA,1.519936,NA,2984860-08-18,2004
US1_2004,194,298.705555555556,303.705555555556,293.705555555556,NA,NA,NA,2.145792,NA,2985097-03-09,2004
US1_2004,195,298.705555555556,305.372222222222,292.038888888889,0.000176388888888889,NA,NA,1.475232,NA,2985333-09-28,2004
US1_2004,196,295.927777777778,300.372222222222,290.927777777778,0,NA,NA,1.56464,NA,2985570-04-19,2004
US1_2004,197,295.927777777778,301.483333333333,290.372222222222,0,NA,NA,0.983488,NA,2985806-11-08,2004
US1_2004,198,295.927777777778,301.483333333333,289.816666666667,0,NA,NA,1.162304,NA,2986043-05-29,2004
US1_2004,199,294.816666666667,299.261111111111,290.372222222222,0.000293981481481481,NA,NA,1.698752,NA,2986279-12-18,2004
US1_2004,200,294.816666666667,300.372222222222,289.261111111111,0,NA,NA,1.207008,NA,2986516-07-08,2004
US1_2004,201,295.372222222222,301.483333333333,288.705555555556,0,NA,NA,1.162304,NA,2986753-01-27,2004
US1_2004,202,297.038888888889,303.705555555556,290.372222222222,0,NA,NA,1.519936,NA,2986989-08-17,2004
US1_2004,203,299.816666666667,305.372222222222,293.705555555556,0,NA,NA,1.877568,NA,2987226-03-08,2004
US1_2004,204,299.816666666667,303.15,295.927777777778,5.87962962962963e-06,NA,NA,1.162304,NA,2987462-09-27,2004
US1_2004,205,294.261111111111,299.261111111111,289.261111111111,0,NA,NA,2.2352,NA,2987699-04-17,2004
US1_2004,206,292.038888888889,295.927777777778,287.594444444444,0,NA,NA,1.922272,NA,2987935-11-07,2004
US1_2004,207,292.038888888889,295.372222222222,288.705555555556,NA,NA,NA,1.698752,NA,2988172-05-27,2004
US1_2004,208,291.483333333333,296.483333333333,286.483333333333,0,NA,NA,1.519936,NA,2988408-12-16,2004
US1_2004,209,292.038888888889,299.261111111111,284.816666666667,0,NA,NA,0.983488,NA,2988645-07-07,2004
US1_2004,210,294.816666666667,300.927777777778,288.15,0,NA,NA,0.89408,NA,2988882-01-25,2004
US1_2004,211,294.816666666667,300.927777777778,288.15,0,NA,NA,0.89408,NA,2989118-08-17,2004
US1_2004,212,294.261111111111,296.483333333333,291.483333333333,0.000141111111111111,NA,NA,0.759968,NA,2989355-03-07,2004
US1_2004,213,296.483333333333,301.483333333333,290.927777777778,0,NA,NA,1.56464,NA,2989591-09-26,2004
US1_2004,214,296.483333333333,303.705555555556,289.261111111111,0,NA,NA,0.849376,NA,2989828-04-16,2004
US1_2004,215,297.038888888889,302.594444444444,291.483333333333,NA,NA,NA,1.162304,NA,2990064-11-04,2004
US1_2004,216,297.594444444444,304.261111111111,290.372222222222,0,NA,NA,0.89408,NA,2990301-05-27,2004
US1_2004,217,296.483333333333,301.483333333333,291.483333333333,4.40972222222222e-05,NA,NA,2.01168,NA,2990537-12-15,2004
US1_2004,218,292.038888888889,297.038888888889,287.038888888889,0,NA,NA,2.324608,NA,2990774-07-06,2004
US1_2004,219,290.927777777778,297.038888888889,284.816666666667,0,NA,NA,1.296416,NA,2991011-01-25,2004
US1_2004,220,290.927777777778,298.15,283.705555555556,0,NA,NA,0.581152,NA,2991247-08-15,2004
US1_2004,221,293.15,300.372222222222,285.372222222222,0,NA,NA,0.938784,NA,2991484-03-05,2004
US1_2004,222,295.927777777778,302.594444444444,288.705555555556,0.000252824074074074,NA,NA,2.01168,NA,2991720-09-24,2004
US1_2004,223,291.483333333333,295.372222222222,287.594444444444,0,NA,NA,2.324608,NA,2991957-04-15,2004
US1_2004,224,288.15,293.15,283.15,0,NA,NA,2.2352,NA,2992193-11-03,2004
US1_2004,225,287.038888888889,292.038888888889,282.038888888889,NA,NA,NA,1.207008,NA,2992430-05-25,2004
US1_2004,226,289.816666666667,295.372222222222,283.705555555556,0,NA,NA,0.849376,NA,2992666-12-14,2004
US1_2004,227,289.261111111111,295.927777777778,282.038888888889,0,NA,NA,0.849376,NA,2992903-07-05,2004
US1_2004,228,290.927777777778,297.594444444444,283.705555555556,0,NA,NA,0.715264,NA,2993140-01-24,2004
US1_2004,229,291.483333333333,299.261111111111,283.705555555556,0,NA,NA,1.028192,NA,2993376-08-13,2004
US1_2004,230,293.705555555556,301.483333333333,285.927777777778,0,NA,NA,1.832864,NA,2993613-03-04,2004
US1_2004,231,295.927777777778,302.038888888889,289.816666666667,1.46990740740741e-05,NA,NA,1.78816,NA,2993849-09-23,2004
US1_2004,232,293.15,295.372222222222,290.927777777778,0,NA,NA,0.759968,NA,2994086-04-13,2004
US1_2004,233,289.816666666667,293.15,285.927777777778,0.000129351851851852,NA,NA,1.296416,NA,2994322-11-03,2004
US1_2004,234,291.483333333333,298.705555555556,284.261111111111,0,NA,NA,0.849376,NA,2994559-05-24,2004
US1_2004,235,293.15,300.927777777778,285.372222222222,0,NA,NA,1.34112,NA,2994795-12-13,2004
US1_2004,236,295.372222222222,303.15,287.594444444444,NA,NA,NA,1.028192,NA,2995032-07-03,2004
US1_2004,237,297.594444444444,303.15,292.038888888889,3.2337962962963e-05,NA,NA,1.922272,NA,2995269-01-21,2004
US1_2004,238,294.816666666667,297.038888888889,292.038888888889,0.000314560185185185,NA,NA,1.832864,NA,2995505-08-13,2004
US1_2004,239,297.594444444444,302.594444444444,292.594444444444,2.93981481481481e-05,NA,NA,2.950464,NA,2995742-03-03,2004
US1_2004,240,299.261111111111,303.15,294.816666666667,0.000105833333333333,NA,NA,2.279904,NA,2995978-09-22,2004
US1_2004,241,297.594444444444,302.594444444444,292.038888888889,7.9375e-05,NA,NA,1.251712,NA,2996215-04-13,2004
US1_2004,242,290.372222222222,293.705555555556,287.038888888889,5.29166666666667e-05,NA,NA,1.519936,NA,2996451-11-01,2004
US1_2004,243,292.038888888889,298.705555555556,284.816666666667,0,NA,NA,0.715264,NA,2996688-05-22,2004
US1_2004,244,294.261111111111,300.927777777778,287.594444444444,0,NA,NA,0.759968,NA,2996924-12-11,2004
US1_2004,245,295.372222222222,303.705555555556,288.15,0,NA,NA,0.581152,NA,2997161-07-02,2004
US1_2004,246,295.927777777778,302.038888888889,289.261111111111,0,NA,NA,0.759968,NA,2997398-01-20,2004
US1_2004,247,297.038888888889,302.594444444444,290.927777777778,0,NA,NA,0.67056,NA,2997634-08-11,2004
US1_2004,248,297.594444444444,304.261111111111,290.372222222222,0,NA,NA,0.44704,NA,2997871-03-02,2004
US1_2004,249,297.594444444444,304.261111111111,290.927777777778,0,NA,NA,1.162304,NA,2998107-09-21,2004
US1_2004,250,296.483333333333,301.483333333333,290.927777777778,0,NA,NA,2.01168,NA,2998344-04-11,2004
US1_2004,251,292.594444444444,298.15,287.038888888889,NA,NA,NA,2.190496,NA,2998580-10-30,2004
US1_2004,252,292.038888888889,297.038888888889,286.483333333333,0,NA,NA,2.726944,NA,2998817-05-21,2004
US1_2004,253,292.594444444444,299.261111111111,285.372222222222,0,NA,NA,1.385824,NA,2999053-12-10,2004
US1_2004,254,293.705555555556,302.038888888889,285.372222222222,0,NA,NA,0.491744,NA,2999290-06-30,2004
US1_2004,255,294.261111111111,302.038888888889,285.927777777778,0,NA,NA,0.536448,NA,2999527-01-20,2004
US1_2004,256,294.816666666667,303.15,286.483333333333,0,NA,NA,0.581152,NA,2999763-08-10,2004
US1_2004,257,295.927777777778,304.261111111111,287.594444444444,0,NA,NA,1.34112,NA,3000000-02-29,2004
US1_2004,258,295.372222222222,301.483333333333,289.261111111111,0,NA,NA,1.519936,NA,3000236-09-19,2004
US1_2004,259,296.483333333333,302.594444444444,289.816666666667,0.00064087962962963,NA,NA,2.726944,NA,3000473-04-09,2004
US1_2004,260,294.261111111111,299.816666666667,288.705555555556,2.93981481481481e-06,NA,NA,1.654048,NA,3000709-10-30,2004
US1_2004,261,291.483333333333,297.594444444444,285.372222222222,0,NA,NA,2.279904,NA,3000946-05-20,2004
US1_2004,262,292.594444444444,300.372222222222,284.261111111111,0,NA,NA,0.715264,NA,3001182-12-09,2004
US1_2004,263,293.15,299.816666666667,285.927777777778,0,NA,NA,1.028192,NA,3001419-06-30,2004
US1_2004,264,292.594444444444,300.927777777778,283.705555555556,0,NA,NA,1.072896,NA,3001656-01-18,2004
US1_2004,265,293.15,302.594444444444,283.705555555556,0,NA,NA,0.983488,NA,3001892-08-08,2004
US1_2004,266,293.705555555556,303.15,283.705555555556,0,NA,NA,0.625856,NA,3002129-02-27,2004
US1_2004,267,294.816666666667,303.15,286.483333333333,0,NA,NA,1.385824,NA,3002365-09-18,2004
US1_2004,268,295.372222222222,302.038888888889,288.15,0,NA,NA,1.072896,NA,3002602-04-09,2004
US1_2004,269,293.15,299.261111111111,287.038888888889,0,NA,NA,1.430528,NA,3002838-10-28,2004
US1_2004,270,289.816666666667,296.483333333333,283.15,0,NA,NA,1.1176,NA,3003075-05-19,2004
US1_2004,271,290.927777777778,297.038888888889,284.261111111111,0,NA,NA,1.34112,NA,3003311-12-08,2004
US1_2004,272,289.261111111111,294.816666666667,283.705555555556,0,NA,NA,2.2352,NA,3003548-06-28,2004
US1_2004,273,288.15,294.816666666667,281.483333333333,0,NA,NA,1.34112,NA,3003785-01-16,2004
US1_2004,274,288.705555555556,297.594444444444,279.261111111111,0,NA,NA,0.536448,NA,3004021-08-07,2004
US1_2004,275,289.816666666667,298.15,280.927777777778,0,NA,NA,2.101088,NA,3004258-02-26,2004
US1_2004,276,283.15,289.261111111111,276.483333333333,1.17592592592593e-05,NA,NA,1.698752,NA,3004494-09-16,2004
US1_2004,277,284.261111111111,295.372222222222,272.594444444444,0,NA,NA,1.654048,NA,3004731-04-08,2004
US1_2004,278,283.15,289.261111111111,277.038888888889,0,NA,NA,1.78816,NA,3004967-10-27,2004
US1_2004,279,282.594444444444,290.372222222222,274.261111111111,0,NA,NA,0.536448,NA,3005204-05-17,2004
US1_2004,280,286.483333333333,297.594444444444,275.372222222222,0,NA,NA,0.581152,NA,3005440-12-06,2004
US1_2004,281,289.261111111111,300.372222222222,278.15,0,NA,NA,1.34112,NA,3005677-06-26,2004
US1_2004,282,291.483333333333,293.15,289.816666666667,0,NA,NA,2.726944,NA,3005914-01-16,2004
US1_2004,283,289.816666666667,295.927777777778,283.705555555556,6.76157407407407e-05,NA,NA,1.430528,NA,3006150-08-06,2004
US1_2004,284,287.594444444444,294.261111111111,280.372222222222,0,NA,NA,1.609344,NA,3006387-02-25,2004
US1_2004,285,286.483333333333,292.594444444444,279.816666666667,0,NA,NA,1.609344,NA,3006623-09-16,2004
US1_2004,286,284.261111111111,285.927777777778,282.038888888889,0,NA,NA,1.609344,NA,3006860-04-05,2004
US1_2004,287,283.15,285.927777777778,279.816666666667,4.99768518518519e-05,NA,NA,1.34112,NA,3007096-10-25,2004
US1_2004,288,282.038888888889,285.372222222222,278.15,8.81944444444444e-06,NA,NA,1.1176,NA,3007333-05-16,2004
US1_2004,289,283.705555555556,286.483333333333,280.372222222222,3.82175925925926e-05,NA,NA,3.084576,NA,3007569-12-05,2004
US1_2004,290,279.261111111111,284.261111111111,273.705555555556,NA,NA,NA,4.068064,NA,3007806-06-26,2004
US1_2004,291,280.372222222222,288.705555555556,271.483333333333,0,NA,NA,1.519936,NA,3008043-01-14,2004
US1_2004,292,281.483333333333,283.15,279.261111111111,0.000182268518518519,NA,NA,1.877568,NA,3008279-08-05,2004
US1_2004,293,282.038888888889,283.705555555556,279.816666666667,0.000185208333333333,NA,NA,1.832864,NA,3008516-02-24,2004
US1_2004,294,284.816666666667,286.483333333333,282.594444444444,2.93981481481481e-06,NA,NA,1.743456,NA,3008752-09-14,2004
US1_2004,295,284.816666666667,288.15,281.483333333333,0,NA,NA,1.028192,NA,3008989-04-04,2004
US1_2004,296,287.038888888889,292.594444444444,280.927777777778,0,NA,NA,1.922272,NA,3009225-10-24,2004
US1_2004,297,291.483333333333,297.594444444444,284.816666666667,0.000123472222222222,NA,NA,3.12928,NA,3009462-05-15,2004
US1_2004,298,285.927777777778,293.15,278.705555555556,4.7037037037037e-05,NA,NA,1.072896,NA,3009698-12-03,2004
US1_2004,299,289.261111111111,298.705555555556,279.816666666667,0,NA,NA,0.938784,NA,3009935-06-25,2004
US1_2004,300,287.594444444444,291.483333333333,283.15,0,NA,NA,1.475232,NA,3010172-01-13,2004
US1_2004,301,285.927777777778,288.15,283.15,0.000208726851851852,NA,NA,1.251712,NA,3010408-08-03,2004
US1_2004,302,287.038888888889,291.483333333333,282.594444444444,2.93981481481481e-06,NA,NA,1.78816,NA,3010645-02-22,2004
US1_2004,303,295.372222222222,299.816666666667,290.927777777778,7.34953703703704e-05,NA,NA,4.24688,NA,3010881-09-12,2004
US1_2004,304,287.594444444444,294.261111111111,280.927777777778,8.81944444444444e-05,NA,NA,5.453888,NA,3011118-04-04,2004
US1_2004,305,285.372222222222,292.038888888889,278.705555555556,0,NA,NA,1.519936,NA,3011354-10-23,2004
US1_2005,1,NA,NA,NA,NA,NA,NA,NA,NA,NA,2005
US1_2005,2,NA,NA,NA,NA,NA,NA,NA,NA,NA,2005
US1_2005,3,NA,NA,NA,NA,NA,NA,NA,NA,NA,2005
US1_2005,4,NA,NA,NA,NA,NA,NA,NA,NA,NA,2005
US1_2005,5,NA,NA,NA,NA,NA,NA,NA,NA,NA,2005
US1_2005,6,NA,NA,NA,NA,NA,NA,NA,NA,NA,2005
US1_2005,7,NA,NA,NA,NA,NA,NA,NA,NA,NA,2005
US1_2005,8,NA,NA,NA,NA,NA,NA,NA,NA,NA,2005
US1_2005,9,NA,NA,NA,NA,NA,NA,NA,NA,NA,2005
US1_2005,10,NA,NA,NA,NA,NA,NA,NA,NA,NA,2005
US1_2005,11,NA,NA,NA,NA,NA,NA,NA,NA,NA,2005
US1_2005,12,NA,NA,NA,NA,NA,NA,NA,NA,NA,2005
US1_2005,13,NA,NA,NA,NA,NA,NA,NA,NA,NA,2005
US1_2005,14,NA,NA,NA,NA,NA,NA,NA,NA,NA,2005
US1_2005,15,NA,NA,NA,NA,NA,NA,NA,NA,NA,2005
US1_2005,16,NA,NA,NA,NA,NA,NA,NA,NA,NA,2005
US1_2005,17,NA,NA,NA,NA,NA,NA,NA,NA,NA,2005
US1_2005,18,NA,NA,NA,NA,NA,NA,NA,NA,NA,2005
US1_2005,19,NA,NA,NA,NA,NA,NA,NA,NA,NA,2005
US1_2005,20,NA,NA,NA,NA,NA,NA,NA,NA,NA,2005
US1_2005,21,NA,NA,NA,NA,NA,NA,NA,NA,NA,2005
US1_2005,22,NA,NA,NA,NA,NA,NA,NA,NA,NA,2005
US1_2005,23,NA,NA,NA,NA,NA,NA,NA,NA,NA,2005
US1_2005,24,NA,NA,NA,NA,NA,NA,NA,NA,NA,2005
US1_2005,25,NA,NA,NA,NA,NA,NA,NA,NA,NA,2005
US1_2005,26,NA,NA,NA,NA,NA,NA,NA,NA,NA,2005
US1_2005,27,NA,NA,NA,NA,NA,NA,NA,NA,NA,2005
US1_2005,28,NA,NA,NA,NA,NA,NA,NA,NA,NA,2005
US1_2005,29,NA,NA,NA,NA,NA,NA,NA,NA,NA,2005
US1_2005,30,NA,NA,NA,NA,NA,NA,NA,NA,NA,2005
US1_2005,31,NA,NA,NA,NA,NA,NA,NA,NA,NA,2005
US1_2005,32,NA,NA,NA,NA,NA,NA,NA,NA,NA,2005
US1_2005,33,NA,NA,NA,NA,NA,NA,NA,NA,NA,2005
US1_2005,34,NA,NA,NA,NA,NA,NA,NA,NA,NA,2005
US1_2005,35,NA,NA,NA,NA,NA,NA,NA,NA,NA,2005
US1_2005,36,NA,NA,NA,NA,NA,NA,NA,NA,NA,2005
US1_2005,37,NA,NA,NA,NA,NA,NA,NA,NA,NA,2005
US1_2005,38,NA,NA,NA,NA,NA,NA,NA,NA,NA,2005
US1_2005,39,NA,NA,NA,NA,NA,NA,NA,NA,NA,2005
US1_2005,40,NA,NA,NA,NA,NA,NA,NA,NA,NA,2005
US1_2005,41,NA,NA,NA,NA,NA,NA,NA,NA,NA,2005
US1_2005,42,NA,NA,NA,NA,NA,NA,NA,NA,NA,2005
US1_2005,43,NA,NA,NA,NA,NA,NA,NA,NA,NA,2005
US1_2005,44,NA,NA,NA,NA,NA,NA,NA,NA,NA,2005
US1_2005,45,NA,NA,NA,NA,NA,NA,NA,NA,NA,2005
US1_2005,46,NA,NA,NA,NA,NA,NA,NA,NA,NA,2005
US1_2005,47,NA,NA,NA,NA,NA,NA,NA,NA,NA,2005
US1_2005,48,NA,NA,NA,NA,NA,NA,NA,NA,NA,2005
US1_2005,49,NA,NA,NA,NA,NA,NA,NA,NA,NA,2005
US1_2005,50,NA,NA,NA,NA,NA,NA,NA,NA,NA,2005
US1_2005,51,NA,NA,NA,NA,NA,NA,NA,NA,NA,2005
US1_2005,52,NA,NA,NA,NA,NA,NA,NA,NA,NA,2005
US1_2005,53,NA,NA,NA,NA,NA,NA,NA,NA,NA,2005
US1_2005,54,NA,NA,NA,NA,NA,NA,NA,NA,NA,2005
US1_2005,55,NA,NA,NA,NA,NA,NA,NA,NA,NA,2005
US1_2005,56,NA,NA,NA,NA,NA,NA,NA,NA,NA,2005
US1_2005,57,NA,NA,NA,NA,NA,NA,NA,NA,NA,2005
US1_2005,58,NA,NA,NA,NA,NA,NA,NA,NA,NA,2005
US1_2005,59,NA,NA,NA,NA,NA,NA,NA,NA,NA,2005
US1_2005,60,NA,NA,NA,NA,NA,NA,NA,NA,NA,2005
US1_2005,61,NA,NA,NA,NA,NA,NA,NA,NA,NA,2005
US1_2005,62,NA,NA,NA,NA,NA,NA,NA,NA,NA,2005
US1_2005,63,NA,NA,NA,NA,NA,NA,NA,NA,NA,2005
US1_2005,64,NA,NA,NA,NA,NA,NA,NA,NA,NA,2005
US1_2005,65,NA,NA,NA,NA,NA,NA,NA,NA,NA,2005
US1_2005,66,NA,NA,NA,NA,NA,NA,NA,NA,NA,2005
US1_2005,67,NA,NA,NA,NA,NA,NA,NA,NA,NA,2005
US1_2005,68,NA,NA,NA,NA,NA,NA,NA,NA,NA,2005
US1_2005,69,NA,NA,NA,NA,NA,NA,NA,NA,NA,2005
US1_2005,70,NA,NA,NA,NA,NA,NA,NA,NA,NA,2005
US1_2005,71,NA,NA,NA,NA,NA,NA,NA,NA,NA,2005
US1_2005,72,NA,NA,NA,NA,NA,NA,NA,NA,NA,2005
US1_2005,73,NA,NA,NA,NA,NA,NA,NA,NA,NA,2005
US1_2005,74,NA,NA,NA,NA,NA,NA,NA,NA,NA,2005
US1_2005,75,NA,NA,NA,NA,NA,NA,NA,NA,NA,2005
US1_2005,76,NA,NA,NA,NA,NA,NA,NA,NA,NA,2005
US1_2005,77,NA,NA,NA,NA,NA,NA,NA,NA,NA,2005
US1_2005,78,NA,NA,NA,NA,NA,NA,NA,NA,NA,2005
US1_2005,79,NA,NA,NA,NA,NA,NA,NA,NA,NA,2005
US1_2005,80,NA,NA,NA,NA,NA,NA,NA,NA,NA,2005
US1_2005,81,NA,NA,NA,NA,NA,NA,NA,NA,NA,2005
US1_2005,82,NA,NA,NA,NA,NA,NA,NA,NA,NA,2005
US1_2005,83,NA,NA,NA,NA,NA,NA,NA,NA,NA,2005
US1_2005,84,NA,NA,NA,NA,NA,NA,NA,NA,NA,2005
US1_2005,85,NA,NA,NA,NA,NA,NA,NA,NA,NA,2005
US1_2005,86,NA,NA,NA,NA,NA,NA,NA,NA,NA,2005
US1_2005,87,NA,NA,NA,NA,NA,NA,NA,NA,NA,2005
US1_2005,88,NA,NA,NA,NA,NA,NA,NA,NA,NA,2005
US1_2005,89,NA,NA,NA,NA,NA,NA,NA,NA,NA,2005
US1_2005,90,NA,NA,NA,NA,NA,NA,NA,NA,NA,2005
US1_2005,91,NA,NA,NA,NA,NA,NA,NA,NA,NA,2005
US1_2005,92,NA,NA,NA,NA,NA,NA,NA,NA,NA,2005
US1_2005,93,NA,NA,NA,NA,NA,NA,NA,NA,NA,2005
US1_2005,94,NA,NA,NA,NA,NA,NA,NA,NA,NA,2005
US1_2005,95,NA,NA,NA,NA,NA,NA,NA,NA,NA,2005
US1_2005,96,NA,NA,NA,NA,NA,NA,NA,NA,NA,2005
US1_2005,97,NA,NA,NA,NA,NA,NA,NA,NA,NA,2005
US1_2005,98,NA,NA,NA,NA,NA,NA,NA,NA,NA,2005
US1_2005,99,NA,NA,NA,NA,NA,NA,NA,NA,NA,2005
US1_2005,100,NA,NA,NA,NA,NA,NA,NA,NA,NA,2005
US1_2005,101,NA,NA,NA,NA,NA,NA,NA,NA,NA,2005
US1_2005,102,NA,NA,NA,NA,NA,NA,NA,NA,NA,2005
US1_2005,103,NA,NA,NA,NA,NA,NA,NA,NA,NA,2005
US1_2005,104,NA,NA,NA,NA,NA,NA,NA,NA,NA,2005
US1_2005,105,NA,NA,NA,NA,NA,NA,NA,NA,NA,2005
US1_2005,106,NA,NA,NA,NA,NA,NA,NA,NA,NA,2005
US1_2005,107,NA,NA,NA,NA,NA,NA,NA,NA,NA,2005
US1_2005,108,NA,NA,NA,NA,NA,NA,NA,NA,NA,2005
US1_2005,109,NA,NA,NA,NA,NA,NA,NA,NA,NA,2005
US1_2005,110,NA,NA,NA,NA,NA,NA,NA,NA,NA,2005
US1_2005,111,NA,NA,NA,NA,NA,NA,NA,NA,NA,2005
US1_2005,112,NA,NA,NA,NA,NA,NA,NA,NA,NA,2005
US1_2005,113,NA,NA,NA,NA,NA,NA,NA,NA,NA,2005
US1_2005,114,NA,NA,NA,NA,NA,NA,NA,NA,NA,2005
US1_2005,115,NA,NA,NA,NA,NA,NA,NA,NA,NA,2005
US1_2005,116,NA,NA,NA,NA,NA,NA,NA,NA,NA,2005
US1_2005,117,NA,NA,NA,NA,NA,NA,NA,NA,NA,2005
US1_2005,118,NA,NA,NA,NA,NA,NA,NA,NA,NA,2005
US1_2005,119,NA,NA,NA,NA,NA,NA,NA,NA,NA,2005
US1_2005,120,NA,NA,NA,NA,NA,NA,NA,NA,NA,2005
US1_2005,121,280.372222222222,286.483333333333,274.261111111111,NA,NA,NA,3.308096,NA,3054407-11-07,2005
US1_2005,122,278.15,282.594444444444,273.705555555556,0,NA,NA,2.861056,NA,3054644-05-28,2005
US1_2005,123,280.372222222222,287.594444444444,272.594444444444,0,NA,NA,1.743456,NA,3054880-12-16,2005
US1_2005,124,282.038888888889,291.483333333333,272.594444444444,0,NA,NA,0.759968,NA,3055117-07-08,2005
US1_2005,125,285.927777777778,294.261111111111,277.594444444444,0,NA,NA,1.072896,NA,3055354-01-26,2005
US1_2005,126,288.705555555556,297.594444444444,279.816666666667,0,NA,NA,2.01168,NA,3055590-08-17,2005
US1_2005,127,293.705555555556,301.483333333333,285.372222222222,0,NA,NA,1.922272,NA,3055827-03-08,2005
US1_2005,128,293.15,302.038888888889,283.705555555556,0,NA,NA,2.056384,NA,3056063-09-26,2005
US1_2005,129,293.15,298.15,288.15,NA,NA,NA,2.726944,NA,3056300-04-17,2005
US1_2005,130,295.927777777778,303.705555555556,287.594444444444,NA,NA,NA,2.592832,NA,3056536-11-05,2005
US1_2005,131,293.15,302.594444444444,283.15,0,NA,NA,2.45872,NA,3056773-05-27,2005
US1_2005,132,289.816666666667,295.927777777778,283.705555555556,2.05787037037037e-05,NA,NA,2.056384,NA,3057009-12-16,2005
US1_2005,133,294.261111111111,302.594444444444,285.372222222222,NA,NA,NA,3.3528,NA,3057246-07-06,2005
US1_2005,134,288.705555555556,295.372222222222,281.483333333333,8.81944444444444e-06,NA,NA,2.861056,NA,3057483-01-25,2005
US1_2005,135,284.261111111111,288.705555555556,279.261111111111,2.93981481481481e-06,NA,NA,2.369312,NA,3057719-08-16,2005
US1_2005,136,285.372222222222,292.594444444444,278.15,0,NA,NA,1.1176,NA,3057956-03-06,2005
US1_2005,137,288.705555555556,296.483333333333,280.927777777778,0,NA,NA,1.475232,NA,3058192-09-24,2005
US1_2005,138,291.483333333333,299.816666666667,282.594444444444,0,NA,NA,1.654048,NA,3058429-04-15,2005
US1_2005,139,294.816666666667,301.483333333333,287.594444444444,0.000220486111111111,NA,NA,1.922272,NA,3058665-11-04,2005
US1_2005,140,289.261111111111,292.594444444444,285.927777777778,3.2337962962963e-05,NA,NA,2.01168,NA,3058902-05-26,2005
US1_2005,141,289.816666666667,296.483333333333,283.15,0,NA,NA,0.938784,NA,3059138-12-15,2005
US1_2005,142,294.261111111111,300.927777777778,287.594444444444,0,NA,NA,2.2352,NA,3059375-07-05,2005
US1_2005,143,293.15,300.372222222222,285.372222222222,0,NA,NA,3.3528,NA,3059612-01-24,2005
US1_2005,144,289.816666666667,295.372222222222,284.261111111111,0,NA,NA,2.279904,NA,3059848-08-14,2005
US1_2005,145,289.816666666667,296.483333333333,283.15,0,NA,NA,1.34112,NA,3060085-03-04,2005
US1_2005,146,290.927777777778,298.15,283.705555555556,0,NA,NA,1.698752,NA,3060321-09-24,2005
US1_2005,147,291.483333333333,297.594444444444,284.816666666667,NA,NA,NA,3.12928,NA,3060558-04-14,2005
US1_2005,148,289.816666666667,296.483333333333,283.15,0,NA,NA,2.771648,NA,3060794-11-03,2005
US1_2005,149,290.372222222222,299.816666666667,280.372222222222,0,NA,NA,1.207008,NA,3061031-05-25,2005
US1_2005,150,293.705555555556,299.261111111111,287.594444444444,NA,NA,NA,1.251712,NA,3061267-12-13,2005
US1_2005,151,292.594444444444,300.927777777778,283.705555555556,0,NA,NA,1.028192,NA,3061504-07-04,2005
US1_2005,152,294.261111111111,302.038888888889,286.483333333333,0,NA,NA,1.430528,NA,3061741-01-22,2005
US1_2005,153,291.483333333333,292.594444444444,289.816666666667,NA,NA,NA,0.983488,NA,3061977-08-13,2005
US1_2005,154,293.15,297.038888888889,288.705555555556,2.05787037037037e-05,NA,NA,0.67056,NA,3062214-03-04,2005
US1_2005,155,297.038888888889,305.927777777778,287.594444444444,0,NA,NA,2.01168,NA,3062450-09-22,2005
US1_2005,156,300.927777777778,307.038888888889,294.816666666667,0,NA,NA,3.173984,NA,3062687-04-13,2005
US1_2005,157,298.705555555556,305.372222222222,291.483333333333,0,NA,NA,1.922272,NA,3062923-11-02,2005
US1_2005,158,299.816666666667,308.15,290.927777777778,0,NA,NA,1.78816,NA,3063160-05-23,2005
US1_2005,159,299.261111111111,307.038888888889,291.483333333333,0,NA,NA,1.698752,NA,3063396-12-11,2005
US1_2005,160,298.705555555556,305.372222222222,291.483333333333,5.87962962962963e-06,NA,NA,2.056384,NA,3063633-07-02,2005
US1_2005,161,300.372222222222,306.483333333333,294.261111111111,0,NA,NA,1.654048,NA,3063870-01-21,2005
US1_2005,162,297.038888888889,300.372222222222,293.15,5.58564814814815e-05,NA,NA,2.01168,NA,3064106-08-12,2005
US1_2005,163,295.927777777778,298.15,293.15,1.17592592592593e-05,NA,NA,1.1176,NA,3064343-03-03,2005
US1_2005,164,298.15,305.372222222222,290.372222222222,NA,NA,NA,2.548128,NA,3064579-09-21,2005
US1_2005,165,294.816666666667,299.261111111111,290.372222222222,0.00047625,NA,NA,3.665728,NA,3064816-04-11,2005
US1_2005,166,293.705555555556,299.261111111111,288.15,0,NA,NA,3.3528,NA,3065052-10-31,2005
US1_2005,167,292.594444444444,298.705555555556,285.927777777778,NA,NA,NA,1.207008,NA,3065289-05-21,2005
US1_2005,168,292.038888888889,297.038888888889,287.038888888889,0,NA,NA,1.654048,NA,3065525-12-11,2005
US1_2005,169,291.483333333333,297.038888888889,285.372222222222,0,NA,NA,1.430528,NA,3065762-07-01,2005
US1_2005,170,292.594444444444,299.261111111111,285.927777777778,0,NA,NA,0.89408,NA,3065999-01-20,2005
US1_2005,171,294.816666666667,301.483333333333,287.594444444444,0,NA,NA,0.759968,NA,3066235-08-11,2005
US1_2005,172,295.927777777778,303.705555555556,288.15,0,NA,NA,1.966976,NA,3066472-02-29,2005
US1_2005,173,298.705555555556,304.816666666667,292.038888888889,0,NA,NA,0.983488,NA,3066708-09-20,2005
US1_2005,174,298.15,306.483333333333,289.816666666667,0,NA,NA,1.56464,NA,3066945-04-10,2005
US1_2005,175,300.927777777778,308.15,293.705555555556,0,NA,NA,1.743456,NA,3067181-10-30,2005
US1_2005,176,300.372222222222,307.038888888889,293.705555555556,0,NA,NA,0.983488,NA,3067418-05-21,2005
US1_2005,177,300.927777777778,307.594444444444,293.705555555556,NA,NA,NA,0.804672,NA,3067654-12-09,2005
US1_2005,178,301.483333333333,307.038888888889,295.372222222222,0,NA,NA,0.938784,NA,3067891-06-30,2005
US1_2005,179,300.372222222222,306.483333333333,294.261111111111,NA,NA,NA,1.654048,NA,3068128-01-19,2005
US1_2005,180,300.927777777778,307.038888888889,294.261111111111,0.000141111111111111,NA,NA,0.983488,NA,3068364-08-09,2005
US1_2005,181,300.927777777778,307.038888888889,294.261111111111,NA,NA,NA,2.369312,NA,3068601-02-28,2005
US1_2005,182,295.372222222222,301.483333333333,289.261111111111,0,NA,NA,2.2352,NA,3068837-09-18,2005
US1_2005,183,292.594444444444,298.705555555556,286.483333333333,0,NA,NA,0.938784,NA,3069074-04-09,2005
US1_2005,184,295.927777777778,304.261111111111,287.038888888889,0,NA,NA,1.162304,NA,3069310-10-29,2005
US1_2005,185,298.15,305.927777777778,290.372222222222,0,NA,NA,1.609344,NA,3069547-05-20,2005
US1_2005,186,297.038888888889,302.594444444444,291.483333333333,6.17361111111111e-05,NA,NA,1.34112,NA,3069783-12-08,2005
US1_2005,187,296.483333333333,303.15,289.816666666667,0,NA,NA,0.715264,NA,3070020-06-28,2005
US1_2005,188,297.594444444444,303.705555555556,291.483333333333,NA,NA,NA,1.251712,NA,3070257-01-17,2005
US1_2005,189,297.594444444444,304.261111111111,290.927777777778,NA,NA,NA,1.072896,NA,3070493-08-07,2005
US1_2005,190,298.15,304.816666666667,290.927777777778,0,NA,NA,0.804672,NA,3070730-02-27,2005
US1_2005,191,297.594444444444,305.372222222222,289.816666666667,0,NA,NA,1.072896,NA,3070966-09-17,2005
US1_2005,192,297.594444444444,302.594444444444,292.038888888889,0,NA,NA,1.519936,NA,3071203-04-08,2005
US1_2005,193,296.483333333333,298.705555555556,293.705555555556,0.000208726851851852,NA,NA,1.296416,NA,3071439-10-28,2005
US1_2005,194,297.038888888889,299.816666666667,294.261111111111,0.000111712962962963,NA,NA,1.475232,NA,3071676-05-17,2005
US1_2005,195,299.261111111111,303.705555555556,294.261111111111,0.000105833333333333,NA,NA,1.743456,NA,3071912-12-07,2005
US1_2005,196,298.705555555556,302.594444444444,294.816666666667,2.93981481481481e-05,NA,NA,1.072896,NA,3072149-06-27,2005
US1_2005,197,299.816666666667,304.261111111111,294.816666666667,NA,NA,NA,0.849376,NA,3072386-01-16,2005
US1_2005,198,300.372222222222,305.372222222222,294.816666666667,0,NA,NA,1.654048,NA,3072622-08-07,2005
US1_2005,199,299.816666666667,304.816666666667,294.261111111111,0.000117592592592593,NA,NA,1.922272,NA,3072859-02-25,2005
US1_2005,200,297.594444444444,303.15,292.038888888889,7.64351851851852e-05,NA,NA,0.938784,NA,3073095-09-16,2005
US1_2005,201,300.372222222222,307.038888888889,293.15,0,NA,NA,1.34112,NA,3073332-04-06,2005
US1_2005,202,300.372222222222,307.038888888889,293.15,7.05555555555555e-05,NA,NA,2.90576,NA,3073568-10-26,2005
US1_2005,203,298.15,303.15,293.15,0.000314560185185185,NA,NA,1.028192,NA,3073805-05-17,2005
US1_2005,204,299.261111111111,304.261111111111,293.705555555556,0,NA,NA,1.072896,NA,3074041-12-05,2005
US1_2005,205,302.038888888889,307.594444444444,295.927777777778,0,NA,NA,2.056384,NA,3074278-06-26,2005
US1_2005,206,302.594444444444,308.15,297.038888888889,0,NA,NA,1.966976,NA,3074515-01-15,2005
US1_2005,207,299.816666666667,306.483333333333,293.15,0,NA,NA,2.548128,NA,3074751-08-06,2005
US1_2005,208,293.705555555556,298.15,288.705555555556,0.000167569444444444,NA,NA,1.475232,NA,3074988-02-24,2005
US1_2005,209,292.594444444444,298.705555555556,286.483333333333,0,NA,NA,NA,NA,3075224-09-14,2005
US1_2005,210,294.261111111111,301.483333333333,286.483333333333,0,NA,NA,NA,NA,3075461-04-05,2005
US1_2005,211,297.038888888889,302.594444444444,291.483333333333,0,NA,NA,0.715264,NA,3075697-10-24,2005
US1_2005,212,297.038888888889,303.705555555556,290.372222222222,0,NA,NA,0.715264,NA,3075934-05-16,2005
US1_2005,213,298.705555555556,305.372222222222,292.038888888889,0,NA,NA,0.715264,NA,3076170-12-04,2005
US1_2005,214,299.816666666667,307.038888888889,292.594444444444,0,NA,NA,0.89408,NA,3076407-06-25,2005
US1_2005,215,300.372222222222,307.594444444444,292.594444444444,0,NA,NA,1.385824,NA,3076644-01-14,2005
US1_2005,216,299.816666666667,303.705555555556,295.927777777778,5.87962962962963e-06,NA,NA,1.832864,NA,3076880-08-03,2005
US1_2005,217,297.038888888889,300.927777777778,293.15,1.46990740740741e-05,NA,NA,1.162304,NA,3077117-02-23,2005
US1_2005,218,297.594444444444,302.038888888889,292.594444444444,0,NA,NA,0.938784,NA,3077353-09-13,2005
US1_2005,219,298.15,303.705555555556,292.038888888889,0,NA,NA,0.625856,NA,3077590-04-04,2005
US1_2005,220,299.261111111111,305.372222222222,293.15,NA,NA,NA,0.67056,NA,3077826-10-24,2005
US1_2005,221,299.261111111111,307.038888888889,291.483333333333,0,NA,NA,1.072896,NA,3078063-05-14,2005
US1_2005,222,300.372222222222,305.927777777778,294.816666666667,0,NA,NA,1.385824,NA,3078299-12-03,2005
US1_2005,223,302.038888888889,308.705555555556,294.816666666667,0,NA,NA,1.072896,NA,3078536-06-23,2005
US1_2005,224,301.483333333333,308.15,294.816666666667,5.87962962962963e-06,NA,NA,1.519936,NA,3078773-01-12,2005
US1_2005,225,298.705555555556,303.705555555556,293.705555555556,2.64583333333333e-05,NA,NA,1.519936,NA,3079009-08-03,2005
US1_2005,226,293.15,294.261111111111,292.038888888889,1.76388888888889e-05,NA,NA,1.296416,NA,3079246-02-21,2005
US1_2005,227,294.261111111111,296.483333333333,292.038888888889,0.000120532407407407,NA,NA,0.804672,NA,3079482-09-12,2005
US1_2005,228,297.038888888889,301.483333333333,292.038888888889,2.05787037037037e-05,NA,NA,0.938784,NA,3079719-04-03,2005
US1_2005,229,296.483333333333,302.038888888889,290.372222222222,0,NA,NA,NA,NA,3079955-10-23,2005
US1_2005,230,299.261111111111,304.816666666667,293.15,0,NA,NA,NA,NA,3080192-05-12,2005
US1_2005,231,299.816666666667,306.483333333333,293.15,0.000299861111111111,NA,NA,NA,NA,3080428-12-01,2005
US1_2005,232,299.261111111111,304.261111111111,294.261111111111,0.000144050925925926,NA,NA,2.01168,NA,3080665-06-22,2005
US1_2005,233,297.594444444444,303.705555555556,291.483333333333,0,NA,NA,1.207008,NA,3080902-01-11,2005
US1_2005,234,294.816666666667,299.816666666667,289.261111111111,NA,NA,NA,NA,NA,3081138-08-02,2005
US1_2005,235,293.15,298.15,287.594444444444,0,NA,NA,NA,NA,3081375-02-20,2005
US1_2005,236,293.705555555556,300.372222222222,286.483333333333,0,NA,NA,NA,NA,3081611-09-11,2005
US1_2005,237,295.372222222222,300.927777777778,289.816666666667,0,NA,NA,0.759968,NA,3081848-04-01,2005
US1_2005,238,297.038888888889,300.927777777778,293.15,8.81944444444444e-06,NA,NA,NA,NA,3082084-10-20,2005
US1_2005,239,296.483333333333,303.15,289.816666666667,NA,NA,NA,1.162304,NA,3082321-05-12,2005
US1_2005,240,297.038888888889,305.927777777778,287.594444444444,0,NA,NA,0.804672,NA,3082557-11-30,2005
US1_2005,241,297.594444444444,304.261111111111,290.927777777778,0,NA,NA,0.89408,NA,3082794-06-21,2005
US1_2005,242,295.372222222222,298.705555555556,292.038888888889,0,NA,NA,2.190496,NA,3083031-01-10,2005
US1_2005,243,294.816666666667,300.927777777778,288.705555555556,0,NA,NA,1.162304,NA,3083267-07-31,2005
US1_2005,244,295.927777777778,303.705555555556,288.15,0,NA,NA,1.251712,NA,3083504-02-20,2005
US1_2005,245,296.483333333333,304.816666666667,287.594444444444,0,NA,NA,1.56464,NA,3083740-09-09,2005
US1_2005,246,295.372222222222,303.15,287.594444444444,0,NA,NA,1.028192,NA,3083977-03-31,2005
US1_2005,247,295.927777777778,304.816666666667,286.483333333333,0,NA,NA,0.715264,NA,3084213-10-20,2005
US1_2005,248,295.927777777778,303.705555555556,288.15,0,NA,NA,0.804672,NA,3084450-05-10,2005
US1_2005,249,296.483333333333,304.261111111111,288.15,0,NA,NA,0.759968,NA,3084686-11-29,2005
US1_2005,250,297.594444444444,305.927777777778,289.261111111111,0,NA,NA,0.89408,NA,3084923-06-20,2005
US1_2005,251,298.705555555556,306.483333333333,290.927777777778,0,NA,NA,1.028192,NA,3085160-01-09,2005
US1_2005,252,299.816666666667,306.483333333333,292.594444444444,0,NA,NA,0.759968,NA,3085396-07-29,2005
US1_2005,253,299.261111111111,307.594444444444,290.927777777778,0,NA,NA,1.072896,NA,3085633-02-17,2005
US1_2005,254,299.261111111111,307.038888888889,290.927777777778,0,NA,NA,1.028192,NA,3085869-09-08,2005
US1_2005,255,298.15,306.483333333333,289.261111111111,0,NA,NA,1.430528,NA,3086106-03-30,2005
US1_2005,256,299.261111111111,308.705555555556,289.261111111111,0,NA,NA,2.01168,NA,3086342-10-19,2005
US1_2005,257,295.372222222222,299.261111111111,290.927777777778,9.70138888888889e-05,NA,NA,1.430528,NA,3086579-05-09,2005
US1_2005,258,289.816666666667,291.483333333333,288.15,NA,NA,NA,1.34112,NA,3086815-11-28,2005
US1_2005,259,288.705555555556,292.038888888889,284.816666666667,0.000490949074074074,NA,NA,1.385824,NA,3087052-06-18,2005
US1_2005,260,292.038888888889,299.261111111111,284.261111111111,NA,NA,NA,0.804672,NA,3087289-01-06,2005
US1_2005,261,293.705555555556,301.483333333333,285.372222222222,0,NA,NA,1.1176,NA,3087525-07-29,2005
US1_2005,262,298.705555555556,307.038888888889,289.816666666667,6.17361111111111e-05,NA,NA,NA,NA,3087762-02-16,2005
US1_2005,263,295.927777777778,302.038888888889,289.816666666667,0.000141111111111111,NA,NA,0.89408,NA,3087998-09-07,2005
US1_2005,264,294.816666666667,302.594444444444,287.038888888889,0,NA,NA,0.938784,NA,3088235-03-29,2005
US1_2005,265,299.261111111111,307.594444444444,290.927777777778,0,NA,NA,2.592832,NA,3088471-10-17,2005
US1_2005,266,292.038888888889,294.261111111111,289.816666666667,0,NA,NA,1.832864,NA,3088708-05-08,2005
US1_2005,267,296.483333333333,303.705555555556,288.705555555556,0.000252824074074074,NA,NA,1.072896,NA,3088944-11-26,2005
US1_2005,268,294.261111111111,295.372222222222,292.594444444444,NA,NA,NA,1.385824,NA,3089181-06-17,2005
US1_2005,269,293.15,297.038888888889,288.705555555556,0.000461550925925926,NA,NA,1.34112,NA,3089418-01-06,2005
US1_2005,270,292.038888888889,298.705555555556,284.816666666667,0,NA,NA,0.536448,NA,3089654-07-27,2005
US1_2005,271,291.483333333333,299.261111111111,283.15,0,NA,NA,2.45872,NA,3089891-02-15,2005
US1_2005,272,285.927777777778,292.038888888889,279.261111111111,0.00015875,NA,NA,1.296416,NA,3090127-09-06,2005
US1_2005,273,286.483333333333,295.372222222222,277.038888888889,0,NA,NA,1.162304,NA,3090364-03-27,2005
US1_2005,274,291.483333333333,300.372222222222,282.038888888889,0,NA,NA,0.983488,NA,3090600-10-16,2005
US1_2005,275,294.261111111111,302.594444444444,285.927777777778,0,NA,NA,1.475232,NA,3090837-05-06,2005
US1_2005,276,297.594444444444,303.705555555556,290.927777777778,5.87962962962963e-06,NA,NA,1.251712,NA,3091073-11-25,2005
US1_2005,277,298.15,304.261111111111,291.483333333333,0,NA,NA,1.028192,NA,3091310-06-16,2005
US1_2005,278,297.038888888889,303.705555555556,289.816666666667,0,NA,NA,1.34112,NA,3091547-01-05,2005
US1_2005,279,285.927777777778,292.594444444444,279.261111111111,0,NA,NA,1.832864,NA,3091783-07-26,2005
US1_2005,280,283.15,287.038888888889,279.261111111111,0,NA,NA,2.145792,NA,3092020-02-14,2005
US1_2005,281,283.15,288.705555555556,277.594444444444,0,NA,NA,2.190496,NA,3092256-09-04,2005
US1_2005,282,285.372222222222,292.038888888889,278.15,0,NA,NA,1.430528,NA,3092493-03-25,2005
US1_2005,283,286.483333333333,289.816666666667,282.594444444444,0,NA,NA,1.207008,NA,3092729-10-15,2005
US1_2005,284,287.594444444444,290.372222222222,284.261111111111,0,NA,NA,0.849376,NA,3092966-05-05,2005
US1_2005,285,289.261111111111,294.816666666667,283.15,0,NA,NA,0.491744,NA,3093202-11-24,2005
US1_2005,286,290.372222222222,298.15,282.594444444444,0,NA,NA,0.983488,NA,3093439-06-15,2005
US1_2005,287,290.372222222222,298.705555555556,281.483333333333,0,NA,NA,1.698752,NA,3093676-01-03,2005
US1_2005,288,288.15,294.816666666667,281.483333333333,0,NA,NA,1.519936,NA,3093912-07-25,2005
US1_2005,289,286.483333333333,293.15,279.816666666667,0,NA,NA,0.89408,NA,3094149-02-12,2005
US1_2005,290,289.816666666667,299.261111111111,280.372222222222,0,NA,NA,1.922272,NA,3094385-09-03,2005
US1_2005,291,288.705555555556,297.594444444444,279.816666666667,0,NA,NA,0.804672,NA,3094622-03-25,2005
US1_2005,292,288.705555555556,294.816666666667,282.594444444444,0,NA,NA,2.190496,NA,3094858-10-13,2005
US1_2005,293,282.594444444444,284.261111111111,280.927777777778,3.52777777777778e-05,NA,NA,2.056384,NA,3095095-05-04,2005
US1_2005,294,282.594444444444,284.261111111111,280.927777777778,0.000308680555555556,NA,NA,2.056384,NA,3095331-11-23,2005
US1_2005,295,283.705555555556,288.705555555556,278.15,8.81944444444444e-06,NA,NA,1.698752,NA,3095568-06-13,2005
US1_2005,296,279.261111111111,283.705555555556,274.816666666667,0,NA,NA,1.475232,NA,3095805-01-02,2005
US1_2005,297,280.372222222222,283.15,277.594444444444,2.93981481481481e-06,NA,NA,2.503424,NA,3096041-07-23,2005
US1_2005,298,280.372222222222,284.816666666667,275.927777777778,8.81944444444444e-06,NA,NA,1.922272,NA,3096278-02-11,2005
US1_2005,299,281.483333333333,287.038888888889,275.372222222222,NA,NA,NA,0.625856,NA,3096514-09-02,2005
US1_2005,300,280.372222222222,285.927777777778,274.816666666667,0,NA,NA,0.849376,NA,3096751-03-24,2005
US1_2005,301,280.372222222222,287.594444444444,272.594444444444,0,NA,NA,0.402336,NA,3096987-10-12,2005
US1_2005,302,281.483333333333,289.261111111111,273.705555555556,0,NA,NA,1.207008,NA,3097224-05-02,2005
US1_2005,303,282.038888888889,291.483333333333,272.594444444444,0,NA,NA,2.145792,NA,3097460-11-21,2005
US1_2005,304,285.372222222222,287.594444444444,282.594444444444,5.87962962962963e-06,NA,NA,1.698752,NA,3097697-06-11,2005
US1_2006,1,NA,NA,NA,NA,NA,NA,NA,NA,NA,2006
US1_2006,2,NA,NA,NA,NA,NA,NA,NA,NA,NA,2006
US1_2006,3,NA,NA,NA,NA,NA,NA,NA,NA,NA,2006
US1_2006,4,NA,NA,NA,NA,NA,NA,NA,NA,NA,2006
US1_2006,5,NA,NA,NA,NA,NA,NA,NA,NA,NA,2006
US1_2006,6,NA,NA,NA,NA,NA,NA,NA,NA,NA,2006
US1_2006,7,NA,NA,NA,NA,NA,NA,NA,NA,NA,2006
US1_2006,8,NA,NA,NA,NA,NA,NA,NA,NA,NA,2006
US1_2006,9,NA,NA,NA,NA,NA,NA,NA,NA,NA,2006
US1_2006,10,NA,NA,NA,NA,NA,NA,NA,NA,NA,2006
US1_2006,11,NA,NA,NA,NA,NA,NA,NA,NA,NA,2006
US1_2006,12,NA,NA,NA,NA,NA,NA,NA,NA,NA,2006
US1_2006,13,NA,NA,NA,NA,NA,NA,NA,NA,NA,2006
US1_2006,14,NA,NA,NA,NA,NA,NA,NA,NA,NA,2006
US1_2006,15,NA,NA,NA,NA,NA,NA,NA,NA,NA,2006
US1_2006,16,NA,NA,NA,NA,NA,NA,NA,NA,NA,2006
US1_2006,17,NA,NA,NA,NA,NA,NA,NA,NA,NA,2006
US1_2006,18,NA,NA,NA,NA,NA,NA,NA,NA,NA,2006
US1_2006,19,NA,NA,NA,NA,NA,NA,NA,NA,NA,2006
US1_2006,20,NA,NA,NA,NA,NA,NA,NA,NA,NA,2006
US1_2006,21,NA,NA,NA,NA,NA,NA,NA,NA,NA,2006
US1_2006,22,NA,NA,NA,NA,NA,NA,NA,NA,NA,2006
US1_2006,23,NA,NA,NA,NA,NA,NA,NA,NA,NA,2006
US1_2006,24,NA,NA,NA,NA,NA,NA,NA,NA,NA,2006
US1_2006,25,NA,NA,NA,NA,NA,NA,NA,NA,NA,2006
US1_2006,26,NA,NA,NA,NA,NA,NA,NA,NA,NA,2006
US1_2006,27,NA,NA,NA,NA,NA,NA,NA,NA,NA,2006
US1_2006,28,NA,NA,NA,NA,NA,NA,NA,NA,NA,2006
US1_2006,29,NA,NA,NA,NA,NA,NA,NA,NA,NA,2006
US1_2006,30,NA,NA,NA,NA,NA,NA,NA,NA,NA,2006
US1_2006,31,NA,NA,NA,NA,NA,NA,NA,NA,NA,2006
US1_2006,32,NA,NA,NA,NA,NA,NA,NA,NA,NA,2006
US1_2006,33,NA,NA,NA,NA,NA,NA,NA,NA,NA,2006
US1_2006,34,NA,NA,NA,NA,NA,NA,NA,NA,NA,2006
US1_2006,35,NA,NA,NA,NA,NA,NA,NA,NA,NA,2006
US1_2006,36,NA,NA,NA,NA,NA,NA,NA,NA,NA,2006
US1_2006,37,NA,NA,NA,NA,NA,NA,NA,NA,NA,2006
US1_2006,38,NA,NA,NA,NA,NA,NA,NA,NA,NA,2006
US1_2006,39,NA,NA,NA,NA,NA,NA,NA,NA,NA,2006
US1_2006,40,NA,NA,NA,NA,NA,NA,NA,NA,NA,2006
US1_2006,41,NA,NA,NA,NA,NA,NA,NA,NA,NA,2006
US1_2006,42,NA,NA,NA,NA,NA,NA,NA,NA,NA,2006
US1_2006,43,NA,NA,NA,NA,NA,NA,NA,NA,NA,2006
US1_2006,44,NA,NA,NA,NA,NA,NA,NA,NA,NA,2006
US1_2006,45,NA,NA,NA,NA,NA,NA,NA,NA,NA,2006
US1_2006,46,NA,NA,NA,NA,NA,NA,NA,NA,NA,2006
US1_2006,47,NA,NA,NA,NA,NA,NA,NA,NA,NA,2006
US1_2006,48,NA,NA,NA,NA,NA,NA,NA,NA,NA,2006
US1_2006,49,NA,NA,NA,NA,NA,NA,NA,NA,NA,2006
US1_2006,50,NA,NA,NA,NA,NA,NA,NA,NA,NA,2006
US1_2006,51,NA,NA,NA,NA,NA,NA,NA,NA,NA,2006
US1_2006,52,NA,NA,NA,NA,NA,NA,NA,NA,NA,2006
US1_2006,53,NA,NA,NA,NA,NA,NA,NA,NA,NA,2006
US1_2006,54,NA,NA,NA,NA,NA,NA,NA,NA,NA,2006
US1_2006,55,NA,NA,NA,NA,NA,NA,NA,NA,NA,2006
US1_2006,56,NA,NA,NA,NA,NA,NA,NA,NA,NA,2006
US1_2006,57,NA,NA,NA,NA,NA,NA,NA,NA,NA,2006
US1_2006,58,NA,NA,NA,NA,NA,NA,NA,NA,NA,2006
US1_2006,59,NA,NA,NA,NA,NA,NA,NA,NA,NA,2006
US1_2006,60,NA,NA,NA,NA,NA,NA,NA,NA,NA,2006
US1_2006,61,NA,NA,NA,NA,NA,NA,NA,NA,NA,2006
US1_2006,62,NA,NA,NA,NA,NA,NA,NA,NA,NA,2006
US1_2006,63,NA,NA,NA,NA,NA,NA,NA,NA,NA,2006
US1_2006,64,NA,NA,NA,NA,NA,NA,NA,NA,NA,2006
US1_2006,65,NA,NA,NA,NA,NA,NA,NA,NA,NA,2006
US1_2006,66,NA,NA,NA,NA,NA,NA,NA,NA,NA,2006
US1_2006,67,NA,NA,NA,NA,NA,NA,NA,NA,NA,2006
US1_2006,68,NA,NA,NA,NA,NA,NA,NA,NA,NA,2006
US1_2006,69,NA,NA,NA,NA,NA,NA,NA,NA,NA,2006
US1_2006,70,NA,NA,NA,NA,NA,NA,NA,NA,NA,2006
US1_2006,71,NA,NA,NA,NA,NA,NA,NA,NA,NA,2006
US1_2006,72,NA,NA,NA,NA,NA,NA,NA,NA,NA,2006
US1_2006,73,NA,NA,NA,NA,NA,NA,NA,NA,NA,2006
US1_2006,74,NA,NA,NA,NA,NA,NA,NA,NA,NA,2006
US1_2006,75,NA,NA,NA,NA,NA,NA,NA,NA,NA,2006
US1_2006,76,NA,NA,NA,NA,NA,NA,NA,NA,NA,2006
US1_2006,77,NA,NA,NA,NA,NA,NA,NA,NA,NA,2006
US1_2006,78,NA,NA,NA,NA,NA,NA,NA,NA,NA,2006
US1_2006,79,NA,NA,NA,NA,NA,NA,NA,NA,NA,2006
US1_2006,80,NA,NA,NA,NA,NA,NA,NA,NA,NA,2006
US1_2006,81,NA,NA,NA,NA,NA,NA,NA,NA,NA,2006
US1_2006,82,NA,NA,NA,NA,NA,NA,NA,NA,NA,2006
US1_2006,83,NA,NA,NA,NA,NA,NA,NA,NA,NA,2006
US1_2006,84,NA,NA,NA,NA,NA,NA,NA,NA,NA,2006
US1_2006,85,NA,NA,NA,NA,NA,NA,NA,NA,NA,2006
US1_2006,86,NA,NA,NA,NA,NA,NA,NA,NA,NA,2006
US1_2006,87,NA,NA,NA,NA,NA,NA,NA,NA,NA,2006
US1_2006,88,NA,NA,NA,NA,NA,NA,NA,NA,NA,2006
US1_2006,89,NA,NA,NA,NA,NA,NA,NA,NA,NA,2006
US1_2006,90,NA,NA,NA,NA,NA,NA,NA,NA,NA,2006
US1_2006,91,NA,NA,NA,NA,NA,NA,NA,NA,NA,2006
US1_2006,92,NA,NA,NA,NA,NA,NA,NA,NA,NA,2006
US1_2006,93,NA,NA,NA,NA,NA,NA,NA,NA,NA,2006
US1_2006,94,NA,NA,NA,NA,NA,NA,NA,NA,NA,2006
US1_2006,95,NA,NA,NA,NA,NA,NA,NA,NA,NA,2006
US1_2006,96,NA,NA,NA,NA,NA,NA,NA,NA,NA,2006
US1_2006,97,NA,NA,NA,NA,NA,NA,NA,NA,NA,2006
US1_2006,98,NA,NA,NA,NA,NA,NA,NA,NA,NA,2006
US1_2006,99,NA,NA,NA,NA,NA,NA,NA,NA,NA,2006
US1_2006,100,NA,NA,NA,NA,NA,NA,NA,NA,NA,2006
US1_2006,101,NA,NA,NA,NA,NA,NA,NA,NA,NA,2006
US1_2006,102,NA,NA,NA,NA,NA,NA,NA,NA,NA,2006
US1_2006,103,NA,NA,NA,NA,NA,NA,NA,NA,NA,2006
US1_2006,104,NA,NA,NA,NA,NA,NA,NA,NA,NA,2006
US1_2006,105,NA,NA,NA,NA,NA,NA,NA,NA,NA,2006
US1_2006,106,NA,NA,NA,NA,NA,NA,NA,NA,NA,2006
US1_2006,107,NA,NA,NA,NA,NA,NA,NA,NA,NA,2006
US1_2006,108,NA,NA,NA,NA,NA,NA,NA,NA,NA,2006
US1_2006,109,NA,NA,NA,NA,NA,NA,NA,NA,NA,2006
US1_2006,110,NA,NA,NA,NA,NA,NA,NA,NA,NA,2006
US1_2006,111,NA,NA,NA,NA,NA,NA,NA,NA,NA,2006
US1_2006,112,NA,NA,NA,NA,NA,NA,NA,NA,NA,2006
US1_2006,113,NA,NA,NA,NA,NA,NA,NA,NA,NA,2006
US1_2006,114,NA,NA,NA,NA,NA,NA,NA,NA,NA,2006
US1_2006,115,NA,NA,NA,NA,NA,NA,NA,NA,NA,2006
US1_2006,116,NA,NA,NA,NA,NA,NA,NA,NA,NA,2006
US1_2006,117,NA,NA,NA,NA,NA,NA,NA,NA,NA,2006
US1_2006,118,NA,NA,NA,NA,NA,NA,NA,NA,NA,2006
US1_2006,119,NA,NA,NA,NA,NA,NA,NA,NA,NA,2006
US1_2006,120,NA,NA,NA,NA,NA,NA,NA,NA,NA,2006
US1_2006,121,287.594444444444,290.927777777778,284.261111111111,0.000105833333333333,NA,NA,NA,NA,3140750-06-27,2006
US1_2006,122,290.372222222222,295.372222222222,285.372222222222,9.40740740740741e-05,NA,NA,NA,NA,3140987-01-15,2006
US1_2006,123,289.816666666667,295.372222222222,283.705555555556,0,NA,NA,NA,NA,3141223-08-06,2006
US1_2006,124,289.261111111111,293.705555555556,284.261111111111,8.81944444444444e-06,NA,NA,NA,NA,3141460-02-25,2006
US1_2006,125,286.483333333333,290.927777777778,282.038888888889,0,NA,NA,NA,NA,3141696-09-14,2006
US1_2006,126,285.927777777778,292.038888888889,279.816666666667,0,NA,NA,NA,NA,3141933-04-06,2006
US1_2006,127,288.15,295.372222222222,280.372222222222,0,NA,NA,NA,NA,3142169-10-25,2006
US1_2006,128,289.261111111111,296.483333333333,281.483333333333,0,NA,NA,NA,NA,3142406-05-16,2006
US1_2006,129,289.816666666667,295.372222222222,283.705555555556,0,NA,NA,NA,NA,3142642-12-05,2006
US1_2006,130,289.816666666667,294.816666666667,284.816666666667,0,NA,NA,NA,NA,3142879-06-25,2006
US1_2006,131,285.927777777778,289.816666666667,281.483333333333,0.000226365740740741,NA,NA,NA,NA,3143116-01-15,2006
US1_2006,132,280.372222222222,282.038888888889,278.705555555556,2.35185185185185e-05,NA,NA,NA,NA,3143352-08-04,2006
US1_2006,133,280.927777777778,282.594444444444,278.705555555556,2.35185185185185e-05,NA,NA,NA,NA,3143589-02-23,2006
US1_2006,134,283.15,285.927777777778,279.816666666667,1.46990740740741e-05,NA,NA,NA,NA,3143825-09-14,2006
US1_2006,135,285.927777777778,290.927777777778,280.927777777778,7.34953703703704e-05,NA,NA,NA,NA,3144062-04-04,2006
US1_2006,136,288.705555555556,292.594444444444,284.261111111111,0.000126412037037037,NA,NA,NA,NA,3144298-10-24,2006
US1_2006,137,289.816666666667,297.038888888889,282.594444444444,2.93981481481481e-06,NA,NA,NA,NA,3144535-05-15,2006
US1_2006,138,286.483333333333,291.483333333333,280.927777777778,6.17361111111111e-05,NA,NA,NA,NA,3144771-12-04,2006
US1_2006,139,287.594444444444,295.372222222222,279.261111111111,2.93981481481481e-06,NA,NA,NA,NA,3145008-06-24,2006
US1_2006,140,288.15,294.261111111111,281.483333333333,NA,NA,NA,NA,NA,3145245-01-12,2006
US1_2006,141,288.705555555556,294.261111111111,283.15,0,NA,NA,NA,NA,3145481-08-03,2006
US1_2006,142,287.594444444444,294.261111111111,280.372222222222,NA,NA,NA,1.028192,NA,3145718-02-22,2006
US1_2006,143,289.261111111111,298.15,279.816666666667,0,NA,NA,NA,NA,3145954-09-13,2006
US1_2006,144,293.705555555556,303.15,283.705555555556,0,NA,NA,NA,NA,3146191-04-03,2006
US1_2006,145,296.483333333333,302.038888888889,290.927777777778,3.2337962962963e-05,NA,NA,NA,NA,3146427-10-23,2006
US1_2006,146,296.483333333333,302.038888888889,290.927777777778,2.93981481481481e-06,NA,NA,NA,NA,3146664-05-13,2006
US1_2006,147,297.594444444444,304.816666666667,290.372222222222,0,NA,NA,NA,NA,3146900-12-02,2006
US1_2006,148,300.372222222222,306.483333333333,293.705555555556,0,NA,NA,NA,NA,3147137-06-23,2006
US1_2006,149,299.816666666667,306.483333333333,292.594444444444,0,NA,NA,NA,NA,3147374-01-11,2006
US1_2006,150,299.816666666667,305.927777777778,293.705555555556,0,NA,NA,2.279904,NA,3147610-08-02,2006
US1_2006,151,297.594444444444,303.15,292.038888888889,9.99537037037037e-05,NA,NA,NA,NA,3147847-02-21,2006
US1_2006,152,292.038888888889,293.705555555556,289.816666666667,0.000114652777777778,NA,NA,1.475232,NA,3148083-09-11,2006
US1_2006,153,294.816666666667,300.372222222222,288.705555555556,3.82175925925926e-05,NA,NA,1.028192,NA,3148320-04-02,2006
US1_2006,154,293.705555555556,300.372222222222,286.483333333333,2.05787037037037e-05,NA,NA,1.028192,NA,3148556-10-21,2006
US1_2006,155,293.15,299.261111111111,286.483333333333,0,NA,NA,1.296416,NA,3148793-05-12,2006
US1_2006,156,293.705555555556,300.927777777778,285.927777777778,0,NA,NA,0.804672,NA,3149029-12-01,2006
US1_2006,157,293.705555555556,300.927777777778,285.927777777778,0,NA,NA,1.743456,NA,3149266-06-21,2006
US1_2006,158,297.038888888889,303.705555555556,290.372222222222,NA,NA,NA,2.01168,NA,3149503-01-11,2006
US1_2006,159,297.594444444444,303.705555555556,291.483333333333,0,NA,NA,1.654048,NA,3149739-08-01,2006
US1_2006,160,294.261111111111,300.927777777778,287.594444444444,0,NA,NA,NA,NA,3149976-02-20,2006
US1_2006,161,288.705555555556,290.927777777778,286.483333333333,0,NA,NA,NA,NA,3150212-09-10,2006
US1_2006,162,289.261111111111,292.038888888889,285.927777777778,7.64351851851852e-05,NA,NA,1.430528,NA,3150449-03-31,2006
US1_2006,163,290.927777777778,297.594444444444,284.261111111111,2.93981481481481e-06,NA,NA,1.78816,NA,3150685-10-20,2006
US1_2006,164,292.594444444444,299.261111111111,285.372222222222,0,NA,NA,1.519936,NA,3150922-05-11,2006
US1_2006,165,294.261111111111,302.038888888889,286.483333333333,0,NA,NA,0.67056,NA,3151158-11-30,2006
US1_2006,166,297.594444444444,305.372222222222,289.816666666667,0,NA,NA,1.207008,NA,3151395-06-20,2006
US1_2006,167,299.261111111111,305.927777777778,292.038888888889,0,NA,NA,1.832864,NA,3151632-01-09,2006
US1_2006,168,298.705555555556,307.038888888889,290.372222222222,0,NA,NA,2.45872,NA,3151868-07-30,2006
US1_2006,169,295.927777777778,300.372222222222,290.927777777778,2.93981481481481e-06,NA,NA,1.56464,NA,3152105-02-18,2006
US1_2006,170,297.594444444444,304.261111111111,290.372222222222,8.23148148148148e-05,NA,NA,2.324608,NA,3152341-09-09,2006
US1_2006,171,296.483333333333,303.15,289.816666666667,0,NA,NA,0.89408,NA,3152578-03-30,2006
US1_2006,172,302.038888888889,307.594444444444,295.927777777778,0,NA,NA,3.12928,NA,3152814-10-19,2006
US1_2006,173,299.261111111111,302.594444444444,295.927777777778,0,NA,NA,1.654048,NA,3153051-05-10,2006
US1_2006,174,297.594444444444,303.15,291.483333333333,5.87962962962963e-06,NA,NA,1.385824,NA,3153287-11-28,2006
US1_2006,175,295.927777777778,302.594444444444,289.261111111111,0,NA,NA,1.072896,NA,3153524-06-19,2006
US1_2006,176,295.927777777778,301.483333333333,289.816666666667,0,NA,NA,0.983488,NA,3153761-01-07,2006
US1_2006,177,294.816666666667,299.261111111111,289.816666666667,0.000129351851851852,NA,NA,1.296416,NA,3153997-07-29,2006
US1_2006,178,293.705555555556,299.261111111111,288.15,8.81944444444444e-06,NA,NA,1.296416,NA,3154234-02-17,2006
US1_2006,179,294.261111111111,300.927777777778,287.594444444444,2.93981481481481e-06,NA,NA,1.877568,NA,3154470-09-07,2006
US1_2006,180,294.261111111111,301.483333333333,286.483333333333,NA,NA,NA,0.938784,NA,3154707-03-30,2006
US1_2006,181,295.927777777778,303.15,288.705555555556,0,NA,NA,1.475232,NA,3154943-10-18,2006
US1_2006,182,297.594444444444,306.483333333333,288.705555555556,2.93981481481481e-06,NA,NA,2.503424,NA,3155180-05-08,2006
US1_2006,183,300.927777777778,307.594444444444,294.261111111111,0,NA,NA,2.503424,NA,3155416-11-27,2006
US1_2006,184,301.483333333333,307.594444444444,294.816666666667,NA,NA,NA,2.01168,NA,3155653-06-17,2006
US1_2006,185,297.594444444444,302.038888888889,292.594444444444,0.000208726851851852,NA,NA,1.78816,NA,3155890-01-06,2006
US1_2006,186,293.705555555556,298.705555555556,288.15,1.76388888888889e-05,NA,NA,1.56464,NA,3156126-07-28,2006
US1_2006,187,293.705555555556,300.927777777778,286.483333333333,0,NA,NA,1.207008,NA,3156363-02-16,2006
US1_2006,188,294.261111111111,300.372222222222,287.594444444444,0,NA,NA,0.804672,NA,3156599-09-06,2006
US1_2006,189,294.816666666667,301.483333333333,287.594444444444,0,NA,NA,0.938784,NA,3156836-03-27,2006
US1_2006,190,297.594444444444,303.15,291.483333333333,1.46990740740741e-05,NA,NA,1.207008,NA,3157072-10-16,2006
US1_2006,191,297.594444444444,304.261111111111,290.927777777778,2.93981481481481e-06,NA,NA,1.56464,NA,3157309-05-07,2006
US1_2006,192,298.15,301.483333333333,294.816666666667,0.000202847222222222,NA,NA,1.78816,NA,3157545-11-26,2006
US1_2006,193,298.15,303.15,292.594444444444,8.81944444444444e-05,NA,NA,1.162304,NA,3157782-06-16,2006
US1_2006,194,298.15,303.15,292.594444444444,0.000532106481481481,NA,NA,0.759968,NA,3158019-01-05,2006
US1_2006,195,299.261111111111,302.594444444444,295.372222222222,5.87962962962963e-06,NA,NA,1.966976,NA,3158255-07-27,2006
US1_2006,196,300.372222222222,307.038888888889,293.705555555556,2.93981481481481e-06,NA,NA,0.759968,NA,3158492-02-14,2006
US1_2006,197,299.816666666667,306.483333333333,293.15,0,NA,NA,1.028192,NA,3158728-09-05,2006
US1_2006,198,299.261111111111,305.927777777778,292.594444444444,0,NA,NA,1.698752,NA,3158965-03-26,2006
US1_2006,199,300.372222222222,305.927777777778,294.816666666667,0,NA,NA,1.251712,NA,3159201-10-15,2006
US1_2006,200,300.372222222222,306.483333333333,293.705555555556,0,NA,NA,NA,NA,3159438-05-06,2006
US1_2006,201,298.705555555556,303.15,293.705555555556,0.000188148148148148,NA,NA,1.609344,NA,3159674-11-24,2006
US1_2006,202,295.372222222222,299.816666666667,290.372222222222,4.11574074074074e-05,NA,NA,1.654048,NA,3159911-06-16,2006
US1_2006,203,294.261111111111,299.261111111111,289.261111111111,0.000129351851851852,NA,NA,NA,NA,3160148-01-04,2006
US1_2006,204,295.372222222222,301.483333333333,288.705555555556,0,NA,NA,NA,NA,3160384-07-25,2006
US1_2006,205,296.483333333333,303.15,289.816666666667,0,NA,NA,1.56464,NA,3160621-02-13,2006
US1_2006,206,298.15,304.261111111111,292.038888888889,0,NA,NA,1.743456,NA,3160857-09-03,2006
US1_2006,207,298.15,303.15,293.15,0,NA,NA,1.56464,NA,3161094-03-25,2006
US1_2006,208,299.816666666667,304.261111111111,294.816666666667,0.000502708333333333,NA,NA,1.877568,NA,3161330-10-14,2006
US1_2006,209,300.372222222222,304.816666666667,295.372222222222,0.000367476851851852,NA,NA,NA,NA,3161567-05-05,2006
US1_2006,210,300.372222222222,305.927777777778,294.261111111111,0,NA,NA,NA,NA,3161803-11-24,2006
US1_2006,211,300.927777777778,307.038888888889,294.816666666667,NA,NA,NA,NA,NA,3162040-06-13,2006
US1_2006,212,301.483333333333,307.594444444444,294.816666666667,0,NA,NA,1.430528,NA,3162277-01-02,2006
US1_2006,213,302.038888888889,307.594444444444,296.483333333333,0,NA,NA,1.832864,NA,3162513-07-24,2006
US1_2006,214,302.594444444444,307.594444444444,297.038888888889,0,NA,NA,2.324608,NA,3162750-02-12,2006
US1_2006,215,298.705555555556,302.594444444444,293.705555555556,0,NA,NA,1.519936,NA,3162986-09-02,2006
US1_2006,216,297.594444444444,303.705555555556,290.927777777778,NA,NA,NA,NA,NA,3163223-03-24,2006
US1_2006,217,297.038888888889,303.15,290.927777777778,0,NA,NA,0.983488,NA,3163459-10-13,2006
US1_2006,218,298.15,304.816666666667,290.927777777778,0,NA,NA,1.028192,NA,3163696-05-02,2006
US1_2006,219,298.15,302.038888888889,294.261111111111,5.87962962962963e-06,NA,NA,1.162304,NA,3163932-11-22,2006
US1_2006,220,296.483333333333,300.372222222222,292.594444444444,1.17592592592593e-05,NA,NA,1.251712,NA,3164169-06-12,2006
US1_2006,221,297.038888888889,300.927777777778,292.594444444444,0.000176388888888889,NA,NA,0.804672,NA,3164406-01-01,2006
US1_2006,222,298.15,301.483333333333,294.261111111111,4.40972222222222e-05,NA,NA,1.028192,NA,3164642-07-23,2006
US1_2006,223,295.927777777778,299.261111111111,292.594444444444,2.05787037037037e-05,NA,NA,1.251712,NA,3164879-02-10,2006
US1_2006,224,295.372222222222,300.927777777778,289.261111111111,NA,NA,NA,NA,NA,3165115-09-02,2006
US1_2006,225,294.816666666667,301.483333333333,288.15,0,NA,NA,0.804672,NA,3165352-03-22,2006
US1_2006,226,295.927777777778,299.261111111111,292.038888888889,4.40972222222222e-05,NA,NA,1.56464,NA,3165588-10-11,2006
US1_2006,227,295.372222222222,301.483333333333,288.705555555556,1.17592592592593e-05,NA,NA,0.938784,NA,3165825-05-02,2006
US1_2006,228,295.927777777778,301.483333333333,289.816666666667,0,NA,NA,0.849376,NA,3166061-11-20,2006
US1_2006,229,295.372222222222,302.038888888889,288.705555555556,0,NA,NA,0.759968,NA,3166298-06-11,2006
US1_2006,230,297.594444444444,300.927777777778,294.261111111111,8.23148148148148e-05,NA,NA,NA,NA,3166534-12-31,2006
US1_2006,231,298.705555555556,302.594444444444,294.816666666667,0.000226365740740741,NA,NA,NA,NA,3166771-07-22,2006
US1_2006,232,294.816666666667,299.261111111111,289.816666666667,NA,NA,NA,NA,NA,3167008-02-10,2006
US1_2006,233,293.705555555556,299.816666666667,287.594444444444,0,NA,NA,NA,NA,3167244-08-30,2006
US1_2006,234,294.816666666667,301.483333333333,287.594444444444,0,NA,NA,NA,NA,3167481-03-21,2006
US1_2006,235,297.038888888889,303.15,290.372222222222,0,NA,NA,1.251712,NA,3167717-10-10,2006
US1_2006,236,297.038888888889,302.594444444444,290.927777777778,0,NA,NA,1.385824,NA,3167954-05-01,2006
US1_2006,237,295.927777777778,302.594444444444,288.705555555556,0,NA,NA,1.296416,NA,3168190-11-19,2006
US1_2006,238,296.483333333333,299.261111111111,293.705555555556,0,NA,NA,0.715264,NA,3168427-06-10,2006
US1_2006,239,298.15,302.038888888889,293.705555555556,2.93981481481481e-05,NA,NA,0.983488,NA,3168663-12-30,2006
US1_2006,240,296.483333333333,301.483333333333,291.483333333333,0.000223425925925926,NA,NA,1.56464,NA,3168900-07-20,2006
US1_2006,241,292.594444444444,294.261111111111,290.372222222222,2.93981481481481e-06,NA,NA,1.430528,NA,3169137-02-08,2006
US1_2006,242,293.705555555556,296.483333333333,290.372222222222,2.93981481481481e-06,NA,NA,1.877568,NA,3169373-08-29,2006
US1_2006,243,293.705555555556,297.038888888889,290.372222222222,NA,NA,NA,2.056384,NA,3169610-03-20,2006
US1_2006,244,293.15,295.927777777778,289.816666666667,2.93981481481481e-06,NA,NA,1.56464,NA,3169846-10-09,2006
US1_2006,245,293.15,298.705555555556,287.594444444444,0,NA,NA,NA,NA,3170083-04-29,2006
US1_2006,246,292.594444444444,298.705555555556,285.927777777778,0,NA,NA,NA,NA,3170319-11-19,2006
US1_2006,247,292.594444444444,297.594444444444,287.594444444444,0,NA,NA,NA,NA,3170556-06-08,2006
US1_2006,248,291.483333333333,295.372222222222,287.594444444444,1.46990740740741e-05,NA,NA,0.938784,NA,3170792-12-28,2006
US1_2006,249,293.705555555556,301.483333333333,285.927777777778,5.29166666666667e-05,NA,NA,0.849376,NA,3171029-07-19,2006
US1_2006,250,293.705555555556,300.927777777778,285.927777777778,0,NA,NA,0.536448,NA,3171266-02-06,2006
US1_2006,251,294.816666666667,302.038888888889,287.038888888889,0,NA,NA,1.1176,NA,3171502-08-29,2006
US1_2006,252,295.372222222222,302.594444444444,287.594444444444,0,NA,NA,1.028192,NA,3171739-03-19,2006
US1_2006,253,295.372222222222,300.372222222222,290.372222222222,0,NA,NA,1.654048,NA,3171975-10-08,2006
US1_2006,254,293.705555555556,297.594444444444,289.816666666667,0,NA,NA,1.34112,NA,3172212-04-28,2006
US1_2006,255,293.705555555556,299.816666666667,287.594444444444,9.70138888888889e-05,NA,NA,1.475232,NA,3172448-11-16,2006
US1_2006,256,289.816666666667,292.038888888889,287.038888888889,5.87962962962963e-06,NA,NA,1.78816,NA,3172685-06-07,2006
US1_2006,257,291.483333333333,296.483333333333,286.483333333333,NA,NA,NA,0.581152,NA,3172921-12-27,2006
US1_2006,258,293.15,300.372222222222,285.927777777778,0,NA,NA,NA,NA,3173158-07-18,2006
US1_2006,259,294.261111111111,302.038888888889,286.483333333333,0,NA,NA,NA,NA,3173395-02-05,2006
US1_2006,260,295.927777777778,304.261111111111,287.038888888889,0,NA,NA,1.78816,NA,3173631-08-27,2006
US1_2006,261,289.261111111111,294.816666666667,283.15,0.000182268518518519,NA,NA,1.56464,NA,3173868-03-17,2006
US1_2006,262,283.705555555556,287.594444444444,279.816666666667,0,NA,NA,2.145792,NA,3174104-10-06,2006
US1_2006,263,284.816666666667,290.927777777778,278.15,0,NA,NA,0.804672,NA,3174341-04-27,2006
US1_2006,264,287.038888888889,294.816666666667,278.705555555556,NA,NA,NA,1.519936,NA,3174577-11-15,2006
US1_2006,265,292.038888888889,297.594444444444,285.927777777778,3.2337962962963e-05,NA,NA,NA,NA,3174814-06-06,2006
US1_2006,266,291.483333333333,294.816666666667,287.594444444444,0,NA,NA,NA,NA,3175050-12-26,2006
US1_2006,267,285.927777777778,289.816666666667,282.038888888889,NA,NA,NA,2.056384,NA,3175287-07-16,2006
US1_2006,268,287.594444444444,295.372222222222,279.261111111111,5.87962962962963e-06,NA,NA,1.654048,NA,3175524-02-05,2006
US1_2006,269,289.261111111111,298.705555555556,279.816666666667,0,NA,NA,NA,NA,3175760-08-25,2006
US1_2006,270,290.927777777778,296.483333333333,285.372222222222,0,NA,NA,2.101088,NA,3175997-03-16,2006
US1_2006,271,284.816666666667,290.372222222222,278.705555555556,NA,NA,NA,1.251712,NA,3176233-10-05,2006
US1_2006,272,284.816666666667,292.038888888889,277.594444444444,0,NA,NA,NA,NA,3176470-04-25,2006
US1_2006,273,288.705555555556,295.927777777778,281.483333333333,0,NA,NA,NA,NA,3176706-11-15,2006
US1_2006,274,292.038888888889,302.038888888889,281.483333333333,0,NA,NA,1.385824,NA,3176943-06-05,2006
US1_2006,275,294.816666666667,304.816666666667,284.816666666667,0,NA,NA,2.548128,NA,3177179-12-25,2006
US1_2006,276,297.594444444444,304.816666666667,290.372222222222,0.000114652777777778,NA,NA,2.45872,NA,3177416-07-15,2006
US1_2006,277,295.927777777778,304.261111111111,287.594444444444,0,NA,NA,3.12928,NA,3177653-02-02,2006
US1_2006,278,286.483333333333,291.483333333333,281.483333333333,1.17592592592593e-05,NA,NA,2.369312,NA,3177889-08-24,2006
US1_2006,279,285.372222222222,292.038888888889,278.705555555556,0,NA,NA,1.1176,NA,3178126-03-15,2006
US1_2006,280,287.038888888889,295.927777777778,277.594444444444,0,NA,NA,0.67056,NA,3178362-10-04,2006
US1_2006,281,288.705555555556,299.261111111111,278.15,0,NA,NA,0.581152,NA,3178599-04-24,2006
US1_2006,282,290.927777777778,299.816666666667,282.038888888889,0,NA,NA,0.849376,NA,3178835-11-13,2006
US1_2006,283,289.261111111111,293.15,285.372222222222,0,NA,NA,NA,NA,3179072-06-03,2006
US1_2006,284,281.483333333333,289.816666666667,272.594444444444,6.76157407407407e-05,NA,NA,3.173984,NA,3179308-12-23,2006
US1_2006,285,275.927777777778,280.927777777778,270.927777777778,2.05787037037037e-05,NA,NA,3.308096,NA,3179545-07-14,2006
US1_2006,286,278.15,284.816666666667,271.483333333333,NA,NA,NA,NA,NA,3179782-02-01,2006
US1_2006,287,278.705555555556,285.372222222222,272.038888888889,0,NA,NA,2.548128,NA,3180018-08-23,2006
US1_2006,288,278.705555555556,286.483333333333,270.372222222222,0,NA,NA,0.89408,NA,3180255-03-14,2006
US1_2006,289,284.261111111111,285.372222222222,282.594444444444,NA,NA,NA,2.369312,NA,3180491-10-02,2006
US1_2006,290,286.483333333333,289.261111111111,283.705555555556,0.000632060185185185,NA,NA,2.503424,NA,3180728-04-23,2006
US1_2006,291,286.483333333333,292.594444444444,280.372222222222,0,NA,NA,1.519936,NA,3180964-11-11,2006
US1_2006,292,279.261111111111,280.372222222222,277.594444444444,NA,NA,NA,1.698752,NA,3181201-06-02,2006
US1_2006,293,280.372222222222,287.594444444444,272.594444444444,NA,NA,NA,1.877568,NA,3181437-12-22,2006
US1_2006,294,284.816666666667,291.483333333333,278.15,0,NA,NA,1.832864,NA,3181674-07-12,2006
US1_2006,295,278.15,282.038888888889,274.261111111111,3.82175925925926e-05,NA,NA,3.79984,NA,3181911-02-01,2006
US1_2006,296,276.483333333333,279.261111111111,273.705555555556,0,NA,NA,2.190496,NA,3182147-08-22,2006
US1_2006,297,277.038888888889,282.038888888889,271.483333333333,0,NA,NA,1.028192,NA,3182384-03-12,2006
US1_2006,298,278.15,284.816666666667,271.483333333333,0,NA,NA,1.609344,NA,3182620-10-01,2006
US1_2006,299,280.372222222222,282.038888888889,278.15,0.000117592592592593,NA,NA,2.2352,NA,3182857-04-21,2006
US1_2006,300,279.816666666667,281.483333333333,278.15,5.58564814814815e-05,NA,NA,2.548128,NA,3183093-11-10,2006
US1_2006,301,280.927777777778,285.372222222222,275.927777777778,4.7037037037037e-05,NA,NA,3.397504,NA,3183330-06-01,2006
US1_2006,302,282.594444444444,289.816666666667,274.816666666667,0,NA,NA,1.519936,NA,3183566-12-21,2006
US1_2006,303,287.038888888889,295.927777777778,278.15,0,NA,NA,4.157472,NA,3183803-07-12,2006
US1_2006,304,282.038888888889,288.705555555556,274.816666666667,5.87962962962963e-06,NA,NA,NA,NA,3184040-01-30,2006
US1_2007,1,NA,NA,NA,NA,NA,NA,NA,NA,NA,2007
US1_2007,2,NA,NA,NA,NA,NA,NA,NA,NA,NA,2007
US1_2007,3,NA,NA,NA,NA,NA,NA,NA,NA,NA,2007
US1_2007,4,NA,NA,NA,NA,NA,NA,NA,NA,NA,2007
US1_2007,5,NA,NA,NA,NA,NA,NA,NA,NA,NA,2007
US1_2007,6,NA,NA,NA,NA,NA,NA,NA,NA,NA,2007
US1_2007,7,NA,NA,NA,NA,NA,NA,NA,NA,NA,2007
US1_2007,8,NA,NA,NA,NA,NA,NA,NA,NA,NA,2007
US1_2007,9,NA,NA,NA,NA,NA,NA,NA,NA,NA,2007
US1_2007,10,NA,NA,NA,NA,NA,NA,NA,NA,NA,2007
US1_2007,11,NA,NA,NA,NA,NA,NA,NA,NA,NA,2007
US1_2007,12,NA,NA,NA,NA,NA,NA,NA,NA,NA,2007
US1_2007,13,NA,NA,NA,NA,NA,NA,NA,NA,NA,2007
US1_2007,14,NA,NA,NA,NA,NA,NA,NA,NA,NA,2007
US1_2007,15,NA,NA,NA,NA,NA,NA,NA,NA,NA,2007
US1_2007,16,NA,NA,NA,NA,NA,NA,NA,NA,NA,2007
US1_2007,17,NA,NA,NA,NA,NA,NA,NA,NA,NA,2007
US1_2007,18,NA,NA,NA,NA,NA,NA,NA,NA,NA,2007
US1_2007,19,NA,NA,NA,NA,NA,NA,NA,NA,NA,2007
US1_2007,20,NA,NA,NA,NA,NA,NA,NA,NA,NA,2007
US1_2007,21,NA,NA,NA,NA,NA,NA,NA,NA,NA,2007
US1_2007,22,NA,NA,NA,NA,NA,NA,NA,NA,NA,2007
US1_2007,23,NA,NA,NA,NA,NA,NA,NA,NA,NA,2007
US1_2007,24,NA,NA,NA,NA,NA,NA,NA,NA,NA,2007
US1_2007,25,NA,NA,NA,NA,NA,NA,NA,NA,NA,2007
US1_2007,26,NA,NA,NA,NA,NA,NA,NA,NA,NA,2007
US1_2007,27,NA,NA,NA,NA,NA,NA,NA,NA,NA,2007
US1_2007,28,NA,NA,NA,NA,NA,NA,NA,NA,NA,2007
US1_2007,29,NA,NA,NA,NA,NA,NA,NA,NA,NA,2007
US1_2007,30,NA,NA,NA,NA,NA,NA,NA,NA,NA,2007
US1_2007,31,NA,NA,NA,NA,NA,NA,NA,NA,NA,2007
US1_2007,32,NA,NA,NA,NA,NA,NA,NA,NA,NA,2007
US1_2007,33,NA,NA,NA,NA,NA,NA,NA,NA,NA,2007
US1_2007,34,NA,NA,NA,NA,NA,NA,NA,NA,NA,2007
US1_2007,35,NA,NA,NA,NA,NA,NA,NA,NA,NA,2007
US1_2007,36,NA,NA,NA,NA,NA,NA,NA,NA,NA,2007
US1_2007,37,NA,NA,NA,NA,NA,NA,NA,NA,NA,2007
US1_2007,38,NA,NA,NA,NA,NA,NA,NA,NA,NA,2007
US1_2007,39,NA,NA,NA,NA,NA,NA,NA,NA,NA,2007
US1_2007,40,NA,NA,NA,NA,NA,NA,NA,NA,NA,2007
US1_2007,41,NA,NA,NA,NA,NA,NA,NA,NA,NA,2007
US1_2007,42,NA,NA,NA,NA,NA,NA,NA,NA,NA,2007
US1_2007,43,NA,NA,NA,NA,NA,NA,NA,NA,NA,2007
US1_2007,44,NA,NA,NA,NA,NA,NA,NA,NA,NA,2007
US1_2007,45,NA,NA,NA,NA,NA,NA,NA,NA,NA,2007
US1_2007,46,NA,NA,NA,NA,NA,NA,NA,NA,NA,2007
US1_2007,47,NA,NA,NA,NA,NA,NA,NA,NA,NA,2007
US1_2007,48,NA,NA,NA,NA,NA,NA,NA,NA,NA,2007
US1_2007,49,NA,NA,NA,NA,NA,NA,NA,NA,NA,2007
US1_2007,50,NA,NA,NA,NA,NA,NA,NA,NA,NA,2007
US1_2007,51,NA,NA,NA,NA,NA,NA,NA,NA,NA,2007
US1_2007,52,NA,NA,NA,NA,NA,NA,NA,NA,NA,2007
US1_2007,53,NA,NA,NA,NA,NA,NA,NA,NA,NA,2007
US1_2007,54,NA,NA,NA,NA,NA,NA,NA,NA,NA,2007
US1_2007,55,NA,NA,NA,NA,NA,NA,NA,NA,NA,2007
US1_2007,56,NA,NA,NA,NA,NA,NA,NA,NA,NA,2007
US1_2007,57,NA,NA,NA,NA,NA,NA,NA,NA,NA,2007
US1_2007,58,NA,NA,NA,NA,NA,NA,NA,NA,NA,2007
US1_2007,59,NA,NA,NA,NA,NA,NA,NA,NA,NA,2007
US1_2007,60,NA,NA,NA,NA,NA,NA,NA,NA,NA,2007
US1_2007,61,NA,NA,NA,NA,NA,NA,NA,NA,NA,2007
US1_2007,62,NA,NA,NA,NA,NA,NA,NA,NA,NA,2007
US1_2007,63,NA,NA,NA,NA,NA,NA,NA,NA,NA,2007
US1_2007,64,NA,NA,NA,NA,NA,NA,NA,NA,NA,2007
US1_2007,65,NA,NA,NA,NA,NA,NA,NA,NA,NA,2007
US1_2007,66,NA,NA,NA,NA,NA,NA,NA,NA,NA,2007
US1_2007,67,NA,NA,NA,NA,NA,NA,NA,NA,NA,2007
US1_2007,68,NA,NA,NA,NA,NA,NA,NA,NA,NA,2007
US1_2007,69,NA,NA,NA,NA,NA,NA,NA,NA,NA,2007
US1_2007,70,NA,NA,NA,NA,NA,NA,NA,NA,NA,2007
US1_2007,71,NA,NA,NA,NA,NA,NA,NA,NA,NA,2007
US1_2007,72,NA,NA,NA,NA,NA,NA,NA,NA,NA,2007
US1_2007,73,NA,NA,NA,NA,NA,NA,NA,NA,NA,2007
US1_2007,74,NA,NA,NA,NA,NA,NA,NA,NA,NA,2007
US1_2007,75,NA,NA,NA,NA,NA,NA,NA,NA,NA,2007
US1_2007,76,NA,NA,NA,NA,NA,NA,NA,NA,NA,2007
US1_2007,77,NA,NA,NA,NA,NA,NA,NA,NA,NA,2007
US1_2007,78,NA,NA,NA,NA,NA,NA,NA,NA,NA,2007
US1_2007,79,NA,NA,NA,NA,NA,NA,NA,NA,NA,2007
US1_2007,80,NA,NA,NA,NA,NA,NA,NA,NA,NA,2007
US1_2007,81,NA,NA,NA,NA,NA,NA,NA,NA,NA,2007
US1_2007,82,NA,NA,NA,NA,NA,NA,NA,NA,NA,2007
US1_2007,83,NA,NA,NA,NA,NA,NA,NA,NA,NA,2007
US1_2007,84,NA,NA,NA,NA,NA,NA,NA,NA,NA,2007
US1_2007,85,NA,NA,NA,NA,NA,NA,NA,NA,NA,2007
US1_2007,86,NA,NA,NA,NA,NA,NA,NA,NA,NA,2007
US1_2007,87,NA,NA,NA,NA,NA,NA,NA,NA,NA,2007
US1_2007,88,NA,NA,NA,NA,NA,NA,NA,NA,NA,2007
US1_2007,89,NA,NA,NA,NA,NA,NA,NA,NA,NA,2007
US1_2007,90,NA,NA,NA,NA,NA,NA,NA,NA,NA,2007
US1_2007,91,NA,NA,NA,NA,NA,NA,NA,NA,NA,2007
US1_2007,92,NA,NA,NA,NA,NA,NA,NA,NA,NA,2007
US1_2007,93,NA,NA,NA,NA,NA,NA,NA,NA,NA,2007
US1_2007,94,NA,NA,NA,NA,NA,NA,NA,NA,NA,2007
US1_2007,95,NA,NA,NA,NA,NA,NA,NA,NA,NA,2007
US1_2007,96,NA,NA,NA,NA,NA,NA,NA,NA,NA,2007
US1_2007,97,NA,NA,NA,NA,NA,NA,NA,NA,NA,2007
US1_2007,98,NA,NA,NA,NA,NA,NA,NA,NA,NA,2007
US1_2007,99,NA,NA,NA,NA,NA,NA,NA,NA,NA,2007
US1_2007,100,NA,NA,NA,NA,NA,NA,NA,NA,NA,2007
US1_2007,101,NA,NA,NA,NA,NA,NA,NA,NA,NA,2007
US1_2007,102,NA,NA,NA,NA,NA,NA,NA,NA,NA,2007
US1_2007,103,NA,NA,NA,NA,NA,NA,NA,NA,NA,2007
US1_2007,104,NA,NA,NA,NA,NA,NA,NA,NA,NA,2007
US1_2007,105,NA,NA,NA,NA,NA,NA,NA,NA,NA,2007
US1_2007,106,NA,NA,NA,NA,NA,NA,NA,NA,NA,2007
US1_2007,107,NA,NA,NA,NA,NA,NA,NA,NA,NA,2007
US1_2007,108,NA,NA,NA,NA,NA,NA,NA,NA,NA,2007
US1_2007,109,NA,NA,NA,NA,NA,NA,NA,NA,NA,2007
US1_2007,110,NA,NA,NA,NA,NA,NA,NA,NA,NA,2007
US1_2007,111,NA,NA,NA,NA,NA,NA,NA,NA,NA,2007
US1_2007,112,NA,NA,NA,NA,NA,NA,NA,NA,NA,2007
US1_2007,113,NA,NA,NA,NA,NA,NA,NA,NA,NA,2007
US1_2007,114,NA,NA,NA,NA,NA,NA,NA,NA,NA,2007
US1_2007,115,NA,NA,NA,NA,NA,NA,NA,NA,NA,2007
US1_2007,116,NA,NA,NA,NA,NA,NA,NA,NA,NA,2007
US1_2007,117,NA,NA,NA,NA,NA,NA,NA,NA,NA,2007
US1_2007,118,NA,NA,NA,NA,NA,NA,NA,NA,NA,2007
US1_2007,119,NA,NA,NA,NA,NA,NA,NA,NA,NA,2007
US1_2007,120,NA,NA,NA,NA,NA,NA,NA,NA,NA,2007
US1_2007,121,295.372222222222,302.038888888889,288.705555555556,0,NA,NA,2.995168,NA,3227093-02-13,2007
US1_2007,122,291.483333333333,295.372222222222,287.038888888889,1.76388888888889e-05,NA,NA,1.609344,NA,3227329-09-04,2007
US1_2007,123,290.927777777778,295.372222222222,285.927777777778,0,NA,NA,1.385824,NA,3227566-03-26,2007
US1_2007,124,289.816666666667,293.15,285.927777777778,NA,NA,NA,1.56464,NA,3227802-10-15,2007
US1_2007,125,293.705555555556,298.705555555556,288.15,1.17592592592593e-05,NA,NA,1.162304,NA,3228039-05-05,2007
US1_2007,126,290.927777777778,297.594444444444,284.261111111111,0,NA,NA,1.609344,NA,3228275-11-24,2007
US1_2007,127,292.038888888889,303.15,280.927777777778,0,NA,NA,1.832864,NA,3228512-06-14,2007
US1_2007,128,297.038888888889,303.705555555556,290.372222222222,0,NA,NA,1.34112,NA,3228749-01-03,2007
US1_2007,129,296.483333333333,302.038888888889,290.927777777778,NA,NA,NA,1.1176,NA,3228985-07-24,2007
US1_2007,130,294.816666666667,302.594444444444,287.038888888889,2.93981481481481e-06,NA,NA,0.89408,NA,3229222-02-12,2007
US1_2007,131,293.705555555556,302.594444444444,284.816666666667,0,NA,NA,1.251712,NA,3229458-09-03,2007
US1_2007,132,292.038888888889,300.372222222222,283.15,0,NA,NA,2.637536,NA,3229695-03-24,2007
US1_2007,133,290.372222222222,298.705555555556,281.483333333333,0,NA,NA,1.34112,NA,3229931-10-14,2007
US1_2007,134,293.705555555556,304.261111111111,283.15,0,NA,NA,2.190496,NA,3230168-05-03,2007
US1_2007,135,295.927777777778,304.261111111111,287.038888888889,0,NA,NA,2.950464,NA,3230404-11-22,2007
US1_2007,136,289.261111111111,293.705555555556,284.261111111111,0.000120532407407407,NA,NA,2.548128,NA,3230641-06-13,2007
US1_2007,137,284.261111111111,288.705555555556,279.261111111111,0,NA,NA,2.45872,NA,3230878-01-01,2007
US1_2007,138,285.927777777778,295.372222222222,276.483333333333,0,NA,NA,0.715264,NA,3231114-07-24,2007
US1_2007,139,289.261111111111,299.261111111111,279.261111111111,0,NA,NA,2.548128,NA,3231351-02-11,2007
US1_2007,140,293.705555555556,302.038888888889,284.816666666667,0,NA,NA,1.78816,NA,3231587-09-02,2007
US1_2007,141,293.705555555556,302.594444444444,284.261111111111,0,NA,NA,1.207008,NA,3231824-03-23,2007
US1_2007,142,295.372222222222,304.261111111111,285.927777777778,0,NA,NA,1.654048,NA,3232060-10-11,2007
US1_2007,143,296.483333333333,305.372222222222,287.594444444444,0,NA,NA,1.966976,NA,3232297-05-02,2007
US1_2007,144,296.483333333333,304.816666666667,287.594444444444,0,NA,NA,2.816352,NA,3232533-11-21,2007
US1_2007,145,293.705555555556,298.15,288.705555555556,8.81944444444444e-06,NA,NA,1.028192,NA,3232770-06-12,2007
US1_2007,146,295.372222222222,300.927777777778,289.816666666667,5.87962962962963e-06,NA,NA,1.654048,NA,3233007-01-01,2007
US1_2007,147,294.261111111111,298.15,290.372222222222,3.82175925925926e-05,NA,NA,1.296416,NA,3233243-07-22,2007
US1_2007,148,295.372222222222,300.372222222222,290.372222222222,0.000273402777777778,NA,NA,0.715264,NA,3233480-02-10,2007
US1_2007,149,298.15,304.816666666667,290.927777777778,NA,NA,NA,1.072896,NA,3233716-08-31,2007
US1_2007,150,297.594444444444,304.261111111111,290.927777777778,0,NA,NA,1.475232,NA,3233953-03-22,2007
US1_2007,151,295.372222222222,299.261111111111,291.483333333333,0,NA,NA,1.475232,NA,3234189-10-10,2007
US1_2007,152,297.038888888889,304.261111111111,289.261111111111,5.87962962962963e-06,NA,NA,1.430528,NA,3234426-05-01,2007
US1_2007,153,297.038888888889,302.594444444444,291.483333333333,0,NA,NA,1.877568,NA,3234662-11-20,2007
US1_2007,154,294.816666666667,299.261111111111,289.816666666667,3.2337962962963e-05,NA,NA,2.45872,NA,3234899-06-10,2007
US1_2007,155,292.594444444444,297.038888888889,288.15,NA,NA,NA,2.414016,NA,3235135-12-31,2007
US1_2007,156,290.927777777778,297.038888888889,284.816666666667,0.000102893518518519,NA,NA,1.207008,NA,3235372-07-20,2007
US1_2007,157,292.594444444444,302.038888888889,282.594444444444,NA,NA,NA,1.609344,NA,3235609-02-08,2007
US1_2007,158,300.372222222222,306.483333333333,293.705555555556,0,NA,NA,4.02336,NA,3235845-08-30,2007
US1_2007,159,295.372222222222,299.816666666667,290.927777777778,0,NA,NA,2.592832,NA,3236082-03-20,2007
US1_2007,160,293.15,300.372222222222,285.372222222222,0,NA,NA,0.759968,NA,3236318-10-10,2007
US1_2007,161,293.705555555556,300.927777777778,285.927777777778,0,NA,NA,0.759968,NA,3236555-04-30,2007
US1_2007,162,296.483333333333,304.261111111111,288.15,0,NA,NA,0.849376,NA,3236791-11-19,2007
US1_2007,163,297.038888888889,304.261111111111,289.816666666667,0,NA,NA,1.162304,NA,3237028-06-09,2007
US1_2007,164,298.705555555556,305.372222222222,291.483333333333,0,NA,NA,1.1176,NA,3237264-12-28,2007
US1_2007,165,300.372222222222,307.038888888889,293.15,0,NA,NA,0.983488,NA,3237501-07-20,2007
US1_2007,166,299.261111111111,306.483333333333,292.038888888889,0,NA,NA,NA,NA,3237738-02-07,2007
US1_2007,167,299.816666666667,307.594444444444,292.038888888889,0,NA,NA,NA,NA,3237974-08-29,2007
US1_2007,168,300.927777777778,307.594444444444,294.261111111111,0,NA,NA,15.6464,NA,3238211-03-20,2007
US1_2007,169,298.15,304.261111111111,291.483333333333,0,NA,NA,1.56464,NA,3238447-10-08,2007
US1_2007,170,297.594444444444,302.038888888889,293.15,7.64351851851852e-05,NA,NA,1.654048,NA,3238684-04-28,2007
US1_2007,171,295.927777777778,302.594444444444,288.705555555556,0,NA,NA,1.028192,NA,3238920-11-17,2007
US1_2007,172,296.483333333333,305.372222222222,287.038888888889,0,NA,NA,1.34112,NA,3239157-06-08,2007
US1_2007,173,294.816666666667,299.261111111111,289.816666666667,0.000205787037037037,NA,NA,NA,NA,3239393-12-27,2007
US1_2007,174,293.705555555556,296.483333333333,290.927777777778,0.000273402777777778,NA,NA,NA,NA,3239630-07-18,2007
US1_2007,175,297.038888888889,300.927777777778,292.594444444444,0.000241064814814815,NA,NA,0.89408,NA,3239867-02-06,2007
US1_2007,176,297.594444444444,302.594444444444,292.038888888889,0,NA,NA,0.759968,NA,3240103-08-28,2007
US1_2007,177,298.705555555556,303.15,293.705555555556,2.93981481481481e-06,NA,NA,1.296416,NA,3240340-03-18,2007
US1_2007,178,299.261111111111,303.705555555556,294.261111111111,0.000393935185185185,NA,NA,1.78816,NA,3240576-10-06,2007
US1_2007,179,293.705555555556,297.594444444444,289.816666666667,0.000102893518518519,NA,NA,1.519936,NA,3240813-04-27,2007
US1_2007,180,292.594444444444,297.594444444444,287.594444444444,0.00023224537037037,NA,NA,NA,NA,3241049-11-16,2007
US1_2007,181,294.816666666667,300.372222222222,288.705555555556,0,NA,NA,NA,NA,3241286-06-06,2007
US1_2007,182,294.816666666667,300.372222222222,289.261111111111,0,NA,NA,1.296416,NA,3241522-12-27,2007
US1_2007,183,292.594444444444,298.705555555556,286.483333333333,0,NA,NA,1.028192,NA,3241759-07-17,2007
US1_2007,184,293.705555555556,300.927777777778,286.483333333333,0,NA,NA,0.938784,NA,3241996-02-05,2007
US1_2007,185,297.594444444444,303.15,292.038888888889,0,NA,NA,2.190496,NA,3242232-08-26,2007
US1_2007,186,298.705555555556,303.705555555556,293.705555555556,8.81944444444444e-06,NA,NA,1.34112,NA,3242469-03-16,2007
US1_2007,187,298.15,304.261111111111,291.483333333333,0,NA,NA,0.804672,NA,3242705-10-06,2007
US1_2007,188,297.594444444444,303.705555555556,290.927777777778,0,NA,NA,0.938784,NA,3242942-04-26,2007
US1_2007,189,299.261111111111,304.816666666667,293.15,0,NA,NA,1.832864,NA,3243178-11-15,2007
US1_2007,190,298.705555555556,304.816666666667,292.594444444444,0,NA,NA,1.385824,NA,3243415-06-06,2007
US1_2007,191,298.705555555556,303.15,293.705555555556,1.46990740740741e-05,NA,NA,2.101088,NA,3243651-12-25,2007
US1_2007,192,294.261111111111,298.705555555556,289.261111111111,0,NA,NA,1.654048,NA,3243888-07-15,2007
US1_2007,193,294.261111111111,300.927777777778,287.594444444444,0,NA,NA,2.190496,NA,3244125-02-03,2007
US1_2007,194,294.816666666667,300.372222222222,288.705555555556,8.81944444444444e-06,NA,NA,1.162304,NA,3244361-08-25,2007
US1_2007,195,294.816666666667,302.594444444444,287.038888888889,0,NA,NA,2.369312,NA,3244598-03-15,2007
US1_2007,196,295.372222222222,300.372222222222,289.816666666667,3.82175925925926e-05,NA,NA,1.028192,NA,3244834-10-04,2007
US1_2007,197,294.816666666667,302.594444444444,287.038888888889,0,NA,NA,0.804672,NA,3245071-04-25,2007
US1_2007,198,295.927777777778,299.816666666667,291.483333333333,0.000314560185185185,NA,NA,1.475232,NA,3245307-11-14,2007
US1_2007,199,297.594444444444,303.15,292.038888888889,0.000370416666666667,NA,NA,1.609344,NA,3245544-06-04,2007
US1_2007,200,295.372222222222,300.927777777778,289.816666666667,1.17592592592593e-05,NA,NA,1.430528,NA,3245780-12-23,2007
US1_2007,201,292.594444444444,297.594444444444,287.594444444444,1.76388888888889e-05,NA,NA,1.698752,NA,3246017-07-14,2007
US1_2007,202,293.705555555556,298.705555555556,288.15,0,NA,NA,1.162304,NA,3246254-02-02,2007
US1_2007,203,293.15,298.705555555556,287.594444444444,0,NA,NA,0.759968,NA,3246490-08-23,2007
US1_2007,204,294.261111111111,300.372222222222,288.15,0,NA,NA,0.67056,NA,3246727-03-15,2007
US1_2007,205,294.816666666667,301.483333333333,288.15,0,NA,NA,0.491744,NA,3246963-10-03,2007
US1_2007,206,296.483333333333,302.038888888889,290.372222222222,0,NA,NA,0.581152,NA,3247200-04-23,2007
US1_2007,207,296.483333333333,302.594444444444,290.372222222222,0,NA,NA,0.983488,NA,3247436-11-12,2007
US1_2007,208,296.483333333333,299.261111111111,293.705555555556,2.93981481481481e-06,NA,NA,1.028192,NA,3247673-06-02,2007
US1_2007,209,297.038888888889,300.927777777778,293.15,0.000223425925925926,NA,NA,1.251712,NA,3247909-12-23,2007
US1_2007,210,297.594444444444,302.594444444444,292.594444444444,0,NA,NA,1.385824,NA,3248146-07-13,2007
US1_2007,211,297.038888888889,302.594444444444,290.927777777778,0,NA,NA,1.385824,NA,3248383-02-01,2007
US1_2007,212,298.15,304.261111111111,292.038888888889,0,NA,NA,0.983488,NA,3248619-08-23,2007
US1_2007,213,299.261111111111,305.372222222222,293.15,0,NA,NA,NA,NA,3248856-03-12,2007
US1_2007,214,298.705555555556,305.372222222222,292.038888888889,0,NA,NA,NA,NA,3249092-10-01,2007
US1_2007,215,300.372222222222,305.372222222222,294.816666666667,0,NA,NA,NA,NA,3249329-04-22,2007
US1_2007,216,298.705555555556,302.594444444444,294.261111111111,5.87962962962963e-05,NA,NA,NA,NA,3249565-11-11,2007
US1_2007,217,300.372222222222,305.372222222222,294.816666666667,0,NA,NA,NA,NA,3249802-06-02,2007
US1_2007,218,300.927777777778,304.816666666667,297.038888888889,0,NA,NA,NA,NA,3250038-12-21,2007
US1_2007,219,302.594444444444,307.594444444444,297.038888888889,0,NA,NA,NA,NA,3250275-07-12,2007
US1_2007,220,300.927777777778,305.927777777778,295.927777777778,0,NA,NA,NA,NA,3250512-01-31,2007
US1_2007,221,300.927777777778,305.927777777778,295.927777777778,0,NA,NA,NA,NA,3250748-08-21,2007
US1_2007,222,299.816666666667,305.372222222222,294.261111111111,0,NA,NA,NA,NA,3250985-03-11,2007
US1_2007,223,299.261111111111,305.927777777778,292.038888888889,0,NA,NA,NA,NA,3251221-09-30,2007
US1_2007,224,301.483333333333,309.261111111111,293.15,0,NA,NA,NA,NA,3251458-04-21,2007
US1_2007,225,299.261111111111,305.927777777778,292.594444444444,0,NA,NA,NA,NA,3251694-11-09,2007
US1_2007,226,297.594444444444,304.816666666667,290.372222222222,4.40972222222222e-05,NA,NA,NA,NA,3251931-06-01,2007
US1_2007,227,299.261111111111,304.261111111111,294.261111111111,4.7037037037037e-05,NA,NA,NA,NA,3252167-12-20,2007
US1_2007,228,298.15,301.483333333333,294.261111111111,NA,NA,NA,NA,NA,3252404-07-10,2007
US1_2007,229,297.038888888889,302.594444444444,290.927777777778,2.93981481481481e-05,NA,NA,NA,NA,3252641-01-29,2007
US1_2007,230,293.705555555556,299.261111111111,288.15,0,NA,NA,NA,NA,3252877-08-19,2007
US1_2007,231,298.15,304.261111111111,291.483333333333,1.46990740740741e-05,NA,NA,NA,NA,3253114-03-11,2007
US1_2007,232,298.705555555556,302.038888888889,295.372222222222,5.29166666666667e-05,NA,NA,NA,NA,3253350-09-29,2007
US1_2007,233,300.372222222222,304.816666666667,295.372222222222,0.000123472222222222,NA,NA,NA,NA,3253587-04-20,2007
US1_2007,234,300.927777777778,307.038888888889,294.816666666667,0,NA,NA,NA,NA,3253823-11-09,2007
US1_2007,235,300.927777777778,308.15,293.15,0,NA,NA,NA,NA,3254060-05-29,2007
US1_2007,236,300.927777777778,307.594444444444,293.705555555556,0,NA,NA,NA,NA,3254296-12-18,2007
US1_2007,237,297.038888888889,300.927777777778,292.594444444444,6.46759259259259e-05,NA,NA,NA,NA,3254533-07-09,2007
US1_2007,238,295.372222222222,300.927777777778,289.261111111111,NA,NA,NA,NA,NA,3254770-01-28,2007
US1_2007,239,296.483333333333,304.816666666667,288.15,0,NA,NA,NA,NA,3255006-08-19,2007
US1_2007,240,299.261111111111,308.15,290.372222222222,0,NA,NA,NA,NA,3255243-03-09,2007
US1_2007,241,300.372222222222,308.705555555556,292.038888888889,0,NA,NA,NA,NA,3255479-09-28,2007
US1_2007,242,295.372222222222,300.927777777778,289.261111111111,0,NA,NA,NA,NA,3255716-04-18,2007
US1_2007,243,294.261111111111,300.927777777778,287.594444444444,0,NA,NA,NA,NA,3255952-11-07,2007
US1_2007,244,294.816666666667,302.594444444444,287.038888888889,0,NA,NA,NA,NA,3256189-05-28,2007
US1_2007,245,296.483333333333,305.372222222222,287.594444444444,0,NA,NA,NA,NA,3256425-12-17,2007
US1_2007,246,297.594444444444,307.038888888889,287.594444444444,0,NA,NA,NA,NA,3256662-07-08,2007
US1_2007,247,298.705555555556,308.705555555556,288.705555555556,0,NA,NA,NA,NA,3256899-01-26,2007
US1_2007,248,299.261111111111,307.038888888889,291.483333333333,0,NA,NA,NA,NA,3257135-08-18,2007
US1_2007,249,298.15,302.594444444444,293.705555555556,0,NA,NA,NA,NA,3257372-03-07,2007
US1_2007,250,298.705555555556,303.705555555556,293.705555555556,9.40740740740741e-05,NA,NA,NA,NA,3257608-09-26,2007
US1_2007,251,295.372222222222,297.038888888889,293.15,8.23148148148148e-05,NA,NA,NA,NA,3257845-04-17,2007
US1_2007,252,296.483333333333,302.594444444444,290.372222222222,0.000305740740740741,NA,NA,NA,NA,3258081-11-05,2007
US1_2007,253,295.927777777778,302.594444444444,289.261111111111,0,NA,NA,NA,NA,3258318-05-28,2007
US1_2007,254,292.038888888889,298.15,285.372222222222,4.7037037037037e-05,NA,NA,NA,NA,3258554-12-16,2007
US1_2007,255,289.261111111111,295.372222222222,282.594444444444,0,NA,NA,NA,NA,3258791-07-07,2007
US1_2007,256,291.483333333333,301.483333333333,281.483333333333,0,NA,NA,NA,NA,3259028-01-26,2007
US1_2007,257,288.705555555556,294.816666666667,282.038888888889,0,NA,NA,NA,NA,3259264-08-15,2007
US1_2007,258,285.372222222222,292.038888888889,278.15,0,NA,NA,NA,NA,3259501-03-07,2007
US1_2007,259,290.372222222222,297.038888888889,283.15,0,NA,NA,NA,NA,3259737-09-25,2007
US1_2007,260,293.705555555556,303.15,283.705555555556,0,NA,NA,NA,NA,3259974-04-16,2007
US1_2007,261,296.483333333333,305.927777777778,286.483333333333,0,NA,NA,NA,NA,3260210-11-05,2007
US1_2007,262,296.483333333333,304.261111111111,288.705555555556,0,NA,NA,NA,NA,3260447-05-26,2007
US1_2007,263,298.705555555556,305.372222222222,291.483333333333,NA,NA,NA,NA,NA,3260683-12-15,2007
US1_2007,264,298.705555555556,306.483333333333,290.372222222222,0,NA,NA,NA,NA,3260920-07-05,2007
US1_2007,265,295.927777777778,302.038888888889,289.816666666667,0,NA,NA,NA,NA,3261157-01-24,2007
US1_2007,266,297.594444444444,306.483333333333,288.15,0,NA,NA,NA,NA,3261393-08-14,2007
US1_2007,267,299.261111111111,307.038888888889,291.483333333333,0,NA,NA,NA,NA,3261630-03-05,2007
US1_2007,268,297.594444444444,300.927777777778,293.705555555556,5.58564814814815e-05,NA,NA,NA,NA,3261866-09-24,2007
US1_2007,269,290.927777777778,294.816666666667,286.483333333333,1.46990740740741e-05,NA,NA,NA,NA,3262103-04-15,2007
US1_2007,270,292.038888888889,299.816666666667,283.705555555556,5.87962962962963e-06,NA,NA,NA,NA,3262339-11-04,2007
US1_2007,271,292.038888888889,300.927777777778,283.15,0,NA,NA,NA,NA,3262576-05-24,2007
US1_2007,272,293.15,302.594444444444,283.705555555556,0,NA,NA,NA,NA,3262812-12-13,2007
US1_2007,273,293.15,303.15,283.15,0,NA,NA,NA,NA,3263049-07-04,2007
US1_2007,274,291.483333333333,294.816666666667,287.594444444444,4.40972222222222e-05,NA,NA,NA,NA,3263286-01-22,2007
US1_2007,275,293.705555555556,303.15,284.261111111111,0,NA,NA,NA,NA,3263522-08-14,2007
US1_2007,276,293.15,298.705555555556,287.038888888889,0.000173449074074074,NA,NA,NA,NA,3263759-03-04,2007
US1_2007,277,295.372222222222,304.261111111111,286.483333333333,0,NA,NA,NA,NA,3263995-09-23,2007
US1_2007,278,298.705555555556,305.372222222222,292.038888888889,0,NA,NA,NA,NA,3264232-04-13,2007
US1_2007,279,298.705555555556,305.372222222222,292.038888888889,0,NA,NA,NA,NA,3264468-11-01,2007
US1_2007,280,299.261111111111,306.483333333333,292.038888888889,0,NA,NA,NA,NA,3264705-05-24,2007
US1_2007,281,298.15,305.372222222222,290.372222222222,0,NA,NA,NA,NA,3264941-12-12,2007
US1_2007,282,292.038888888889,299.261111111111,284.816666666667,5.58564814814815e-05,NA,NA,NA,NA,3265178-07-03,2007
US1_2007,283,283.15,286.483333333333,279.816666666667,0,NA,NA,NA,NA,3265415-01-22,2007
US1_2007,284,284.261111111111,289.816666666667,278.15,0,NA,NA,NA,NA,3265651-08-12,2007
US1_2007,285,283.705555555556,288.705555555556,278.705555555556,0,NA,NA,NA,NA,3265888-03-02,2007
US1_2007,286,283.705555555556,290.372222222222,277.038888888889,0,NA,NA,NA,NA,3266124-09-21,2007
US1_2007,287,291.483333333333,298.15,284.816666666667,0,NA,NA,NA,NA,3266361-04-12,2007
US1_2007,288,291.483333333333,298.705555555556,283.705555555556,0,NA,NA,NA,NA,3266597-10-31,2007
US1_2007,289,290.372222222222,294.261111111111,285.927777777778,3.2337962962963e-05,NA,NA,NA,NA,3266834-05-22,2007
US1_2007,290,289.816666666667,297.038888888889,282.038888888889,0,NA,NA,NA,NA,3267070-12-11,2007
US1_2007,291,293.705555555556,300.372222222222,287.038888888889,0.000326319444444444,NA,NA,NA,NA,3267307-07-02,2007
US1_2007,292,287.038888888889,288.705555555556,284.816666666667,5.58564814814815e-05,NA,NA,NA,NA,3267544-01-21,2007
US1_2007,293,288.705555555556,297.594444444444,279.816666666667,0,NA,NA,NA,NA,3267780-08-10,2007
US1_2007,294,292.594444444444,299.261111111111,285.927777777778,0,NA,NA,NA,NA,3268017-03-01,2007
US1_2007,295,286.483333333333,290.372222222222,282.038888888889,0,NA,NA,NA,NA,3268253-09-20,2007
US1_2007,296,283.705555555556,286.483333333333,280.372222222222,0.000146990740740741,NA,NA,NA,NA,3268490-04-10,2007
US1_2007,297,282.594444444444,286.483333333333,278.705555555556,0,NA,NA,NA,NA,3268726-10-31,2007
US1_2007,298,281.483333333333,285.372222222222,277.038888888889,0,NA,NA,NA,NA,3268963-05-21,2007
US1_2007,299,282.594444444444,285.372222222222,279.261111111111,5.87962962962963e-06,NA,NA,NA,NA,3269199-12-10,2007
US1_2007,300,283.15,288.705555555556,277.038888888889,0.000126412037037037,NA,NA,NA,NA,3269436-06-30,2007
US1_2007,301,281.483333333333,287.594444444444,274.816666666667,0,NA,NA,NA,NA,3269673-01-18,2007
US1_2007,302,280.927777777778,288.705555555556,273.15,0,NA,NA,NA,NA,3269909-08-10,2007
US1_2007,303,283.15,292.038888888889,274.261111111111,0,NA,NA,NA,NA,3270146-02-28,2007
US1_2007,304,284.816666666667,292.038888888889,277.038888888889,0,NA,NA,NA,NA,3270382-09-19,2007
